patient_id,age,gender,heart_rate,systolic_bp,diastolic_bp,respiratory_rate,oxygen_saturation,temperature,glucose,lactate,chest_pain,shortness_of_breath,altered_mental_status,comorbidity,ecg_abnormality,triage_score,risk_level
P00001,69,Male,68.0,91.0,67,21,94.8,38.7,68.9,0.5,Yes,No,Yes,None,Normal,8,High
P00002,32,Male,99.0,118.0,79,20,95.4,36.7,109.7,0.99,No,Yes,No,None,Normal,1,Low
P00003,89,Male,81.0,144.0,100,16,89.0,37.4,85.2,1.2,Yes,No,No,None,Abnormal,9,High
P00004,78,Male,77.0,160.0,79,27,100.0,36.7,89.4,3.72,Yes,Yes,No,None,Normal,6,Medium
P00005,38,Female,69.0,119.0,59,16,96.3,37.2,108.1,3.01,No,No,No,Respiratory,Abnormal,4,Medium
P00006,41,Female,70.0,109.0,80,10,100.0,37.6,74.4,2.02,No,Yes,No,Hypertension,Abnormal,4,Medium
P00007,20,Male,91.0,133.0,90,22,91.8,36.3,59.6,1.73,Yes,Yes,No,Hypertension,Abnormal,9,High
P00008,39,Female,,98.0,76,11,96.3,36.4,60.8,2.15,No,No,No,Hypertension,Abnormal,5,Medium
P00009,70,Female,105.0,121.0,97,18,97.2,37.5,98.8,2.74,No,No,No,Hypertension,Abnormal,6,Medium
P00010,19,Male,74.0,125.0,91,25,96.4,37.1,51.7,1.6,Yes,Yes,No,None,Abnormal,7,Medium
P00011,47,Female,82.0,124.0,77,20,96.7,37.9,202.6,2.02,No,Yes,No,Cardiac,Normal,2,Low
P00012,55,Female,58.0,127.0,79,17,91.8,37.2,152.3,1.53,No,Yes,Yes,Respiratory,Abnormal,9,High
P00013,19,Male,85.0,104.0,50,16,97.0,38.5,143.8,0.68,No,No,Yes,Multiple,Normal,5,Medium
P00014,81,Female,78.0,107.0,96,24,93.5,37.6,79.6,0.5,No,No,No,Hypertension,Normal,6,Medium
P00015,77,Female,84.0,106.0,73,12,94.1,38.5,81.1,1.25,No,Yes,Yes,Hypertension,Normal,7,Medium
P00016,38,Male,114.0,84.0,72,22,96.0,38.4,58.4,1.5,No,No,No,Hypertension,Normal,7,Medium
P00017,50,Female,89.0,134.0,70,29,94.9,36.5,188.5,2.15,No,No,No,None,Normal,1,Low
P00018,75,Female,69.0,147.0,85,21,95.1,38.2,168.7,2.01,No,Yes,No,Diabetes,Normal,4,Medium
P00019,39,Female,71.0,145.0,61,17,99.4,37.8,141.9,0.69,No,No,No,None,Normal,0,Low
P00020,66,Male,97.0,118.0,63,17,95.5,37.7,110.2,1.81,No,No,No,Multiple,Normal,3,Low
P00021,76,Male,111.0,105.0,77,16,94.8,37.9,99.5,1.36,No,No,No,None,Normal,3,Low
P00022,59,Female,91.0,144.0,69,15,95.6,36.8,135.2,1.6,Yes,No,No,None,Normal,1,Low
P00023,77,Female,99.0,141.0,83,19,92.7,37.3,178.9,1.86,Yes,No,Yes,Hypertension,Normal,9,High
P00024,32,Male,97.0,130.0,69,21,96.5,36.7,140.7,2.82,No,No,No,Diabetes,Normal,2,Low
P00025,79,Male,113.0,169.0,102,26,98.2,38.8,70.5,1.43,Yes,No,No,Respiratory,Abnormal,9,High
P00026,79,Female,46.0,124.0,88,8,96.9,36.4,84.3,3.14,No,No,No,None,Normal,3,Low
P00027,64,Male,98.0,119.0,88,8,96.1,36.0,133.7,0.76,No,No,No,Cardiac,Normal,2,Low
P00028,79,Female,105.0,115.0,69,26,97.8,36.3,80.5,1.1,No,No,Yes,Diabetes,Abnormal,10,High
P00029,68,Female,58.0,86.0,114,18,94.3,37.0,96.2,1.72,No,No,No,Diabetes,Normal,5,Medium
P00030,72,Male,67.0,142.0,71,19,96.1,37.0,175.4,0.86,No,No,No,None,Normal,1,Low
P00031,81,Male,68.0,122.0,67,21,100.0,37.7,102.4,0.74,Yes,Yes,No,Respiratory,Normal,5,Medium
P00032,20,Female,70.0,138.0,89,17,95.1,37.0,52.0,1.86,No,No,No,None,Abnormal,4,Medium
P00033,68,Female,75.0,,81,28,97.8,36.6,230.4,0.74,No,No,No,None,Normal,2,Low
P00034,24,Male,90.0,115.0,66,20,97.9,37.4,158.5,1.03,No,No,No,Respiratory,Normal,1,Low
P00035,38,Female,102.0,70.0,111,16,93.7,37.9,112.5,1.73,No,No,No,None,Abnormal,8,High
P00036,90,Male,107.0,137.0,93,16,98.1,37.2,114.7,3.16,Yes,Yes,No,None,Normal,6,Medium
P00037,56,Male,68.0,,78,17,94.2,37.7,50.0,1.65,No,No,Yes,None,Normal,5,Medium
P00038,35,Male,68.0,107.0,114,14,97.3,37.1,99.3,1.9,No,No,No,Multiple,Normal,2,Low
P00039,21,Male,111.0,135.0,90,26,94.1,36.8,85.2,0.88,No,No,No,Hypertension,Abnormal,5,Medium
P00040,77,Male,98.0,145.0,78,19,96.8,37.6,118.9,0.96,Yes,No,No,Cardiac,Normal,4,Medium
P00041,31,Female,87.0,101.0,112,12,96.4,37.2,180.1,0.5,No,No,No,None,Normal,0,Low
P00042,26,Male,94.0,117.0,88,20,96.3,37.8,132.6,1.01,No,Yes,No,Hypertension,Normal,2,Low
P00043,70,Male,84.0,162.0,87,25,96.8,38.2,196.2,2.41,No,No,No,Respiratory,Abnormal,5,Medium
P00044,19,Male,95.0,107.0,72,23,94.4,36.9,59.2,1.34,No,No,No,Cardiac,Normal,4,Medium
P00045,77,Male,78.0,127.0,79,14,92.5,37.5,53.3,1.92,Yes,No,No,None,Abnormal,9,High
P00046,88,Male,90.0,70.0,72,12,96.2,37.9,164.7,1.98,No,No,No,Diabetes,Normal,6,Medium
P00047,61,Male,55.0,88.0,100,25,99.3,37.3,119.2,2.39,No,No,No,Cardiac,Normal,6,Medium
P00048,25,Male,71.0,129.0,54,10,97.7,37.4,133.7,3.13,No,No,No,None,Normal,1,Low
P00049,64,Female,71.0,,98,20,97.3,37.1,113.9,2.29,No,No,No,Diabetes,Normal,2,Low
P00050,52,Female,78.0,91.0,65,15,94.5,37.2,122.8,1.61,No,Yes,No,Cardiac,Abnormal,6,Medium
P00051,53,Female,66.0,127.0,77,25,96.6,37.4,142.5,2.44,No,No,No,Respiratory,Normal,2,Low
P00052,67,Female,74.0,116.0,74,13,93.5,36.5,125.1,2.04,Yes,No,No,Hypertension,Abnormal,7,Medium
P00053,21,Male,55.0,149.0,70,14,94.7,35.6,92.1,0.5,Yes,No,Yes,Respiratory,Abnormal,8,High
P00054,19,Female,96.0,95.0,88,21,97.1,36.9,208.2,0.84,Yes,No,Yes,Hypertension,Abnormal,9,High
P00055,23,Male,83.0,136.0,78,22,90.6,36.9,118.8,1.62,No,No,No,Multiple,Normal,4,Medium
P00056,71,Female,51.0,109.0,68,25,100.0,38.3,107.0,1.33,No,Yes,No,None,Normal,3,Low
P00057,21,Female,68.0,131.0,80,20,92.0,37.2,101.2,1.7,No,No,No,None,Abnormal,4,Medium
P00058,71,Male,92.0,127.0,68,20,100.0,37.4,128.6,0.5,No,No,No,None,Abnormal,3,Low
P00059,80,Male,74.0,119.0,70,23,93.5,36.7,105.3,2.47,Yes,No,No,Diabetes,Normal,7,Medium
P00060,35,Female,71.0,137.0,56,11,93.5,36.5,50.0,1.76,Yes,No,No,None,Normal,5,Medium
P00061,61,Female,84.0,126.0,71,14,94.8,36.3,104.8,2.77,No,Yes,Yes,None,Normal,6,Medium
P00062,51,Female,92.0,122.0,85,12,94.7,36.0,71.7,1.82,No,No,No,None,Normal,0,Low
P00063,79,Female,56.0,116.0,79,8,94.2,37.6,125.7,1.96,Yes,Yes,No,None,Normal,4,Medium
P00064,31,Male,96.0,127.0,105,22,94.9,37.2,113.8,0.97,No,No,No,Hypertension,Abnormal,3,Low
P00065,65,Female,69.0,131.0,117,25,96.3,38.2,88.4,0.84,No,Yes,No,Hypertension,Abnormal,6,Medium
P00066,32,Female,85.0,100.0,71,21,93.3,37.4,152.6,1.91,Yes,No,No,None,Abnormal,5,Medium
P00067,89,Female,84.0,116.0,66,20,98.5,37.2,112.2,1.8,No,No,No,None,Abnormal,4,Medium
P00068,79,Female,74.0,,95,18,100.0,35.4,99.9,0.5,No,Yes,No,Diabetes,Abnormal,9,High
P00069,57,Female,65.0,124.0,83,18,90.2,38.5,100.5,2.55,Yes,Yes,No,None,Normal,5,Medium
P00070,70,Male,79.0,110.0,95,26,100.0,37.0,99.6,1.84,No,Yes,No,Multiple,Normal,5,Medium
P00071,41,Male,118.0,144.0,84,26,98.3,35.3,135.3,1.4,No,Yes,No,Respiratory,Abnormal,7,Medium
P00072,43,Male,58.0,142.0,75,15,96.8,37.2,83.8,1.1,No,No,No,Multiple,Abnormal,4,Medium
P00073,77,Male,119.0,102.0,75,24,94.3,36.4,117.8,2.41,Yes,No,No,None,Normal,5,Medium
P00074,58,Male,80.0,,84,24,96.5,36.3,94.8,1.24,Yes,Yes,No,Diabetes,Abnormal,6,Medium
P00075,46,Female,86.0,141.0,75,21,98.7,37.2,89.3,1.99,No,No,No,Respiratory,Normal,1,Low
P00076,32,Male,63.0,121.0,96,20,100.0,36.5,133.9,1.67,No,No,No,None,Normal,0,Low
P00077,62,Male,70.0,107.0,58,20,100.0,37.8,77.6,1.38,No,No,No,Respiratory,Normal,2,Low
P00078,82,Female,75.0,98.0,96,11,91.4,36.9,135.8,0.76,No,No,No,Respiratory,Normal,7,Medium
P00079,88,Male,64.0,146.0,50,10,,37.3,127.4,2.84,No,No,No,None,Abnormal,5,Medium
P00080,26,Male,81.0,148.0,80,22,96.2,37.5,168.1,1.0,Yes,Yes,No,Multiple,Normal,4,Medium
P00081,18,Male,77.0,120.0,73,12,100.0,37.2,50.0,1.11,No,Yes,Yes,Respiratory,Abnormal,9,High
P00082,25,Male,122.0,144.0,55,11,95.7,37.2,155.8,2.87,No,No,No,None,Normal,3,Low
P00083,80,Female,62.0,70.0,47,8,93.7,37.1,102.9,1.72,No,No,Yes,Hypertension,Normal,11,High
P00084,28,Female,87.0,158.0,62,16,,38.2,50.0,2.06,No,No,No,None,Abnormal,4,Medium
P00085,25,Male,90.0,121.0,79,20,94.8,37.7,88.6,3.01,No,No,No,Diabetes,Abnormal,4,Medium
P00086,52,Female,64.0,129.0,69,20,99.0,36.4,135.5,2.99,No,No,No,Hypertension,Normal,2,Low
P00087,52,Male,99.0,117.0,62,22,100.0,36.1,111.6,1.36,No,No,No,Hypertension,Normal,1,Low
P00088,50,Female,77.0,160.0,98,16,98.7,36.4,168.9,2.72,No,No,No,Hypertension,Normal,2,Low
P00089,22,Female,45.0,98.0,60,19,98.9,37.3,101.5,0.52,Yes,No,Yes,Diabetes,Normal,7,Medium
P00090,58,Female,98.0,162.0,88,22,99.7,36.1,113.7,0.5,No,No,No,Hypertension,Normal,1,Low
P00091,45,Female,63.0,135.0,65,20,97.4,36.5,107.6,1.84,Yes,No,No,None,Normal,1,Low
P00092,24,Female,64.0,141.0,61,15,,35.9,74.1,1.73,No,No,No,Hypertension,Normal,2,Low
P00093,90,Female,99.0,117.0,69,19,95.1,37.7,113.9,2.32,Yes,Yes,No,Multiple,Abnormal,8,High
P00094,89,Female,78.0,92.0,87,8,99.3,37.5,106.2,2.23,No,No,No,Hypertension,Normal,5,Medium
P00095,29,Female,103.0,148.0,57,18,96.9,37.7,118.5,2.35,No,No,No,Respiratory,Normal,2,Low
P00096,51,Female,109.0,133.0,82,15,93.1,36.6,117.4,3.08,Yes,No,No,Respiratory,Normal,6,Medium
P00097,50,Female,72.0,159.0,64,26,99.9,35.6,115.1,3.37,Yes,Yes,Yes,Multiple,Normal,10,High
P00098,65,Female,101.0,120.0,66,13,93.7,36.3,118.9,2.5,Yes,No,No,None,Abnormal,7,Medium
P00099,40,Male,70.0,115.0,84,19,92.6,35.9,159.0,1.78,Yes,No,No,Hypertension,Normal,5,Medium
P00100,79,Female,130.0,160.0,111,16,93.4,35.9,75.9,1.64,Yes,No,No,Multiple,Normal,10,High
P00101,54,Male,71.0,173.0,64,15,96.9,37.9,86.0,1.79,Yes,No,No,Respiratory,Normal,2,Low
P00102,61,Female,106.0,,89,20,98.9,36.8,171.7,1.34,Yes,No,No,Diabetes,Normal,4,Medium
P00103,52,Male,102.0,106.0,73,16,96.8,37.2,165.8,2.54,No,No,Yes,None,Normal,5,Medium
P00104,82,Male,91.0,145.0,71,27,94.3,37.9,125.4,2.63,No,No,No,None,Normal,4,Medium
P00105,64,Male,72.0,119.0,94,8,93.6,36.2,196.0,1.29,No,Yes,No,None,Normal,4,Medium
P00106,20,Female,82.0,140.0,65,21,98.3,37.5,134.6,1.67,No,No,No,None,Abnormal,2,Low
P00107,18,Female,45.0,119.0,61,18,95.7,35.8,190.0,0.5,No,No,No,Cardiac,Normal,2,Low
P00108,22,Female,89.0,164.0,85,18,97.0,37.2,173.4,1.73,No,No,No,None,Normal,0,Low
P00109,31,Female,92.0,108.0,102,20,95.6,37.9,180.1,1.83,Yes,No,Yes,Respiratory,Abnormal,7,Medium
P00110,44,Male,88.0,137.0,89,23,96.9,36.1,69.1,0.91,No,Yes,No,None,Normal,2,Low
P00111,26,Female,45.0,113.0,57,19,97.2,37.7,141.7,1.38,Yes,No,No,Diabetes,Normal,2,Low
P00112,32,Female,60.0,118.0,69,23,100.0,37.2,111.7,0.88,No,No,No,None,Normal,1,Low
P00113,59,Female,70.0,115.0,93,18,97.2,36.6,61.5,0.54,Yes,No,No,None,Normal,1,Low
P00114,68,Female,91.0,143.0,102,13,94.8,36.0,168.4,2.99,No,No,Yes,Respiratory,Abnormal,8,High
P00115,80,Female,91.0,148.0,81,18,96.5,37.2,162.8,0.54,No,No,No,Cardiac,Normal,3,Low
P00116,69,Female,82.0,139.0,69,24,93.2,37.4,109.2,1.89,No,No,No,Diabetes,Abnormal,7,Medium
P00117,21,Female,98.0,122.0,103,16,93.1,36.7,90.3,2.58,Yes,No,No,Diabetes,Normal,5,Medium
P00118,40,Female,,129.0,77,13,99.7,36.2,117.3,2.94,No,No,No,Hypertension,Abnormal,4,Medium
P00119,32,Male,97.0,147.0,69,21,96.9,37.6,50.0,0.95,Yes,Yes,No,Cardiac,Normal,5,Medium
P00120,60,Male,94.0,148.0,66,20,99.4,37.9,61.1,2.82,No,Yes,No,None,Abnormal,5,Medium
P00121,46,Female,93.0,70.0,60,14,91.1,37.8,103.0,1.93,No,Yes,No,None,Abnormal,8,High
P00122,53,Female,81.0,118.0,121,17,93.1,38.3,139.6,2.26,No,No,No,Hypertension,Normal,3,Low
P00123,30,Female,122.0,119.0,99,17,96.9,36.5,107.6,3.21,Yes,No,No,Hypertension,Normal,5,Medium
P00124,49,Female,95.0,142.0,68,18,93.5,35.9,92.8,2.29,No,No,No,None,Abnormal,5,Medium
P00125,88,Male,66.0,123.0,104,21,91.7,37.3,81.9,1.06,No,Yes,No,None,Normal,5,Medium
P00126,76,Male,90.0,143.0,86,16,92.8,36.7,212.5,0.5,No,No,No,Multiple,Normal,6,Medium
P00127,45,Female,100.0,98.0,85,21,95.0,37.8,72.0,2.31,No,No,No,None,Abnormal,4,Medium
P00128,83,Male,73.0,132.0,67,15,97.2,36.2,50.0,2.13,Yes,Yes,Yes,Respiratory,Abnormal,12,High
P00129,59,Male,107.0,148.0,70,26,100.0,36.2,92.0,1.16,No,No,No,None,Normal,2,Low
P00130,62,Female,93.0,88.0,77,26,92.8,37.1,135.7,1.95,Yes,No,No,Respiratory,Abnormal,11,High
P00131,79,Female,45.0,188.0,49,14,93.0,37.1,119.3,0.72,No,No,No,Hypertension,Normal,7,Medium
P00132,74,Female,91.0,155.0,71,12,91.6,37.5,85.0,2.09,No,Yes,No,None,Abnormal,6,Medium
P00133,23,Male,77.0,125.0,78,23,97.7,36.9,122.7,0.73,No,No,No,Multiple,Abnormal,5,Medium
P00134,45,Male,96.0,104.0,98,19,96.4,35.5,159.4,2.77,No,No,No,Cardiac,Normal,3,Low
P00135,45,Female,104.0,121.0,69,21,,39.8,123.2,3.48,No,Yes,No,Diabetes,Normal,8,High
P00136,61,Female,89.0,127.0,90,15,93.5,37.0,121.2,2.03,No,No,No,Hypertension,Normal,4,Medium
P00137,47,Male,118.0,136.0,47,17,95.6,39.3,121.3,2.11,No,No,No,None,Normal,2,Low
P00138,79,Male,81.0,163.0,96,16,95.8,36.9,85.2,2.27,No,Yes,No,None,Normal,3,Low
P00139,79,Female,97.0,113.0,64,20,92.9,36.2,133.0,2.02,No,No,No,None,Abnormal,6,Medium
P00140,18,Male,101.0,139.0,80,12,96.5,36.7,156.7,0.92,No,No,No,Hypertension,Normal,2,Low
P00141,44,Female,83.0,93.0,84,18,91.9,37.9,169.1,2.93,No,Yes,No,None,Abnormal,8,High
P00142,79,Female,101.0,115.0,81,12,96.1,37.5,132.2,2.16,No,No,No,Diabetes,Normal,4,Medium
P00143,20,Male,73.0,134.0,76,15,95.5,37.2,115.6,2.25,Yes,No,No,None,Normal,1,Low
P00144,87,Male,77.0,142.0,59,18,97.2,37.0,190.1,2.61,No,No,No,Diabetes,Normal,4,Medium
P00145,89,Male,59.0,106.0,65,21,99.6,37.1,119.8,2.57,No,Yes,No,None,Normal,4,Medium
P00146,44,Female,90.0,114.0,93,21,94.9,36.9,95.6,2.79,Yes,No,No,Respiratory,Normal,3,Low
P00147,26,Female,92.0,162.0,69,22,96.0,38.0,87.4,2.16,Yes,No,No,Cardiac,Normal,2,Low
P00148,79,Female,109.0,154.0,76,11,90.1,37.7,82.9,1.11,Yes,Yes,No,Respiratory,Normal,8,High
P00149,54,Female,101.0,130.0,56,24,100.0,36.2,94.9,2.13,No,No,No,Diabetes,Abnormal,5,Medium
P00150,68,Female,79.0,70.0,91,15,90.4,35.8,192.1,1.78,No,No,No,Cardiac,Normal,8,High
P00151,61,Female,61.0,188.0,58,15,95.8,36.0,84.7,1.1,Yes,No,No,None,Normal,4,Medium
P00152,41,Male,94.0,125.0,92,19,88.4,36.7,176.1,2.96,No,Yes,No,Hypertension,Normal,7,Medium
P00153,76,Female,107.0,117.0,62,16,93.5,37.2,106.8,1.68,Yes,No,Yes,Multiple,Abnormal,13,High
P00154,49,Female,100.0,112.0,93,20,100.0,37.0,156.7,1.98,Yes,No,No,None,Abnormal,3,Low
P00155,69,Female,107.0,134.0,78,21,99.4,37.5,71.9,1.22,Yes,No,No,Hypertension,Abnormal,6,Medium
P00156,79,Female,81.0,135.0,70,14,99.0,37.0,114.3,1.76,No,No,Yes,None,Normal,5,Medium
P00157,75,Male,76.0,149.0,102,17,95.4,38.3,50.4,2.54,Yes,No,No,None,Normal,6,Medium
P00158,69,Female,70.0,102.0,77,17,100.0,37.4,115.9,3.44,No,Yes,No,Multiple,Normal,5,Medium
P00159,29,Male,84.0,117.0,73,23,96.8,37.0,146.5,0.63,No,No,No,None,Normal,1,Low
P00160,56,Male,83.0,176.0,92,16,98.1,35.8,153.7,1.82,No,No,No,Cardiac,Normal,2,Low
P00161,19,Female,89.0,131.0,56,15,100.0,37.3,114.8,0.5,No,No,No,Respiratory,Abnormal,3,Low
P00162,20,Female,82.0,121.0,40,13,99.3,37.4,100.7,1.46,No,Yes,No,Hypertension,Normal,2,Low
P00163,73,Male,82.0,101.0,95,13,95.8,36.4,118.5,1.89,No,No,No,None,Abnormal,3,Low
P00164,76,Male,69.0,138.0,65,11,97.5,36.1,92.1,1.93,No,No,No,Cardiac,Normal,3,Low
P00165,19,Female,104.0,151.0,91,14,100.0,37.9,92.1,3.11,Yes,No,Yes,Diabetes,Normal,7,Medium
P00166,19,Male,87.0,147.0,79,26,97.9,36.2,98.7,1.62,No,No,No,Cardiac,Abnormal,4,Medium
P00167,71,Female,82.0,119.0,61,21,98.3,37.1,124.1,3.05,No,No,No,None,Abnormal,4,Medium
P00168,18,Female,70.0,134.0,87,24,99.9,37.0,172.4,2.0,No,No,No,Hypertension,Normal,2,Low
P00169,36,Male,58.0,167.0,72,13,100.0,37.4,167.0,1.39,No,Yes,No,Diabetes,Abnormal,4,Medium
P00170,19,Female,111.0,152.0,62,8,93.2,36.2,102.3,1.95,No,No,No,None,Normal,3,Low
P00171,70,Female,96.0,105.0,62,20,98.1,36.9,82.4,1.9,No,No,No,Hypertension,Normal,2,Low
P00172,61,Female,53.0,70.0,52,27,97.4,36.2,85.7,1.96,No,Yes,No,Hypertension,Normal,7,Medium
P00173,49,Male,,132.0,84,16,94.8,37.1,55.8,1.24,No,Yes,No,Multiple,Abnormal,7,Medium
P00174,87,Male,,145.0,64,19,94.1,37.4,144.1,1.23,No,Yes,Yes,Multiple,Abnormal,11,High
P00175,49,Male,87.0,98.0,77,10,100.0,37.7,59.3,2.71,No,No,No,Cardiac,Normal,6,Medium
P00176,85,Female,117.0,125.0,75,18,92.9,38.2,50.0,2.64,No,No,No,Diabetes,Abnormal,11,High
P00177,72,Male,89.0,118.0,64,17,91.8,36.8,144.2,1.14,Yes,No,Yes,None,Abnormal,9,High
P00178,73,Male,57.0,128.0,55,8,94.3,36.8,142.4,1.69,Yes,No,No,Cardiac,Normal,3,Low
P00179,34,Male,92.0,111.0,116,13,90.7,38.0,71.8,2.11,Yes,No,Yes,Diabetes,Normal,7,Medium
P00180,55,Female,90.0,157.0,77,12,93.5,37.5,127.1,2.45,No,Yes,Yes,None,Normal,6,Medium
P00181,41,Female,73.0,129.0,105,10,92.8,38.0,62.3,1.95,Yes,Yes,No,None,Normal,4,Medium
P00182,86,Male,96.0,103.0,95,14,96.3,38.6,111.1,2.72,No,No,No,None,Normal,4,Medium
P00183,87,Male,52.0,148.0,73,21,100.0,36.3,129.4,1.74,No,No,No,None,Normal,2,Low
P00184,28,Male,105.0,93.0,81,15,94.2,37.6,142.7,3.04,No,Yes,No,Cardiac,Normal,6,Medium
P00185,33,Female,67.0,157.0,80,24,98.6,36.5,130.8,3.84,No,No,No,None,Normal,2,Low
P00186,90,Male,65.0,150.0,106,16,98.3,38.3,50.0,1.86,No,No,No,None,Normal,4,Medium
P00187,76,Female,83.0,160.0,90,20,89.3,36.0,127.1,2.1,Yes,No,No,None,Normal,7,Medium
P00188,87,Female,94.0,121.0,66,20,94.3,37.7,202.2,1.05,No,No,No,Multiple,Normal,4,Medium
P00189,20,Female,88.0,113.0,83,26,94.9,36.6,130.7,1.66,No,No,No,Multiple,Normal,3,Low
P00190,37,Male,70.0,127.0,90,14,97.1,37.4,59.6,1.94,Yes,Yes,No,Cardiac,Normal,5,Medium
P00191,76,Male,75.0,123.0,60,20,97.7,38.0,86.6,2.36,No,No,No,None,Normal,2,Low
P00192,53,Female,62.0,109.0,85,13,97.0,36.5,94.5,1.64,Yes,Yes,No,Multiple,Normal,4,Medium
P00193,36,Female,81.0,111.0,98,27,93.3,35.8,50.0,2.4,No,No,No,Multiple,Normal,8,High
P00194,84,Female,107.0,116.0,65,13,94.1,36.8,119.0,1.5,Yes,No,No,None,Abnormal,6,Medium
P00195,36,Female,85.0,96.0,67,20,91.5,36.7,101.0,2.61,No,No,No,Diabetes,Normal,6,Medium
P00196,37,Male,102.0,142.0,95,26,96.2,36.0,102.9,2.13,No,Yes,No,Hypertension,Normal,4,Medium
P00197,88,Male,114.0,,73,12,94.9,35.4,110.0,2.1,No,No,No,None,Normal,4,Medium
P00198,69,Female,73.0,117.0,63,21,97.6,38.0,86.1,1.43,Yes,No,Yes,None,Normal,5,Medium
P00199,50,Female,81.0,97.0,91,13,98.1,38.2,149.2,1.73,No,No,No,None,Normal,2,Low
P00200,57,Female,128.0,96.0,87,30,95.0,36.5,122.4,1.5,No,Yes,No,Hypertension,Normal,7,Medium
P00201,56,Male,114.0,173.0,79,9,96.8,36.8,93.6,2.5,No,No,No,None,Abnormal,3,Low
P00202,18,Female,52.0,109.0,95,10,95.4,37.6,132.8,0.72,Yes,No,No,Diabetes,Normal,2,Low
P00203,28,Male,93.0,140.0,96,12,92.7,37.7,129.2,1.23,No,No,No,None,Normal,2,Low
P00204,74,Female,85.0,129.0,77,13,93.6,38.4,76.8,2.77,No,No,No,Hypertension,Normal,5,Medium
P00205,67,Male,102.0,70.0,108,21,89.2,37.5,108.1,1.95,No,No,No,Diabetes,Normal,10,High
P00206,40,Male,70.0,170.0,102,27,94.8,36.2,108.0,2.78,No,No,Yes,None,Normal,5,Medium
P00207,48,Female,68.0,142.0,48,24,94.2,37.6,91.6,2.46,No,No,No,Cardiac,Abnormal,4,Medium
P00208,59,Male,71.0,106.0,63,19,92.7,36.4,60.7,2.55,No,Yes,No,None,Abnormal,6,Medium
P00209,24,Male,74.0,124.0,44,18,98.5,36.9,90.3,2.14,Yes,No,No,Hypertension,Normal,2,Low
P00210,33,Male,101.0,96.0,73,15,97.6,37.9,165.7,1.27,No,Yes,No,None,Normal,4,Medium
P00211,77,Male,61.0,171.0,60,20,97.7,36.3,89.0,1.86,No,No,Yes,Respiratory,Normal,6,Medium
P00212,19,Female,73.0,102.0,66,17,98.1,36.9,151.0,,No,Yes,No,Diabetes,Normal,2,Low
P00213,18,Female,49.0,112.0,94,19,96.0,36.0,113.6,1.67,No,No,No,Cardiac,Normal,1,Low
P00214,65,Female,105.0,107.0,52,14,96.0,36.2,121.7,1.36,No,No,Yes,None,Normal,5,Medium
P00215,29,Female,110.0,127.0,80,12,98.5,36.6,66.0,0.5,Yes,No,No,None,Normal,2,Low
P00216,86,Female,78.0,159.0,80,18,98.0,38.3,161.6,2.14,No,Yes,No,Diabetes,Normal,4,Medium
P00217,54,Male,79.0,170.0,77,18,99.1,37.0,197.4,2.06,No,No,No,Diabetes,Normal,1,Low
P00218,49,Male,94.0,115.0,80,15,95.9,39.1,87.1,2.81,Yes,No,Yes,Cardiac,Normal,7,Medium
P00219,26,Male,114.0,134.0,45,14,93.0,37.8,167.1,0.82,No,No,No,None,Normal,3,Low
P00220,36,Male,93.0,127.0,66,21,96.7,37.8,64.2,2.66,No,No,No,Multiple,Normal,3,Low
P00221,65,Female,71.0,100.0,101,20,94.3,36.1,112.8,0.5,No,No,Yes,Multiple,Normal,6,Medium
P00222,20,Female,53.0,186.0,60,27,98.0,36.9,68.1,1.68,No,No,No,None,Abnormal,5,Medium
P00223,37,Male,63.0,159.0,103,25,96.9,36.1,130.1,3.38,No,Yes,No,None,Normal,3,Low
P00224,41,Female,86.0,130.0,57,12,96.2,36.8,106.8,1.78,No,No,No,Cardiac,Normal,1,Low
P00225,71,Male,72.0,165.0,55,17,94.8,36.6,113.0,1.21,No,No,No,Diabetes,Abnormal,4,Medium
P00226,50,Male,89.0,155.0,64,11,99.0,37.0,167.5,1.73,No,No,Yes,Diabetes,Normal,4,Medium
P00227,41,Female,74.0,127.0,95,9,98.8,37.7,,2.48,No,No,No,Respiratory,Normal,1,Low
P00228,89,Female,64.0,133.0,70,29,94.3,36.8,108.1,1.57,No,No,No,Diabetes,Normal,4,Medium
P00229,53,Female,61.0,163.0,83,25,92.3,37.7,159.3,2.11,Yes,Yes,No,Diabetes,Normal,6,Medium
P00230,55,Female,116.0,101.0,79,15,96.5,35.8,161.0,2.1,No,No,No,Cardiac,Normal,3,Low
P00231,42,Female,103.0,167.0,77,24,99.6,37.4,159.4,2.24,Yes,No,No,None,Normal,3,Low
P00232,35,Female,120.0,119.0,97,25,92.2,36.7,120.9,2.63,No,No,No,Multiple,Abnormal,9,High
P00233,83,Female,96.0,163.0,90,8,97.4,37.2,128.2,3.38,Yes,No,Yes,Hypertension,Abnormal,10,High
P00234,71,Male,76.0,125.0,61,22,93.5,37.7,103.7,1.87,No,No,No,Hypertension,Normal,4,Medium
P00235,52,Female,111.0,133.0,74,16,92.9,35.8,208.4,2.06,No,No,No,Multiple,Normal,6,Medium
P00236,78,Male,84.0,124.0,104,20,98.8,38.2,131.0,0.85,Yes,No,No,None,Normal,3,Low
P00237,58,Male,89.0,112.0,83,33,98.0,36.8,111.7,2.56,No,No,No,None,Normal,4,Medium
P00238,50,Female,84.0,118.0,55,26,95.5,38.5,135.1,2.89,No,No,Yes,Hypertension,Normal,6,Medium
P00239,85,Male,45.0,159.0,56,17,98.4,37.1,125.9,2.35,Yes,No,No,None,Normal,3,Low
P00240,50,Female,117.0,70.0,91,25,98.1,38.1,197.5,0.69,No,No,No,Diabetes,Normal,6,Medium
P00241,31,Male,95.0,94.0,89,8,91.5,37.0,114.1,1.48,No,No,No,Hypertension,Normal,5,Medium
P00242,38,Male,92.0,107.0,64,21,96.3,37.2,145.6,1.84,Yes,No,No,None,Normal,1,Low
P00243,65,Male,84.0,98.0,89,21,100.0,37.1,110.2,1.11,No,Yes,No,Diabetes,Abnormal,7,Medium
P00244,37,Female,88.0,163.0,102,22,97.4,36.8,50.0,3.52,Yes,No,No,Hypertension,Normal,5,Medium
P00245,25,Male,73.0,156.0,100,15,88.2,36.8,115.1,2.13,Yes,No,No,Cardiac,Normal,6,Medium
P00246,24,Male,97.0,140.0,102,20,92.8,37.2,149.1,2.55,No,No,No,None,Normal,3,Low
P00247,84,Male,59.0,109.0,86,22,99.0,37.4,120.4,2.56,No,No,No,None,Normal,3,Low
P00248,34,Female,89.0,158.0,75,8,94.3,37.2,68.8,1.89,No,No,Yes,Diabetes,Normal,4,Medium
P00249,50,Male,96.0,85.0,72,16,99.4,37.4,178.4,0.84,No,No,No,None,Abnormal,5,Medium
P00250,65,Female,81.0,179.0,78,13,100.0,35.8,67.4,2.43,No,No,No,Hypertension,Normal,3,Low
P00251,76,Male,92.0,108.0,65,21,95.3,37.7,84.1,3.41,No,No,No,Respiratory,Normal,4,Medium
P00252,39,Male,65.0,118.0,73,25,94.1,36.4,70.0,1.5,No,Yes,No,Hypertension,Normal,3,Low
P00253,47,Male,66.0,114.0,97,15,93.0,35.7,73.5,1.35,Yes,No,No,Multiple,Normal,6,Medium
P00254,55,Female,90.0,98.0,54,13,98.3,38.5,116.8,2.47,No,No,No,Hypertension,Abnormal,5,Medium
P00255,68,Male,99.0,173.0,55,19,94.2,38.1,139.4,2.54,No,No,No,Hypertension,Normal,3,Low
P00256,71,Male,48.0,145.0,90,12,94.8,37.0,91.5,2.72,No,No,Yes,Respiratory,Normal,6,Medium
P00257,25,Male,95.0,155.0,73,17,92.7,37.9,137.6,1.69,No,Yes,No,Multiple,Normal,5,Medium
P00258,44,Male,74.0,94.0,49,16,94.7,36.7,145.8,1.69,Yes,No,Yes,Multiple,Normal,8,High
P00259,44,Female,81.0,130.0,77,21,93.9,36.6,101.8,0.5,Yes,Yes,No,None,Abnormal,6,Medium
P00260,38,Male,58.0,138.0,75,20,90.1,36.5,54.4,1.84,No,No,No,Multiple,Normal,6,Medium
P00261,47,Male,68.0,132.0,72,19,93.5,36.5,175.6,1.35,No,Yes,No,Diabetes,Abnormal,6,Medium
P00262,45,Male,104.0,96.0,88,26,98.2,36.8,88.2,0.5,No,No,No,None,Normal,4,Medium
P00263,81,Male,86.0,152.0,58,19,100.0,36.4,,3.32,No,No,No,Cardiac,Abnormal,8,High
P00264,86,Female,77.0,128.0,78,16,95.7,34.7,99.4,1.99,No,No,No,Diabetes,Normal,5,Medium
P00265,78,Male,83.0,101.0,75,17,96.1,36.9,138.3,0.5,No,No,No,None,Normal,2,Low
P00266,65,Male,95.0,79.0,79,14,96.9,36.2,144.3,2.1,No,No,No,Respiratory,Normal,5,Medium
P00267,36,Female,94.0,140.0,52,13,,37.2,69.5,3.29,Yes,No,No,Respiratory,Abnormal,5,Medium
P00268,21,Male,83.0,186.0,70,11,93.0,36.8,50.0,2.76,No,No,No,Respiratory,Abnormal,10,High
P00269,52,Male,107.0,100.0,78,24,92.2,37.5,127.2,2.57,No,No,No,Hypertension,Normal,6,Medium
P00270,81,Male,104.0,,86,14,95.8,37.0,135.7,0.81,Yes,No,No,None,Normal,4,Medium
P00271,66,Female,93.0,153.0,106,20,97.2,36.0,159.7,1.36,No,No,Yes,Respiratory,Normal,5,Medium
P00272,34,Male,86.0,93.0,90,17,95.9,36.0,155.1,1.11,No,No,No,Multiple,Normal,4,Medium
P00273,61,Female,98.0,113.0,85,18,91.9,36.0,120.9,,Yes,No,No,Multiple,Abnormal,8,High
P00274,47,Female,91.0,103.0,97,24,98.7,36.3,78.3,2.42,Yes,No,No,Hypertension,Normal,3,Low
P00275,63,Female,106.0,150.0,73,19,95.6,36.4,95.7,2.15,No,No,No,Hypertension,Normal,3,Low
P00276,23,Female,103.0,158.0,101,13,97.7,37.7,105.3,1.07,No,No,No,None,Normal,1,Low
P00277,54,Female,65.0,129.0,95,15,100.0,37.1,78.4,1.65,Yes,No,No,None,Normal,1,Low
P00278,41,Female,63.0,104.0,71,22,91.6,35.5,158.2,2.63,No,Yes,No,Diabetes,Abnormal,8,High
P00279,63,Female,,114.0,107,20,90.8,36.3,156.1,2.21,Yes,No,No,Cardiac,Normal,5,Medium
P00280,70,Male,105.0,109.0,85,23,,37.0,59.2,2.12,Yes,Yes,No,None,Normal,7,Medium
P00281,77,Male,53.0,101.0,111,17,89.9,36.2,102.1,1.1,No,No,No,Hypertension,Normal,7,Medium
P00282,80,Female,93.0,122.0,83,11,94.8,37.1,197.5,1.93,No,No,No,Diabetes,Normal,3,Low
P00283,49,Female,92.0,139.0,70,21,94.3,36.3,161.5,0.89,No,No,No,None,Normal,0,Low
P00284,50,Female,108.0,137.0,66,19,97.1,36.9,,1.14,Yes,No,No,Diabetes,Normal,3,Low
P00285,84,Female,89.0,125.0,73,19,94.0,36.5,158.8,0.62,No,No,No,Diabetes,Abnormal,5,Medium
P00286,35,Female,58.0,126.0,69,11,97.5,37.1,181.0,3.18,No,No,No,Respiratory,Normal,2,Low
P00287,42,Female,66.0,123.0,97,15,92.8,38.2,118.8,3.22,No,No,No,None,Normal,3,Low
P00288,71,Male,61.0,93.0,78,13,92.3,37.7,60.7,1.0,No,No,Yes,Multiple,Normal,10,High
P00289,75,Male,74.0,129.0,54,20,96.1,36.1,149.4,1.18,No,No,Yes,Multiple,Normal,7,Medium
P00290,84,Female,81.0,110.0,81,20,96.3,39.0,151.5,1.55,No,No,Yes,Cardiac,Normal,7,Medium
P00291,63,Female,62.0,91.0,80,18,96.9,37.9,74.8,2.77,No,No,No,Respiratory,Normal,5,Medium
P00292,41,Female,114.0,134.0,71,23,100.0,36.5,125.4,,No,Yes,No,None,Normal,3,Low
P00293,49,Male,58.0,110.0,82,25,99.8,36.3,83.4,2.91,No,Yes,No,Cardiac,Abnormal,6,Medium
P00294,64,Female,112.0,131.0,77,20,97.4,37.3,50.0,3.15,No,No,No,None,Normal,5,Medium
P00295,40,Male,109.0,146.0,88,21,98.4,37.6,123.8,2.19,No,No,No,Multiple,Abnormal,5,Medium
P00296,83,Male,103.0,,87,15,96.8,38.4,173.1,2.04,Yes,Yes,No,Diabetes,Abnormal,8,High
P00297,44,Male,71.0,127.0,83,14,99.5,37.4,127.8,2.89,No,No,No,Cardiac,Normal,2,Low
P00298,19,Female,92.0,80.0,59,23,97.1,36.5,122.1,2.66,Yes,Yes,No,Cardiac,Normal,8,High
P00299,34,Female,59.0,163.0,110,14,94.3,36.6,61.7,2.66,No,No,No,Hypertension,Normal,2,Low
P00300,50,Male,103.0,91.0,55,21,93.7,37.5,140.1,2.18,No,No,No,Diabetes,Normal,6,Medium
P00301,26,Male,84.0,112.0,76,27,99.5,35.9,92.9,2.63,No,Yes,No,Diabetes,Abnormal,7,Medium
P00302,60,Male,77.0,158.0,62,21,95.5,38.2,83.9,1.56,Yes,No,No,Respiratory,Normal,3,Low
P00303,65,Male,61.0,119.0,84,18,100.0,36.6,150.3,1.35,Yes,No,No,Multiple,Normal,4,Medium
P00304,56,Female,45.0,95.0,80,11,92.7,37.8,66.4,,No,No,No,Cardiac,Abnormal,7,Medium
P00305,59,Male,64.0,143.0,75,19,99.8,38.0,106.5,3.62,No,Yes,No,Diabetes,Normal,3,Low
P00306,43,Female,107.0,142.0,101,23,94.7,39.4,,0.97,No,No,No,None,Abnormal,5,Medium
P00307,67,Male,77.0,109.0,95,17,97.2,36.8,103.0,2.55,No,Yes,No,Hypertension,Normal,4,Medium
P00308,42,Female,82.0,112.0,73,23,92.1,36.8,50.0,3.38,Yes,Yes,No,None,Normal,8,High
P00309,41,Male,98.0,114.0,90,20,90.5,36.7,136.7,2.12,No,No,No,Multiple,Normal,4,Medium
P00310,30,Female,121.0,120.0,101,19,100.0,37.1,130.6,1.55,No,No,No,Respiratory,Normal,3,Low
P00311,77,Female,,78.0,95,16,94.7,36.5,202.1,2.24,No,Yes,No,Cardiac,Normal,8,High
P00312,24,Female,66.0,120.0,76,11,99.0,38.0,124.7,1.41,No,No,No,None,Abnormal,2,Low
P00313,74,Male,46.0,170.0,54,16,94.0,37.8,78.9,1.07,No,No,No,Hypertension,Normal,2,Low
P00314,53,Female,132.0,103.0,83,16,99.0,36.8,154.7,,No,No,No,Diabetes,Normal,4,Medium
P00315,62,Male,130.0,110.0,88,21,94.7,36.4,153.8,2.83,Yes,No,No,None,Normal,5,Medium
P00316,37,Female,89.0,95.0,66,18,92.4,36.7,167.3,1.55,No,No,No,Hypertension,Abnormal,7,Medium
P00317,82,Female,60.0,140.0,78,23,97.9,36.6,50.0,1.41,Yes,No,No,Multiple,Normal,8,High
P00318,25,Male,104.0,155.0,77,19,98.8,37.4,87.0,1.97,No,Yes,No,Hypertension,Normal,3,Low
P00319,33,Female,83.0,155.0,99,15,97.9,37.2,78.7,1.72,No,No,No,Multiple,Abnormal,4,Medium
P00320,31,Female,83.0,94.0,106,14,95.6,37.7,176.1,1.15,No,No,No,Respiratory,Normal,3,Low
P00321,32,Male,103.0,137.0,96,15,90.8,38.2,147.2,0.58,No,No,No,Diabetes,Abnormal,6,Medium
P00322,83,Female,92.0,161.0,77,19,92.8,37.2,160.2,,Yes,No,No,None,Normal,5,Medium
P00323,49,Female,61.0,138.0,95,16,93.9,37.5,71.6,0.84,Yes,No,No,Diabetes,Normal,4,Medium
P00324,80,Female,79.0,,88,13,95.2,39.0,120.3,0.97,Yes,No,No,Diabetes,Normal,5,Medium
P00325,68,Female,98.0,113.0,77,23,99.4,37.5,50.0,1.97,No,No,No,Diabetes,Normal,5,Medium
P00326,42,Male,95.0,131.0,109,19,95.6,36.6,70.9,1.16,No,No,No,None,Normal,0,Low
P00327,75,Female,90.0,156.0,67,19,89.7,36.9,119.9,1.18,No,No,No,Diabetes,Abnormal,9,High
P00328,80,Female,104.0,133.0,87,14,88.2,35.7,123.9,0.8,No,Yes,No,Cardiac,Normal,10,High
P00329,79,Female,78.0,94.0,91,13,93.9,37.4,130.7,0.81,No,Yes,No,Hypertension,Normal,8,High
P00330,39,Female,89.0,114.0,74,17,94.5,36.6,89.0,0.79,No,Yes,Yes,None,Abnormal,6,Medium
P00331,75,Female,45.0,155.0,86,8,97.1,36.3,132.0,1.74,Yes,Yes,Yes,None,Normal,7,Medium
P00332,75,Female,76.0,133.0,92,22,91.6,36.3,115.2,2.63,No,Yes,Yes,Hypertension,Normal,10,High
P00333,66,Female,100.0,128.0,82,14,91.9,37.9,177.8,3.0,No,No,Yes,Respiratory,Abnormal,10,High
P00334,69,Female,77.0,111.0,85,17,97.4,36.8,97.9,1.84,No,No,No,Hypertension,Abnormal,4,Medium
P00335,59,Male,76.0,155.0,80,20,100.0,37.6,50.0,2.65,No,No,Yes,None,Normal,6,Medium
P00336,87,Male,64.0,167.0,90,17,90.1,37.3,139.7,1.17,Yes,Yes,No,None,Abnormal,8,High
P00337,32,Male,105.0,,75,12,93.7,37.2,128.4,2.25,Yes,Yes,No,Cardiac,Normal,6,Medium
P00338,71,Male,96.0,161.0,73,26,99.3,36.7,79.4,1.1,No,No,No,None,Abnormal,4,Medium
P00339,77,Female,102.0,116.0,78,10,98.8,37.4,101.9,2.15,No,Yes,No,Hypertension,Normal,5,Medium
P00340,25,Female,50.0,112.0,96,8,93.2,36.7,122.8,1.14,No,No,No,None,Abnormal,4,Medium
P00341,70,Male,82.0,121.0,52,22,99.5,37.1,99.8,1.21,No,Yes,No,None,Abnormal,4,Medium
P00342,77,Male,79.0,126.0,64,11,96.1,37.9,70.6,1.76,No,No,No,None,Abnormal,4,Medium
P00343,22,Male,79.0,161.0,112,24,98.0,38.1,107.0,3.1,No,No,No,Diabetes,Abnormal,5,Medium
P00344,85,Female,73.0,154.0,82,20,93.9,36.7,,2.48,Yes,No,No,Hypertension,Normal,6,Medium
P00345,23,Female,78.0,138.0,72,19,96.9,37.3,100.5,1.22,No,No,No,Diabetes,Abnormal,3,Low
P00346,64,Male,102.0,89.0,90,15,92.5,37.5,123.5,0.96,No,Yes,No,Hypertension,Normal,9,High
P00347,72,Male,47.0,83.0,66,14,94.4,37.2,107.7,1.15,No,No,No,Diabetes,Abnormal,7,Medium
P00348,57,Male,121.0,131.0,46,16,95.1,37.6,65.6,2.32,No,Yes,No,Cardiac,Abnormal,6,Medium
P00349,69,Male,95.0,147.0,83,14,96.4,37.6,110.7,1.97,No,No,No,None,Normal,1,Low
P00350,33,Male,84.0,123.0,67,24,100.0,38.5,97.2,2.32,No,No,No,Hypertension,Normal,2,Low
P00351,30,Female,103.0,173.0,80,14,100.0,38.7,145.3,1.39,Yes,No,Yes,Respiratory,Normal,7,Medium
P00352,47,Male,56.0,98.0,83,21,94.8,36.9,164.4,2.07,No,Yes,No,Multiple,Abnormal,7,Medium
P00353,36,Female,72.0,95.0,80,23,100.0,38.3,150.3,2.02,No,No,No,Multiple,Normal,5,Medium
P00354,34,Male,83.0,108.0,52,14,92.7,37.4,85.6,2.81,No,No,Yes,Multiple,Normal,8,High
P00355,80,Male,112.0,107.0,78,20,97.2,36.9,68.5,3.06,No,No,No,Multiple,Normal,6,Medium
P00356,36,Female,,138.0,85,14,93.9,37.5,54.5,2.52,No,No,No,Cardiac,Abnormal,8,High
P00357,75,Male,94.0,114.0,57,17,94.6,36.8,121.8,2.81,Yes,Yes,No,None,Normal,5,Medium
P00358,72,Female,73.0,86.0,55,16,100.0,37.0,86.6,1.78,No,No,No,Hypertension,Normal,5,Medium
P00359,79,Female,95.0,147.0,62,15,94.8,36.1,70.5,1.24,No,Yes,Yes,None,Normal,6,Medium
P00360,40,Male,119.0,81.0,89,19,94.1,37.1,193.5,1.78,No,No,No,None,Abnormal,6,Medium
P00361,26,Male,105.0,98.0,48,12,93.0,37.7,134.4,1.69,No,No,No,Multiple,Normal,7,Medium
P00362,29,Female,83.0,84.0,90,23,93.7,37.6,128.4,1.64,Yes,No,No,Multiple,Abnormal,11,High
P00363,18,Female,99.0,130.0,84,13,91.7,37.3,126.5,1.79,No,No,No,None,Normal,2,Low
P00364,75,Male,97.0,130.0,74,12,96.7,38.4,179.8,1.66,No,No,No,Diabetes,Abnormal,5,Medium
P00365,18,Female,95.0,173.0,56,17,96.6,38.7,108.3,1.43,Yes,No,No,None,Normal,2,Low
P00366,51,Male,107.0,148.0,66,16,97.0,37.4,139.7,1.7,Yes,No,No,None,Abnormal,4,Medium
P00367,65,Female,107.0,161.0,90,20,96.0,38.3,151.1,2.44,No,No,No,Hypertension,Abnormal,5,Medium
P00368,18,Male,82.0,132.0,97,18,94.3,37.3,189.3,1.11,Yes,No,No,Diabetes,Abnormal,4,Medium
P00369,33,Female,98.0,101.0,63,10,94.0,37.1,114.9,2.88,No,No,No,Multiple,Normal,3,Low
P00370,78,Female,77.0,128.0,95,23,96.5,37.8,164.4,2.67,No,No,No,Cardiac,Abnormal,7,Medium
P00371,81,Male,67.0,140.0,88,17,95.8,36.9,50.0,1.87,No,No,No,Multiple,Normal,6,Medium
P00372,80,Female,80.0,143.0,78,19,94.1,35.1,199.7,0.5,Yes,No,No,None,Abnormal,6,Medium
P00373,86,Female,83.0,113.0,67,29,95.1,36.8,131.9,0.5,No,Yes,No,Hypertension,Normal,5,Medium
P00374,39,Female,52.0,137.0,69,24,100.0,35.8,145.2,1.89,No,No,No,Multiple,Normal,4,Medium
P00375,84,Female,102.0,102.0,105,19,100.0,36.7,63.6,2.34,Yes,No,No,None,Normal,4,Medium
P00376,43,Female,45.0,99.0,81,11,95.3,36.6,61.1,3.22,No,No,No,Hypertension,Normal,4,Medium
P00377,33,Female,139.0,97.0,98,11,93.8,36.6,89.2,1.48,No,No,No,Cardiac,Normal,7,Medium
P00378,68,Female,115.0,126.0,82,24,95.9,36.2,115.8,1.39,No,No,No,Cardiac,Normal,4,Medium
P00379,74,Male,80.0,,71,16,99.4,36.0,104.8,0.83,No,No,Yes,Respiratory,Abnormal,9,High
P00380,46,Female,85.0,114.0,87,17,95.9,36.5,98.6,2.28,No,No,No,Cardiac,Normal,1,Low
P00381,86,Female,91.0,148.0,110,12,97.1,36.7,107.1,1.81,No,No,No,Multiple,Normal,4,Medium
P00382,64,Male,73.0,99.0,68,20,94.0,36.8,50.0,1.42,No,Yes,No,Cardiac,Normal,7,Medium
P00383,79,Female,89.0,112.0,92,24,92.5,37.2,132.1,,No,No,No,None,Normal,5,Medium
P00384,86,Female,82.0,127.0,81,26,98.3,37.6,108.2,1.72,Yes,No,No,Cardiac,Normal,5,Medium
P00385,33,Male,83.0,131.0,56,16,96.6,36.2,153.0,2.57,Yes,No,No,Diabetes,Normal,3,Low
P00386,65,Female,89.0,113.0,56,21,98.0,36.3,96.0,1.46,Yes,No,No,Hypertension,Normal,3,Low
P00387,56,Female,59.0,145.0,71,18,90.9,38.3,100.1,1.8,No,No,No,Diabetes,Normal,3,Low
P00388,50,Male,86.0,140.0,83,22,100.0,37.6,121.3,2.48,No,No,No,Hypertension,Normal,1,Low
P00389,40,Male,88.0,153.0,91,18,96.8,36.4,142.4,1.59,No,Yes,No,Multiple,Normal,3,Low
P00390,27,Female,88.0,123.0,54,14,90.6,36.0,161.0,1.21,Yes,No,No,None,Abnormal,5,Medium
P00391,86,Female,81.0,112.0,88,25,99.0,36.6,113.4,0.78,No,No,No,Respiratory,Abnormal,6,Medium
P00392,51,Male,108.0,108.0,76,18,94.9,36.8,132.1,0.97,No,No,No,Multiple,Normal,3,Low
P00393,69,Female,78.0,133.0,78,16,96.1,37.5,116.3,1.29,No,No,No,Cardiac,Abnormal,4,Medium
P00394,27,Male,90.0,116.0,87,19,94.6,35.2,103.2,2.57,No,No,No,Cardiac,Normal,3,Low
P00395,36,Male,111.0,111.0,104,14,95.7,36.2,50.0,1.21,No,Yes,No,Diabetes,Normal,5,Medium
P00396,75,Male,83.0,114.0,83,20,95.9,38.4,123.2,1.63,No,No,No,Hypertension,Normal,3,Low
P00397,18,Female,89.0,108.0,58,17,91.0,37.0,78.6,0.98,No,No,No,Cardiac,Abnormal,5,Medium
P00398,86,Male,83.0,130.0,75,14,98.6,37.0,149.8,1.84,Yes,No,No,Hypertension,Abnormal,6,Medium
P00399,21,Male,110.0,90.0,91,30,96.3,36.5,80.3,2.03,No,Yes,No,None,Normal,5,Medium
P00400,33,Male,80.0,133.0,91,13,97.3,37.6,92.3,2.08,No,No,No,Hypertension,Normal,1,Low
P00401,41,Female,111.0,142.0,88,20,98.4,35.6,82.1,3.2,No,No,No,Multiple,Normal,5,Medium
P00402,19,Female,83.0,110.0,70,18,96.4,36.7,136.3,1.79,Yes,No,No,Cardiac,Abnormal,4,Medium
P00403,49,Female,68.0,173.0,57,13,97.0,35.3,102.9,2.03,No,No,No,Multiple,Normal,3,Low
P00404,41,Male,99.0,125.0,87,16,91.6,37.0,137.7,,Yes,No,No,None,Abnormal,5,Medium
P00405,29,Female,79.0,86.0,60,11,93.5,36.6,50.0,3.54,No,No,No,Hypertension,Normal,9,High
P00406,67,Female,97.0,118.0,88,28,96.3,35.7,194.8,2.48,No,Yes,No,Diabetes,Normal,5,Medium
P00407,52,Male,45.0,127.0,88,17,96.6,37.8,74.6,2.51,Yes,No,No,Hypertension,Normal,3,Low
P00408,50,Male,85.0,136.0,71,17,97.2,37.6,145.7,2.67,No,No,No,None,Normal,1,Low
P00409,50,Female,76.0,119.0,76,28,100.0,37.8,135.0,2.4,No,Yes,No,Diabetes,Abnormal,5,Medium
P00410,78,Female,64.0,100.0,81,14,95.7,35.8,143.5,2.71,No,Yes,No,Cardiac,Normal,6,Medium
P00411,68,Male,74.0,98.0,69,24,97.1,36.2,82.3,1.65,Yes,No,No,Hypertension,Abnormal,8,High
P00412,60,Female,74.0,109.0,57,21,96.2,38.0,101.4,3.61,No,Yes,No,None,Abnormal,5,Medium
P00413,29,Male,84.0,111.0,77,8,95.3,37.6,130.9,0.56,No,Yes,No,Hypertension,Abnormal,4,Medium
P00414,84,Male,58.0,97.0,79,16,95.4,38.1,115.2,1.58,No,No,No,Cardiac,Abnormal,7,Medium
P00415,82,Female,91.0,107.0,98,20,93.6,36.8,78.6,3.19,No,No,No,Hypertension,Normal,6,Medium
P00416,50,Female,112.0,141.0,66,18,95.6,36.9,137.9,1.66,No,No,No,Respiratory,Abnormal,4,Medium
P00417,57,Female,91.0,166.0,94,18,95.3,37.5,206.3,2.33,No,No,No,None,Abnormal,2,Low
P00418,60,Female,101.0,144.0,61,15,95.5,35.9,98.1,1.42,Yes,No,No,Respiratory,Abnormal,7,Medium
P00419,61,Male,107.0,158.0,58,14,90.8,37.2,134.5,2.16,No,No,No,Hypertension,Abnormal,7,Medium
P00420,46,Female,110.0,149.0,73,16,95.7,39.0,124.1,1.51,No,No,No,Cardiac,Normal,3,Low
P00421,30,Female,122.0,146.0,64,28,93.4,36.7,100.2,2.73,Yes,No,No,Diabetes,Abnormal,10,High
P00422,29,Female,75.0,117.0,58,13,95.8,35.7,147.3,2.03,No,No,No,None,Normal,1,Low
P00423,63,Male,71.0,129.0,107,16,92.7,37.3,146.7,0.5,No,No,No,Multiple,Abnormal,7,Medium
P00424,19,Female,101.0,114.0,71,18,96.1,36.3,93.0,1.15,No,No,No,Respiratory,Normal,2,Low
P00425,52,Female,99.0,120.0,113,11,95.1,36.9,172.3,1.02,No,No,No,Cardiac,Abnormal,3,Low
P00426,25,Male,101.0,127.0,63,20,94.1,37.9,115.4,2.92,No,No,No,Multiple,Abnormal,6,Medium
P00427,43,Male,123.0,143.0,52,12,,37.4,158.0,0.81,Yes,No,No,Multiple,Abnormal,7,Medium
P00428,51,Male,85.0,136.0,97,13,97.1,36.6,128.8,1.59,Yes,Yes,No,Diabetes,Normal,3,Low
P00429,24,Male,94.0,121.0,67,12,95.9,37.7,116.6,3.49,No,No,Yes,None,Normal,4,Medium
P00430,85,Male,65.0,126.0,80,10,97.7,35.7,114.7,2.8,No,No,No,Cardiac,Normal,5,Medium
P00431,75,Female,128.0,136.0,58,24,94.8,37.2,142.0,1.12,Yes,No,No,Respiratory,Normal,7,Medium
P00432,46,Male,78.0,142.0,77,21,,36.7,71.0,1.09,Yes,No,No,Cardiac,Abnormal,4,Medium
P00433,53,Male,79.0,87.0,57,23,,35.1,129.9,1.02,No,Yes,No,Hypertension,Normal,7,Medium
P00434,38,Male,78.0,98.0,77,22,93.0,36.0,167.4,1.97,No,No,No,Hypertension,Normal,5,Medium
P00435,53,Male,72.0,153.0,71,17,93.6,37.0,135.4,1.4,No,No,No,None,Normal,2,Low
P00436,27,Male,70.0,123.0,81,18,99.5,37.6,50.0,1.98,Yes,No,No,None,Normal,3,Low
P00437,90,Male,75.0,114.0,87,23,100.0,37.0,59.7,2.05,No,No,No,None,Abnormal,7,Medium
P00438,41,Male,58.0,118.0,82,26,98.1,36.8,115.8,1.84,Yes,No,No,Diabetes,Abnormal,5,Medium
P00439,81,Male,69.0,118.0,85,12,94.3,37.6,83.5,1.92,Yes,Yes,No,Hypertension,Abnormal,7,Medium
P00440,66,Female,124.0,139.0,76,31,100.0,37.2,150.6,1.87,Yes,No,No,Hypertension,Normal,8,High
P00441,53,Female,100.0,97.0,71,11,97.8,37.8,96.0,1.18,No,No,No,None,Abnormal,4,Medium
P00442,41,Female,104.0,126.0,85,16,97.0,37.5,137.1,0.64,Yes,No,No,None,Normal,2,Low
P00443,40,Male,109.0,131.0,76,18,100.0,36.4,192.6,1.84,Yes,Yes,Yes,Hypertension,Normal,7,Medium
P00444,79,Male,122.0,135.0,77,19,93.4,37.5,115.9,1.17,No,Yes,No,None,Abnormal,9,High
P00445,54,Male,50.0,131.0,84,28,98.3,37.8,74.5,2.58,No,No,No,None,Normal,2,Low
P00446,29,Female,60.0,138.0,63,23,93.6,38.1,130.8,0.8,No,No,No,Hypertension,Normal,4,Medium
P00447,72,Male,69.0,111.0,99,20,94.2,36.6,126.3,1.51,No,No,No,Respiratory,Normal,2,Low
P00448,30,Male,76.0,101.0,74,23,100.0,36.7,125.0,1.92,No,No,No,None,Normal,1,Low
P00449,40,Male,79.0,186.0,80,20,97.5,37.7,169.7,2.81,No,No,No,None,Normal,3,Low
P00450,47,Female,76.0,117.0,77,15,100.0,37.7,67.6,1.49,No,No,No,None,Abnormal,2,Low
P00451,34,Female,89.0,,88,20,97.6,36.6,155.0,1.95,No,No,No,Cardiac,Normal,1,Low
P00452,79,Male,86.0,142.0,83,18,97.2,36.5,90.8,2.29,Yes,No,No,Multiple,Normal,5,Medium
P00453,30,Female,,165.0,77,14,94.1,36.7,170.2,2.41,Yes,No,No,None,Normal,1,Low
P00454,76,Male,45.0,111.0,100,24,98.9,37.1,50.0,2.09,No,No,No,Multiple,Normal,7,Medium
P00455,36,Male,65.0,100.0,40,18,96.1,36.3,204.2,3.25,Yes,No,No,None,Normal,2,Low
P00456,66,Female,74.0,94.0,97,12,96.2,37.3,104.2,1.48,No,No,No,None,Normal,3,Low
P00457,29,Female,80.0,165.0,92,13,95.2,35.6,66.6,3.18,Yes,No,No,Multiple,Abnormal,7,Medium
P00458,78,Female,62.0,99.0,50,21,95.7,36.3,151.3,2.35,No,No,No,Cardiac,Normal,5,Medium
P00459,36,Female,75.0,124.0,92,23,96.1,37.1,135.5,2.0,No,No,No,Diabetes,Abnormal,4,Medium
P00460,26,Male,62.0,101.0,94,20,96.4,36.3,133.1,2.06,No,No,Yes,Hypertension,Abnormal,6,Medium
P00461,88,Male,82.0,89.0,86,20,95.8,36.7,152.2,2.55,No,Yes,No,Hypertension,Normal,8,High
P00462,45,Female,64.0,118.0,55,14,91.3,36.9,116.5,1.22,No,No,Yes,None,Normal,5,Medium
P00463,69,Female,68.0,102.0,88,18,97.6,38.7,103.3,1.92,No,Yes,No,Multiple,Normal,5,Medium
P00464,33,Male,59.0,108.0,93,16,95.6,36.0,68.6,1.61,No,No,No,Hypertension,Abnormal,3,Low
P00465,86,Male,82.0,175.0,69,17,86.0,37.2,110.4,3.08,Yes,Yes,No,Cardiac,Normal,10,High
P00466,29,Male,68.0,136.0,85,17,91.2,36.2,94.5,1.28,No,Yes,No,Respiratory,Normal,4,Medium
P00467,42,Male,103.0,148.0,73,15,94.6,36.2,114.7,3.4,No,No,No,Hypertension,Normal,3,Low
P00468,69,Female,93.0,146.0,91,22,99.8,36.3,119.5,1.44,No,No,No,None,Abnormal,3,Low
P00469,70,Female,84.0,122.0,73,13,97.8,36.9,184.5,0.69,No,No,No,Hypertension,Normal,2,Low
P00470,40,Female,69.0,114.0,69,12,93.9,38.1,85.1,1.1,No,No,No,Multiple,Normal,4,Medium
P00471,33,Male,93.0,131.0,77,14,95.4,37.9,109.4,1.12,No,Yes,No,Respiratory,Abnormal,4,Medium
P00472,74,Male,99.0,129.0,58,22,99.3,36.6,97.6,3.13,No,Yes,No,Multiple,Normal,5,Medium
P00473,56,Female,88.0,111.0,76,20,94.2,36.8,58.9,0.72,Yes,Yes,No,None,Abnormal,6,Medium
P00474,70,Female,117.0,128.0,83,9,92.7,37.5,231.5,2.06,No,No,No,None,Normal,4,Medium
P00475,59,Female,94.0,107.0,91,21,98.6,37.0,77.6,2.97,No,No,No,Cardiac,Abnormal,4,Medium
P00476,75,Male,103.0,121.0,82,18,99.3,36.5,129.8,4.02,Yes,No,No,Hypertension,Abnormal,10,High
P00477,56,Female,88.0,117.0,57,16,94.2,37.5,183.0,1.71,No,No,No,None,Normal,0,Low
P00478,31,Male,99.0,93.0,98,17,97.5,38.3,65.4,1.89,No,No,No,Diabetes,Normal,3,Low
P00479,22,Female,69.0,70.0,100,11,95.9,37.8,150.0,0.87,No,Yes,No,None,Normal,4,Medium
P00480,52,Female,76.0,102.0,80,19,94.2,38.1,53.4,1.5,No,No,Yes,Diabetes,Abnormal,8,High
P00481,35,Female,92.0,170.0,67,12,99.5,36.9,82.9,3.55,No,No,Yes,Multiple,Normal,6,Medium
P00482,26,Male,92.0,117.0,70,16,94.0,36.1,137.5,2.5,No,No,No,Diabetes,Abnormal,3,Low
P00483,75,Male,95.0,144.0,75,16,98.3,35.4,104.1,2.77,No,No,No,None,Abnormal,6,Medium
P00484,34,Male,107.0,72.0,82,22,,35.3,173.2,2.32,No,No,No,None,Normal,5,Medium
P00485,24,Male,57.0,100.0,73,18,95.5,36.8,120.1,2.65,No,No,No,Hypertension,Normal,2,Low
P00486,63,Male,66.0,91.0,65,22,94.3,37.4,135.8,3.35,Yes,No,No,Diabetes,Normal,6,Medium
P00487,30,Male,90.0,120.0,93,12,93.0,37.7,87.4,1.43,Yes,No,No,None,Normal,3,Low
P00488,57,Female,71.0,186.0,82,17,95.3,37.2,73.5,2.39,No,No,No,None,Normal,2,Low
P00489,59,Male,153.0,137.0,62,21,94.5,36.4,68.8,1.25,No,Yes,No,None,Normal,3,Low
P00490,26,Female,95.0,167.0,82,24,96.3,37.5,77.6,0.5,Yes,No,No,Cardiac,Normal,3,Low
P00491,67,Male,83.0,119.0,80,12,92.4,36.0,87.2,2.01,No,Yes,No,Diabetes,Abnormal,7,Medium
P00492,44,Female,75.0,159.0,67,14,95.5,36.1,161.3,1.9,No,Yes,No,None,Normal,1,Low
P00493,83,Female,75.0,177.0,96,21,97.2,37.5,131.1,1.74,No,No,No,Cardiac,Abnormal,5,Medium
P00494,22,Male,86.0,122.0,80,26,94.0,36.0,63.9,1.29,No,No,No,None,Normal,1,Low
P00495,46,Female,87.0,112.0,75,19,98.2,36.4,98.5,1.91,No,Yes,Yes,Hypertension,Abnormal,7,Medium
P00496,54,Male,76.0,92.0,77,12,98.5,36.2,113.8,2.14,Yes,No,Yes,None,Normal,6,Medium
P00497,55,Male,80.0,117.0,85,13,92.4,37.1,232.3,3.37,No,No,No,None,Normal,3,Low
P00498,25,Male,112.0,127.0,77,19,93.7,37.5,115.3,2.23,No,No,No,None,Normal,3,Low
P00499,82,Male,113.0,176.0,77,20,92.0,37.5,133.1,2.27,Yes,No,No,Cardiac,Abnormal,9,High
P00500,34,Female,90.0,93.0,94,17,97.3,36.5,75.3,1.2,No,No,No,None,Normal,2,Low
P00501,88,Male,58.0,126.0,57,13,96.4,36.9,143.8,1.04,Yes,No,No,None,Normal,3,Low
P00502,62,Female,96.0,80.0,59,24,91.2,37.6,170.2,1.02,No,No,No,Diabetes,Normal,8,High
P00503,21,Female,116.0,114.0,90,16,94.0,36.6,109.0,1.56,No,No,No,None,Normal,1,Low
P00504,53,Female,112.0,133.0,114,21,96.9,36.3,139.6,1.85,No,No,No,Multiple,Abnormal,5,Medium
P00505,87,Male,100.0,138.0,91,9,96.3,36.5,138.0,1.97,No,No,No,Diabetes,Abnormal,5,Medium
P00506,48,Female,113.0,140.0,106,24,99.6,36.5,117.8,1.15,No,No,Yes,Diabetes,Normal,6,Medium
P00507,36,Male,86.0,135.0,71,15,92.5,37.0,166.6,0.5,No,No,No,None,Normal,2,Low
P00508,78,Female,98.0,140.0,68,25,,37.0,83.1,1.46,No,No,No,Hypertension,Abnormal,6,Medium
P00509,71,Male,71.0,126.0,85,21,93.0,36.9,80.1,2.55,Yes,No,No,Respiratory,Normal,6,Medium
P00510,56,Male,91.0,99.0,92,11,96.3,36.4,115.2,1.5,No,No,No,Diabetes,Normal,3,Low
P00511,36,Male,112.0,79.0,58,19,95.5,36.3,100.1,1.74,No,No,No,None,Abnormal,6,Medium
P00512,56,Male,73.0,111.0,75,26,,37.5,50.0,0.52,No,No,No,None,Normal,3,Low
P00513,84,Female,68.0,122.0,78,15,94.8,37.3,85.7,1.9,No,No,No,None,Normal,2,Low
P00514,62,Female,87.0,156.0,68,26,98.3,36.7,50.0,2.13,Yes,Yes,Yes,Respiratory,Abnormal,12,High
P00515,30,Male,80.0,122.0,70,20,93.9,37.0,102.2,1.34,Yes,No,No,None,Normal,3,Low
P00516,75,Female,,120.0,91,25,93.0,38.0,143.5,2.57,No,No,No,Multiple,Normal,8,High
P00517,37,Male,76.0,135.0,85,19,96.7,36.9,117.2,2.76,No,No,No,Respiratory,Normal,2,Low
P00518,89,Male,119.0,118.0,90,17,,37.0,120.3,,No,No,No,None,Abnormal,6,Medium
P00519,78,Female,59.0,145.0,83,27,91.4,38.2,108.8,1.06,No,Yes,No,None,Abnormal,8,High
P00520,56,Male,110.0,174.0,65,22,92.6,37.9,123.5,2.03,No,Yes,No,Diabetes,Abnormal,7,Medium
P00521,18,Male,70.0,,84,17,96.7,36.5,228.0,0.85,No,No,No,None,Normal,0,Low
P00522,20,Male,49.0,127.0,64,20,,37.9,100.9,2.28,No,No,No,Multiple,Normal,2,Low
P00523,79,Male,90.0,133.0,73,15,96.9,36.9,114.5,2.19,No,Yes,No,None,Normal,3,Low
P00524,80,Male,80.0,164.0,62,19,,36.2,80.4,0.5,No,No,No,Multiple,Normal,4,Medium
P00525,42,Female,63.0,121.0,69,24,97.3,38.0,50.0,2.02,No,No,No,Hypertension,Normal,4,Medium
P00526,73,Female,51.0,142.0,79,17,97.5,36.4,125.6,1.64,No,No,No,Hypertension,Normal,2,Low
P00527,50,Female,85.0,97.0,71,14,94.0,36.6,160.3,0.85,No,No,No,Hypertension,Normal,3,Low
P00528,55,Male,105.0,117.0,65,13,98.5,36.7,207.8,1.57,No,No,No,None,Abnormal,3,Low
P00529,23,Male,97.0,154.0,95,18,95.9,38.6,107.5,3.45,No,No,No,Cardiac,Normal,3,Low
P00530,75,Male,86.0,107.0,76,14,90.8,36.2,,2.26,No,Yes,No,None,Abnormal,7,Medium
P00531,61,Male,95.0,122.0,70,11,95.6,36.5,152.4,1.14,No,No,No,Cardiac,Normal,2,Low
P00532,62,Male,84.0,86.0,62,12,94.3,36.7,183.5,1.53,Yes,No,No,Respiratory,Normal,6,Medium
P00533,49,Male,56.0,175.0,50,24,99.9,37.4,65.6,0.5,No,Yes,No,Diabetes,Normal,3,Low
P00534,62,Female,57.0,157.0,75,17,92.0,36.9,141.6,0.94,No,No,Yes,Diabetes,Normal,7,Medium
P00535,78,Male,81.0,130.0,57,18,94.6,36.5,188.1,3.15,No,No,No,None,Normal,3,Low
P00536,64,Female,82.0,138.0,89,13,96.8,37.5,105.0,2.53,No,Yes,No,Hypertension,Abnormal,6,Medium
P00537,38,Male,102.0,135.0,78,15,100.0,38.1,68.7,2.16,Yes,No,No,None,Abnormal,4,Medium
P00538,53,Female,100.0,160.0,101,15,100.0,35.7,146.4,2.11,No,No,No,None,Abnormal,3,Low
P00539,36,Male,97.0,112.0,81,17,95.9,36.5,61.2,2.93,No,No,No,None,Normal,1,Low
P00540,37,Female,79.0,143.0,67,10,97.0,37.4,162.6,2.06,Yes,No,No,Multiple,Normal,3,Low
P00541,74,Female,57.0,152.0,50,23,97.8,36.0,194.6,1.57,Yes,No,No,Cardiac,Normal,4,Medium
P00542,35,Male,93.0,155.0,90,18,93.0,36.9,95.0,1.73,No,No,No,Cardiac,Normal,3,Low
P00543,64,Male,96.0,70.0,59,19,96.0,38.0,181.3,1.59,No,No,No,Respiratory,Abnormal,7,Medium
P00544,66,Female,45.0,110.0,72,23,100.0,37.5,140.3,1.58,No,No,No,None,Normal,2,Low
P00545,31,Male,68.0,100.0,103,22,96.4,37.4,170.4,3.16,No,No,No,Respiratory,Normal,2,Low
P00546,32,Male,71.0,129.0,87,15,100.0,37.6,89.0,0.95,Yes,No,No,Hypertension,Abnormal,4,Medium
P00547,48,Male,87.0,75.0,84,21,94.7,37.3,139.9,1.4,No,No,No,None,Normal,3,Low
P00548,18,Female,69.0,74.0,92,21,95.7,36.7,124.7,0.5,No,No,No,Multiple,Normal,5,Medium
P00549,71,Male,84.0,179.0,92,20,95.8,37.8,83.6,2.61,Yes,Yes,No,Diabetes,Normal,5,Medium
P00550,20,Female,81.0,140.0,102,23,92.1,36.6,100.9,2.07,Yes,No,No,Diabetes,Normal,5,Medium
P00551,33,Female,82.0,128.0,69,22,99.3,36.9,138.0,3.19,No,Yes,No,None,Normal,2,Low
P00552,74,Male,71.0,134.0,72,22,95.0,35.7,70.0,1.29,Yes,Yes,No,Hypertension,Normal,5,Medium
P00553,29,Female,72.0,129.0,64,25,96.8,36.6,66.9,1.16,No,Yes,No,Diabetes,Abnormal,5,Medium
P00554,33,Male,,150.0,78,18,94.2,37.1,63.9,0.87,No,No,No,None,Normal,0,Low
P00555,89,Male,93.0,109.0,76,18,100.0,37.0,84.0,2.16,No,No,No,Cardiac,Normal,3,Low
P00556,41,Female,96.0,130.0,52,22,99.7,37.7,126.5,1.52,No,No,Yes,None,Normal,3,Low
P00557,45,Female,70.0,131.0,68,17,96.2,36.6,94.7,2.04,No,No,No,Diabetes,Abnormal,3,Low
P00558,25,Female,115.0,99.0,100,20,92.3,36.7,166.1,1.46,No,Yes,No,Hypertension,Abnormal,9,High
P00559,53,Female,79.0,157.0,82,15,98.2,36.6,57.2,2.95,Yes,No,No,None,Abnormal,6,Medium
P00560,25,Female,116.0,114.0,89,8,99.2,37.2,135.5,2.81,No,No,No,Cardiac,Normal,3,Low
P00561,75,Male,72.0,,76,21,93.2,38.2,100.3,1.87,No,No,Yes,None,Normal,7,Medium
P00562,77,Female,45.0,128.0,50,10,95.6,35.2,110.8,2.64,No,No,No,None,Normal,4,Medium
P00563,67,Male,93.0,166.0,76,15,96.2,36.6,142.4,1.69,Yes,No,No,Diabetes,Normal,3,Low
P00564,45,Male,90.0,99.0,94,22,99.3,36.7,50.0,1.76,No,No,No,Diabetes,Abnormal,7,Medium
P00565,58,Female,86.0,98.0,60,22,95.5,35.3,50.0,0.5,No,Yes,Yes,None,Normal,9,High
P00566,81,Female,72.0,102.0,89,24,98.9,36.9,112.5,2.21,No,No,No,Diabetes,Normal,4,Medium
P00567,44,Female,84.0,128.0,52,8,93.7,36.7,106.1,1.82,No,No,No,None,Normal,2,Low
P00568,80,Female,75.0,164.0,78,19,92.8,36.6,57.9,2.5,No,Yes,No,Hypertension,Abnormal,10,High
P00569,34,Female,79.0,165.0,86,17,100.0,36.1,195.2,2.37,No,No,No,Cardiac,Normal,1,Low
P00570,90,Male,102.0,70.0,73,23,92.1,36.9,68.7,1.2,No,No,No,None,Abnormal,11,High
P00571,50,Male,89.0,131.0,115,25,93.7,36.1,93.7,1.65,Yes,Yes,No,None,Normal,5,Medium
P00572,46,Male,97.0,70.0,71,11,98.4,36.3,161.0,1.42,Yes,No,Yes,None,Abnormal,9,High
P00573,30,Female,80.0,145.0,69,18,94.4,36.8,88.0,2.64,Yes,Yes,No,Diabetes,Abnormal,6,Medium
P00574,63,Female,78.0,153.0,81,22,94.3,37.8,,3.06,No,No,No,Cardiac,Normal,3,Low
P00575,52,Male,62.0,124.0,67,16,95.4,37.3,130.6,2.44,No,No,No,Cardiac,Normal,1,Low
P00576,23,Female,78.0,127.0,56,27,89.5,37.5,85.3,3.39,Yes,No,No,None,Normal,7,Medium
P00577,86,Female,45.0,127.0,62,16,99.4,38.6,130.8,2.22,No,Yes,No,Multiple,Normal,6,Medium
P00578,64,Female,73.0,105.0,89,16,96.5,37.4,135.5,1.02,No,Yes,No,Multiple,Normal,4,Medium
P00579,42,Male,83.0,136.0,73,13,93.6,36.2,130.2,0.69,No,No,No,Respiratory,Normal,3,Low
P00580,83,Female,96.0,119.0,104,19,90.9,36.5,162.2,1.06,No,No,No,Cardiac,Abnormal,7,Medium
P00581,27,Male,80.0,148.0,71,8,91.9,36.3,99.6,1.44,No,No,No,Diabetes,Normal,3,Low
P00582,73,Female,92.0,122.0,89,17,91.2,36.9,94.8,1.26,Yes,No,No,Diabetes,Normal,5,Medium
P00583,47,Female,45.0,103.0,86,24,96.7,36.7,111.6,1.84,Yes,Yes,No,Multiple,Normal,5,Medium
P00584,22,Male,84.0,87.0,71,11,96.7,36.2,50.0,1.66,No,Yes,No,None,Normal,6,Medium
P00585,50,Female,51.0,,65,10,97.8,37.7,123.5,1.86,No,No,No,Respiratory,Normal,4,Medium
P00586,82,Female,61.0,158.0,52,24,98.2,37.8,101.8,3.75,Yes,No,No,None,Normal,5,Medium
P00587,35,Female,81.0,114.0,86,24,97.9,37.1,130.3,2.5,Yes,No,No,None,Normal,2,Low
P00588,66,Male,111.0,133.0,96,11,100.0,36.2,79.1,2.02,No,No,No,Diabetes,Normal,3,Low
P00589,28,Female,92.0,170.0,54,27,99.6,37.1,168.8,2.65,No,No,No,Hypertension,Normal,3,Low
P00590,43,Female,85.0,111.0,72,20,98.9,36.5,106.7,1.15,No,Yes,No,Cardiac,Normal,2,Low
P00591,80,Female,85.0,109.0,68,23,96.7,38.0,148.4,1.12,No,No,No,None,Normal,3,Low
P00592,76,Female,71.0,122.0,86,14,98.2,36.0,94.7,2.53,Yes,No,No,Diabetes,Normal,5,Medium
P00593,44,Female,74.0,126.0,73,25,94.8,37.5,133.7,1.8,No,No,No,Diabetes,Normal,2,Low
P00594,66,Male,94.0,172.0,98,17,95.3,37.5,52.8,1.9,No,Yes,No,None,Normal,4,Medium
P00595,50,Male,57.0,164.0,72,16,100.0,37.7,50.0,0.89,No,No,No,Diabetes,Abnormal,5,Medium
P00596,18,Female,97.0,141.0,59,20,94.3,37.2,106.7,1.42,No,No,No,Cardiac,Abnormal,3,Low
P00597,38,Female,77.0,161.0,71,16,94.1,36.7,114.2,1.47,No,Yes,No,Hypertension,Normal,2,Low
P00598,72,Male,102.0,121.0,73,10,94.9,38.9,111.2,1.42,No,Yes,No,Hypertension,Abnormal,7,Medium
P00599,23,Female,104.0,132.0,86,19,94.4,36.3,103.4,3.52,No,No,No,Hypertension,Normal,3,Low
P00600,86,Female,52.0,117.0,72,16,,37.6,98.9,3.5,No,No,No,Cardiac,Abnormal,6,Medium
P00601,22,Female,73.0,93.0,85,14,96.7,37.0,142.0,2.71,Yes,Yes,No,Hypertension,Abnormal,8,High
P00602,20,Female,68.0,155.0,66,24,96.8,37.3,186.4,1.88,No,No,No,Cardiac,Abnormal,4,Medium
P00603,70,Female,49.0,138.0,74,30,98.7,37.3,218.5,1.33,No,Yes,No,Hypertension,Normal,4,Medium
P00604,40,Female,64.0,125.0,66,13,100.0,36.1,158.8,0.97,No,No,No,Cardiac,Normal,1,Low
P00605,70,Female,134.0,125.0,65,19,94.9,35.9,50.0,2.07,No,Yes,No,Respiratory,Normal,8,High
P00606,54,Female,97.0,87.0,97,16,95.8,36.0,157.0,,Yes,No,No,None,Normal,5,Medium
P00607,34,Male,123.0,101.0,67,29,90.5,36.6,156.5,2.42,Yes,No,No,Cardiac,Normal,7,Medium
P00608,90,Male,102.0,133.0,73,20,92.1,37.2,111.0,1.88,No,No,No,Respiratory,Normal,6,Medium
P00609,18,Female,70.0,112.0,94,23,95.6,36.5,152.1,2.33,No,No,No,Cardiac,Normal,2,Low
P00610,68,Female,77.0,120.0,89,24,97.4,35.9,129.4,1.78,No,No,No,None,Normal,3,Low
P00611,62,Female,97.0,122.0,103,19,97.5,37.7,114.4,1.58,No,No,Yes,None,Normal,4,Medium
P00612,21,Female,,108.0,85,17,97.9,35.8,125.1,0.99,No,Yes,No,Multiple,Normal,4,Medium
P00613,79,Male,73.0,101.0,69,26,99.8,37.4,92.8,1.54,Yes,No,No,None,Abnormal,6,Medium
P00614,82,Male,55.0,85.0,109,22,100.0,36.4,50.0,2.04,Yes,No,No,None,Normal,8,High
P00615,49,Male,151.0,121.0,87,14,95.3,38.0,50.0,1.47,No,No,No,Hypertension,Normal,5,Medium
P00616,51,Male,82.0,140.0,76,14,93.6,36.6,151.7,0.89,No,Yes,No,Respiratory,Abnormal,6,Medium
P00617,89,Female,78.0,84.0,79,16,98.0,35.6,74.0,1.89,No,No,No,Multiple,Normal,8,High
P00618,56,Female,87.0,124.0,81,24,98.8,37.0,53.8,2.04,No,No,No,Hypertension,Normal,4,Medium
P00619,43,Female,80.0,132.0,74,25,96.4,36.3,53.0,1.5,No,Yes,No,Respiratory,Normal,5,Medium
P00620,51,Male,87.0,100.0,57,29,95.5,37.6,96.0,1.78,No,No,No,Diabetes,Normal,2,Low
P00621,71,Female,111.0,161.0,102,14,94.5,37.3,175.6,0.5,No,No,No,Hypertension,Normal,3,Low
P00622,20,Female,83.0,115.0,78,19,95.9,36.5,109.2,2.39,No,No,No,Hypertension,Normal,1,Low
P00623,67,Male,62.0,122.0,81,16,98.1,36.2,57.8,2.03,No,Yes,No,Respiratory,Normal,5,Medium
P00624,29,Male,82.0,121.0,109,17,94.0,36.1,174.3,2.93,No,No,No,None,Normal,1,Low
P00625,82,Male,76.0,81.0,68,23,93.6,36.5,128.1,1.63,No,No,No,Cardiac,Abnormal,11,High
P00626,71,Male,113.0,150.0,88,18,97.8,38.1,101.1,2.39,Yes,No,Yes,None,Normal,6,Medium
P00627,22,Male,108.0,101.0,66,25,93.5,36.9,134.4,2.74,No,No,No,None,Abnormal,7,Medium
P00628,74,Female,87.0,119.0,83,15,96.5,37.8,115.5,1.82,No,Yes,No,Multiple,Normal,4,Medium
P00629,34,Female,,140.0,81,22,96.3,35.8,86.3,2.08,No,No,No,Multiple,Normal,3,Low
P00630,64,Male,60.0,162.0,90,16,96.0,35.5,93.1,1.91,Yes,No,No,Hypertension,Normal,4,Medium
P00631,40,Female,85.0,98.0,96,9,94.1,36.2,65.5,0.52,No,No,No,None,Abnormal,4,Medium
P00632,31,Female,92.0,114.0,69,13,100.0,37.5,96.2,2.11,Yes,Yes,No,Respiratory,Normal,3,Low
P00633,83,Female,78.0,160.0,99,19,97.2,36.8,152.2,1.05,No,Yes,No,Diabetes,Abnormal,6,Medium
P00634,68,Female,75.0,137.0,100,28,94.5,37.7,151.1,1.11,No,No,No,Hypertension,Abnormal,5,Medium
P00635,55,Male,73.0,142.0,74,16,97.0,38.0,108.0,2.22,Yes,No,No,Multiple,Normal,3,Low
P00636,81,Female,85.0,99.0,78,17,100.0,36.2,108.4,2.83,No,No,No,Diabetes,Abnormal,8,High
P00637,55,Female,45.0,116.0,71,20,96.3,37.7,73.7,2.42,No,No,No,None,Normal,0,Low
P00638,67,Female,63.0,121.0,73,15,100.0,38.1,130.8,2.27,No,No,No,Hypertension,Normal,2,Low
P00639,47,Male,72.0,104.0,60,16,92.6,37.8,59.7,2.07,No,Yes,No,Hypertension,Normal,6,Medium
P00640,68,Female,109.0,83.0,90,18,93.4,35.7,148.3,2.49,Yes,No,No,None,Normal,9,High
P00641,80,Male,69.0,112.0,47,16,89.6,35.5,131.7,3.15,Yes,No,No,None,Normal,9,High
P00642,69,Male,89.0,159.0,68,9,100.0,36.6,104.4,1.34,Yes,Yes,No,Multiple,Normal,5,Medium
P00643,55,Male,90.0,,77,15,90.9,36.7,132.4,1.36,Yes,No,No,None,Abnormal,5,Medium
P00644,47,Male,111.0,159.0,97,21,96.5,37.7,101.4,2.38,Yes,No,No,Hypertension,Normal,3,Low
P00645,68,Female,110.0,129.0,70,21,100.0,36.2,122.5,0.5,Yes,Yes,No,Respiratory,Normal,5,Medium
P00646,22,Male,84.0,106.0,84,25,98.9,37.3,123.6,1.72,No,Yes,No,Diabetes,Normal,3,Low
P00647,46,Male,75.0,157.0,77,24,97.1,36.1,161.7,2.01,No,No,No,None,Normal,1,Low
P00648,21,Male,72.0,130.0,92,13,99.8,37.3,134.6,1.37,No,Yes,No,Multiple,Normal,3,Low
P00649,27,Male,80.0,149.0,84,14,94.0,36.6,156.9,0.5,No,No,No,None,Abnormal,2,Low
P00650,73,Male,76.0,98.0,90,14,97.6,37.3,130.7,2.91,No,Yes,No,None,Normal,5,Medium
P00651,34,Female,96.0,151.0,70,17,95.7,36.7,112.7,1.32,No,No,Yes,None,Abnormal,5,Medium
P00652,34,Male,93.0,152.0,63,15,95.6,35.2,135.6,1.36,Yes,No,No,Multiple,Normal,4,Medium
P00653,86,Female,97.0,132.0,84,17,96.6,37.4,128.8,2.86,No,No,No,Hypertension,Normal,4,Medium
P00654,51,Female,110.0,105.0,71,14,99.5,37.9,100.6,0.5,Yes,No,No,Diabetes,Abnormal,5,Medium
P00655,23,Male,122.0,124.0,78,22,100.0,36.3,58.7,3.01,No,No,Yes,Cardiac,Normal,9,High
P00656,70,Female,87.0,140.0,83,13,95.2,37.6,94.1,3.58,No,No,No,Hypertension,Abnormal,5,Medium
P00657,83,Female,107.0,131.0,97,13,92.7,36.5,93.8,1.09,No,Yes,Yes,None,Normal,9,High
P00658,60,Female,78.0,140.0,90,21,93.5,35.9,137.2,1.41,No,Yes,No,Diabetes,Abnormal,8,High
P00659,40,Male,109.0,150.0,68,22,100.0,36.5,112.4,2.19,No,No,No,Cardiac,Normal,2,Low
P00660,72,Male,106.0,109.0,61,17,100.0,36.9,82.5,2.0,No,No,No,None,Normal,2,Low
P00661,33,Male,105.0,96.0,104,22,92.7,35.9,108.4,2.59,No,No,No,Hypertension,Normal,8,High
P00662,25,Male,87.0,124.0,54,22,100.0,38.1,102.2,2.2,No,No,Yes,Respiratory,Normal,4,Medium
P00663,21,Male,72.0,117.0,71,27,93.9,35.8,78.2,2.46,No,Yes,No,Respiratory,Normal,6,Medium
P00664,21,Male,57.0,145.0,88,22,98.0,36.6,173.7,4.55,Yes,Yes,No,Multiple,Normal,7,Medium
P00665,73,Male,84.0,98.0,103,27,93.9,36.3,107.6,0.52,No,Yes,No,Cardiac,Abnormal,10,High
P00666,42,Female,116.0,151.0,75,18,100.0,38.1,83.3,2.87,Yes,No,No,Hypertension,Normal,4,Medium
P00667,84,Female,79.0,159.0,78,25,94.3,35.8,50.0,2.98,No,No,No,Diabetes,Abnormal,10,High
P00668,84,Male,101.0,125.0,65,25,92.9,37.7,118.5,0.92,No,Yes,No,Multiple,Normal,9,High
P00669,44,Female,102.0,127.0,80,17,94.6,37.2,135.7,1.16,No,Yes,No,Cardiac,Normal,3,Low
P00670,49,Male,79.0,106.0,61,15,100.0,36.0,88.9,2.2,No,Yes,Yes,None,Normal,4,Medium
P00671,67,Male,,111.0,67,15,96.8,36.7,120.6,0.8,Yes,Yes,No,None,Normal,4,Medium
P00672,78,Male,45.0,115.0,89,20,92.9,36.9,71.3,1.31,No,No,No,None,Normal,4,Medium
P00673,68,Female,61.0,161.0,71,12,93.6,37.5,105.8,1.99,Yes,No,No,Cardiac,Normal,5,Medium
P00674,36,Male,67.0,123.0,92,16,90.8,36.5,158.4,1.25,Yes,No,No,Diabetes,Abnormal,6,Medium
P00675,38,Male,69.0,92.0,76,24,97.6,37.5,105.7,1.62,No,No,No,Cardiac,Normal,4,Medium
P00676,22,Male,92.0,131.0,57,21,92.2,37.0,89.2,1.11,No,No,No,None,Normal,2,Low
P00677,59,Male,91.0,146.0,96,8,99.3,37.4,168.7,1.05,No,No,No,Hypertension,Normal,1,Low
P00678,78,Female,93.0,124.0,58,11,98.4,36.3,122.9,2.18,No,Yes,No,None,Abnormal,5,Medium
P00679,39,Male,97.0,162.0,69,29,95.7,36.8,94.9,1.72,No,No,No,None,Abnormal,3,Low
P00680,38,Female,66.0,,75,24,99.7,37.1,80.4,1.9,Yes,No,No,Hypertension,Abnormal,5,Medium
P00681,87,Female,61.0,99.0,93,15,98.8,37.1,69.0,,No,No,Yes,None,Normal,7,Medium
P00682,18,Male,93.0,111.0,70,11,96.5,37.0,132.1,1.95,Yes,No,Yes,Hypertension,Normal,5,Medium
P00683,22,Male,72.0,131.0,64,12,93.7,38.7,145.7,1.53,No,Yes,No,Multiple,Normal,6,Medium
P00684,29,Female,54.0,83.0,80,21,,37.5,115.0,1.1,Yes,Yes,No,Multiple,Normal,7,Medium
P00685,63,Female,104.0,133.0,75,28,97.2,37.6,107.1,2.16,No,No,No,Cardiac,Normal,4,Medium
P00686,51,Female,113.0,81.0,71,28,97.5,37.2,138.5,3.4,No,No,No,None,Normal,6,Medium
P00687,66,Female,116.0,151.0,81,10,96.2,37.4,58.3,2.5,Yes,Yes,No,None,Normal,6,Medium
P00688,62,Male,89.0,148.0,60,17,97.0,37.2,118.0,0.6,No,Yes,No,Multiple,Normal,4,Medium
P00689,44,Female,98.0,138.0,52,14,96.9,38.5,115.7,0.5,No,No,No,None,Normal,0,Low
P00690,90,Female,112.0,108.0,110,19,100.0,37.0,131.6,1.21,No,No,No,None,Normal,3,Low
P00691,43,Female,72.0,129.0,80,11,92.2,37.7,134.2,0.57,No,Yes,No,Respiratory,Normal,4,Medium
P00692,64,Female,107.0,112.0,81,15,93.0,38.7,,0.77,Yes,Yes,No,Diabetes,Normal,8,High
P00693,73,Male,91.0,99.0,66,14,96.2,37.5,189.2,0.5,Yes,No,No,Multiple,Normal,6,Medium
P00694,80,Male,103.0,117.0,91,21,93.7,36.8,71.6,1.99,Yes,No,No,Diabetes,Normal,7,Medium
P00695,65,Male,89.0,142.0,70,15,96.6,36.4,95.9,0.87,Yes,No,No,None,Normal,2,Low
P00696,78,Female,111.0,126.0,40,16,92.7,36.6,149.3,0.87,No,No,No,Hypertension,Normal,6,Medium
P00697,43,Female,89.0,161.0,69,21,93.1,37.3,89.6,1.27,No,No,No,Cardiac,Normal,3,Low
P00698,53,Male,55.0,144.0,74,26,100.0,38.4,119.5,1.29,No,No,No,Hypertension,Normal,2,Low
P00699,18,Male,114.0,141.0,75,29,95.3,37.5,93.7,1.59,No,Yes,No,None,Normal,3,Low
P00700,25,Female,66.0,85.0,75,20,92.5,36.7,99.3,0.68,Yes,No,No,Respiratory,Normal,7,Medium
P00701,69,Male,110.0,118.0,68,18,95.7,36.8,63.2,2.59,No,No,No,Diabetes,Normal,4,Medium
P00702,64,Female,83.0,98.0,67,25,99.1,36.9,145.4,2.02,No,No,No,None,Normal,4,Medium
P00703,73,Female,109.0,120.0,74,24,99.6,35.9,146.3,2.13,No,No,No,Hypertension,Normal,5,Medium
P00704,31,Female,108.0,108.0,53,22,91.6,36.6,146.2,1.45,No,No,No,None,Normal,3,Low
P00705,45,Female,94.0,116.0,49,10,93.7,36.6,97.8,2.66,No,No,No,Hypertension,Normal,4,Medium
P00706,19,Female,95.0,152.0,79,24,96.7,39.2,128.3,2.19,Yes,No,No,None,Abnormal,5,Medium
P00707,43,Female,93.0,137.0,80,20,95.9,37.7,194.8,1.95,No,Yes,Yes,Respiratory,Abnormal,7,Medium
P00708,31,Male,45.0,150.0,91,14,91.2,36.1,126.6,2.6,No,No,Yes,None,Abnormal,8,High
P00709,76,Male,87.0,85.0,74,15,91.7,35.7,68.8,0.5,Yes,Yes,No,Diabetes,Normal,11,High
P00710,73,Male,63.0,126.0,60,21,92.8,36.0,80.8,1.96,No,No,No,None,Normal,3,Low
P00711,24,Female,88.0,149.0,49,8,90.7,38.1,79.0,1.26,No,No,No,Hypertension,Abnormal,5,Medium
P00712,20,Male,62.0,163.0,65,17,94.6,35.9,167.8,1.22,Yes,No,No,None,Abnormal,4,Medium
P00713,40,Female,61.0,86.0,84,15,99.6,38.3,130.8,2.44,No,No,No,Cardiac,Abnormal,6,Medium
P00714,35,Female,117.0,116.0,100,14,94.0,37.2,52.0,2.9,No,No,No,Hypertension,Abnormal,7,Medium
P00715,55,Female,106.0,151.0,79,16,99.2,36.8,167.1,2.82,Yes,Yes,No,Diabetes,Normal,5,Medium
P00716,32,Female,85.0,120.0,60,11,96.1,36.1,137.7,1.81,No,Yes,No,Diabetes,Abnormal,4,Medium
P00717,81,Male,89.0,102.0,65,23,95.4,38.0,122.0,1.54,Yes,No,No,Respiratory,Abnormal,7,Medium
P00718,45,Male,80.0,86.0,65,8,91.0,37.4,175.7,2.79,No,Yes,No,None,Normal,7,Medium
P00719,56,Male,96.0,101.0,72,19,99.5,37.7,105.8,1.01,Yes,No,No,Hypertension,Normal,2,Low
P00720,74,Female,71.0,83.0,95,14,96.3,36.8,169.5,3.16,Yes,No,Yes,Hypertension,Normal,10,High
P00721,34,Male,105.0,126.0,96,28,91.2,37.5,50.0,1.49,No,No,No,Cardiac,Normal,7,Medium
P00722,61,Male,80.0,147.0,75,18,97.1,38.2,85.7,1.76,No,No,No,Diabetes,Abnormal,4,Medium
P00723,42,Male,77.0,93.0,81,8,94.2,37.5,146.7,1.37,No,No,No,Multiple,Normal,4,Medium
P00724,34,Female,85.0,131.0,66,21,96.2,36.2,182.1,1.83,No,No,No,None,Normal,0,Low
P00725,30,Male,73.0,146.0,52,13,96.7,37.4,66.3,1.07,Yes,No,No,Respiratory,Abnormal,4,Medium
P00726,42,Female,92.0,125.0,105,23,99.6,37.6,,1.5,No,No,No,Hypertension,Normal,2,Low
P00727,85,Male,74.0,85.0,43,21,92.6,38.3,121.6,1.92,No,No,No,Respiratory,Abnormal,10,High
P00728,27,Female,94.0,,50,25,97.7,37.5,77.4,1.71,No,No,No,Multiple,Normal,3,Low
P00729,84,Male,109.0,124.0,105,19,100.0,37.9,104.5,0.5,Yes,No,No,None,Normal,4,Medium
P00730,35,Male,71.0,121.0,78,22,100.0,37.5,178.3,3.78,Yes,Yes,No,None,Abnormal,5,Medium
P00731,51,Male,82.0,111.0,61,18,99.1,35.9,73.7,3.07,Yes,No,No,None,Normal,3,Low
P00732,25,Female,94.0,127.0,88,15,97.1,37.7,105.4,0.87,No,No,No,None,Normal,0,Low
P00733,57,Male,76.0,138.0,90,23,96.8,37.1,125.9,1.3,No,No,No,Diabetes,Normal,2,Low
P00734,59,Male,94.0,185.0,58,12,100.0,38.6,133.6,1.66,No,No,No,Diabetes,Normal,4,Medium
P00735,58,Female,96.0,128.0,70,18,95.1,35.8,80.4,2.33,Yes,No,No,None,Normal,2,Low
P00736,23,Female,107.0,163.0,91,15,98.4,36.1,107.9,2.18,No,No,No,Multiple,Normal,3,Low
P00737,69,Female,73.0,134.0,66,22,100.0,37.6,103.4,0.92,No,No,No,None,Normal,1,Low
P00738,43,Female,66.0,123.0,82,13,95.7,38.2,127.1,3.67,No,No,Yes,Hypertension,Normal,5,Medium
P00739,81,Male,79.0,129.0,99,16,90.0,36.9,68.0,1.48,No,No,No,Multiple,Normal,6,Medium
P00740,76,Male,66.0,94.0,42,18,93.4,36.9,165.9,3.24,Yes,No,No,Hypertension,Abnormal,11,High
P00741,73,Female,96.0,133.0,73,25,96.9,37.2,125.3,1.32,Yes,No,No,Diabetes,Normal,4,Medium
P00742,76,Male,62.0,75.0,82,15,93.5,36.6,157.7,2.65,Yes,Yes,Yes,Cardiac,Abnormal,16,High
P00743,87,Female,132.0,103.0,51,16,95.0,37.8,92.1,2.1,Yes,No,No,Multiple,Normal,7,Medium
P00744,50,Male,111.0,128.0,70,11,95.1,36.6,66.2,1.12,No,No,No,Hypertension,Normal,2,Low
P00745,70,Female,85.0,155.0,94,13,97.7,37.6,76.8,2.27,No,No,No,Hypertension,Normal,2,Low
P00746,39,Male,102.0,161.0,67,20,93.2,35.9,143.0,1.95,No,No,No,None,Normal,4,Medium
P00747,38,Female,52.0,119.0,56,18,94.2,38.4,97.4,2.54,No,No,No,None,Normal,1,Low
P00748,87,Female,135.0,129.0,95,18,100.0,35.3,50.2,1.18,Yes,No,No,Respiratory,Normal,9,High
P00749,87,Male,73.0,150.0,85,27,94.6,36.1,122.2,1.73,No,Yes,No,Cardiac,Normal,5,Medium
P00750,21,Male,83.0,92.0,77,10,98.2,38.8,102.2,2.45,No,No,No,None,Abnormal,5,Medium
P00751,79,Male,48.0,135.0,77,30,96.0,37.1,103.2,0.5,Yes,No,No,Hypertension,Normal,5,Medium
P00752,79,Female,95.0,104.0,93,24,95.9,36.5,50.0,0.88,No,No,No,Respiratory,Abnormal,8,High
P00753,41,Male,63.0,121.0,82,16,98.2,36.0,54.6,1.83,No,Yes,Yes,None,Normal,6,Medium
P00754,72,Female,87.0,114.0,88,20,90.4,36.7,93.1,1.94,No,No,No,Cardiac,Normal,4,Medium
P00755,26,Male,74.0,136.0,68,15,97.3,37.2,77.9,1.72,No,No,No,None,Normal,0,Low
P00756,20,Male,63.0,139.0,49,20,97.7,37.4,92.2,2.44,No,No,Yes,None,Normal,3,Low
P00757,48,Female,69.0,147.0,87,29,98.5,37.3,148.3,1.72,No,Yes,No,None,Normal,2,Low
P00758,57,Female,90.0,134.0,95,15,94.9,35.6,72.4,2.62,Yes,No,No,Diabetes,Normal,4,Medium
P00759,53,Male,59.0,129.0,75,17,96.0,37.1,78.8,2.06,No,No,No,Cardiac,Normal,1,Low
P00760,41,Female,70.0,171.0,91,14,88.6,37.3,93.9,0.91,No,No,Yes,None,Normal,7,Medium
P00761,23,Female,98.0,87.0,73,15,94.0,37.3,76.5,1.93,Yes,No,No,Respiratory,Normal,5,Medium
P00762,83,Male,137.0,167.0,77,16,96.5,37.0,106.4,1.74,Yes,No,No,None,Normal,5,Medium
P00763,21,Female,95.0,118.0,104,13,100.0,36.0,156.1,1.26,No,No,No,None,Abnormal,2,Low
P00764,23,Male,67.0,139.0,74,17,100.0,36.3,103.5,0.59,No,No,No,Diabetes,Normal,1,Low
P00765,68,Male,78.0,117.0,73,18,95.0,38.0,125.3,0.86,No,No,No,Multiple,Normal,3,Low
P00766,79,Female,86.0,107.0,50,16,98.6,36.4,50.0,1.12,No,No,No,Hypertension,Abnormal,7,Medium
P00767,74,Male,78.0,137.0,88,8,95.6,36.4,118.3,2.65,Yes,No,Yes,Diabetes,Normal,7,Medium
P00768,83,Female,103.0,151.0,67,17,91.2,36.8,174.0,1.54,Yes,No,Yes,Diabetes,Normal,10,High
P00769,25,Male,89.0,137.0,80,18,97.8,36.0,118.9,2.78,No,Yes,No,Cardiac,Normal,3,Low
P00770,43,Female,103.0,111.0,73,27,100.0,37.5,120.1,0.98,No,Yes,No,None,Normal,3,Low
P00771,68,Female,,210.0,71,18,94.9,36.0,126.4,1.24,Yes,Yes,No,Multiple,Normal,7,Medium
P00772,62,Female,112.0,155.0,76,23,93.3,37.9,177.7,1.35,No,Yes,No,Respiratory,Normal,7,Medium
P00773,61,Female,82.0,148.0,77,16,96.2,35.9,169.2,,No,No,No,Multiple,Abnormal,6,Medium
P00774,22,Female,66.0,116.0,96,24,95.6,36.8,74.1,1.99,Yes,No,No,Hypertension,Abnormal,5,Medium
P00775,87,Male,,109.0,101,13,100.0,37.3,163.1,2.3,Yes,Yes,Yes,Hypertension,Abnormal,12,High
P00776,43,Male,49.0,118.0,88,21,99.0,37.6,170.0,2.8,Yes,Yes,No,None,Normal,3,Low
P00777,85,Female,70.0,152.0,97,22,96.4,36.8,50.0,0.5,No,No,No,None,Normal,4,Medium
P00778,36,Male,72.0,100.0,91,21,87.3,36.4,116.0,3.42,No,Yes,No,None,Abnormal,8,High
P00779,37,Female,135.0,98.0,85,29,95.6,38.1,136.0,0.95,No,No,No,None,Normal,5,Medium
P00780,29,Female,121.0,138.0,100,15,100.0,37.1,50.0,1.88,No,Yes,No,None,Normal,5,Medium
P00781,64,Male,115.0,133.0,58,25,96.2,36.9,87.8,,Yes,No,No,None,Normal,5,Medium
P00782,18,Male,78.0,106.0,68,24,98.5,35.5,86.4,2.31,Yes,Yes,No,None,Abnormal,6,Medium
P00783,31,Female,134.0,98.0,66,18,97.2,37.2,89.2,2.7,No,Yes,No,Respiratory,Abnormal,9,High
P00784,81,Female,92.0,161.0,73,27,94.5,37.0,156.8,2.61,Yes,No,No,None,Normal,5,Medium
P00785,55,Female,105.0,134.0,88,17,100.0,35.9,112.7,2.13,Yes,No,Yes,Cardiac,Normal,7,Medium
P00786,54,Female,89.0,91.0,61,18,96.6,36.4,131.8,2.4,Yes,No,No,Diabetes,Normal,4,Medium
P00787,28,Female,84.0,93.0,86,18,93.9,37.1,118.6,0.81,Yes,No,No,Multiple,Normal,7,Medium
P00788,20,Female,80.0,116.0,69,12,96.1,37.4,213.7,1.23,No,No,No,Hypertension,Normal,1,Low
P00789,50,Male,81.0,143.0,73,22,100.0,36.2,154.9,1.02,No,Yes,No,Hypertension,Abnormal,4,Medium
P00790,23,Female,97.0,140.0,81,21,91.6,36.2,114.3,0.5,No,No,No,Hypertension,Abnormal,5,Medium
P00791,67,Female,92.0,153.0,103,17,96.8,37.1,104.4,1.05,No,Yes,Yes,Diabetes,Abnormal,8,High
P00792,27,Male,84.0,88.0,67,27,96.2,36.3,87.1,0.97,Yes,No,No,Hypertension,Normal,6,Medium
P00793,22,Female,115.0,131.0,77,16,91.4,36.8,76.1,1.06,No,No,No,Cardiac,Normal,4,Medium
P00794,40,Female,45.0,161.0,62,9,98.3,38.4,67.1,2.33,No,No,No,Respiratory,Normal,1,Low
P00795,27,Male,95.0,158.0,67,28,96.8,37.0,154.3,1.19,No,Yes,No,Multiple,Abnormal,6,Medium
P00796,61,Female,99.0,134.0,62,23,98.6,37.8,79.2,2.48,Yes,No,No,Cardiac,Normal,4,Medium
P00797,19,Male,108.0,184.0,82,21,99.4,36.0,140.7,0.55,Yes,No,No,Multiple,Normal,6,Medium
P00798,30,Female,84.0,140.0,84,16,95.8,36.4,94.9,1.28,Yes,No,No,Hypertension,Abnormal,4,Medium
P00799,57,Male,89.0,151.0,88,20,94.3,36.4,85.0,1.49,No,No,No,None,Abnormal,2,Low
P00800,19,Male,105.0,126.0,67,12,91.7,36.1,101.8,2.75,No,No,No,None,Abnormal,6,Medium
P00801,82,Male,115.0,105.0,86,17,94.1,35.6,186.7,1.85,No,Yes,No,Respiratory,Normal,6,Medium
P00802,80,Female,79.0,103.0,80,13,96.0,37.2,236.5,2.03,No,No,No,Hypertension,Abnormal,5,Medium
P00803,90,Female,,130.0,77,19,93.1,37.3,100.3,0.92,No,No,No,None,Normal,4,Medium
P00804,34,Male,119.0,120.0,59,23,97.8,36.2,96.7,2.48,No,No,No,Hypertension,Abnormal,5,Medium
P00805,26,Male,45.0,81.0,80,13,93.3,36.4,153.2,1.75,No,No,Yes,Hypertension,Normal,9,High
P00806,32,Female,71.0,99.0,81,22,90.7,37.1,121.1,0.5,Yes,No,Yes,Multiple,Normal,10,High
P00807,41,Female,114.0,117.0,80,19,94.3,37.0,88.9,2.36,Yes,Yes,No,Hypertension,Normal,4,Medium
P00808,55,Female,107.0,143.0,84,21,,37.8,134.6,2.03,No,No,No,Multiple,Normal,3,Low
P00809,52,Female,95.0,125.0,88,17,92.2,37.9,145.7,1.52,Yes,No,No,None,Normal,3,Low
P00810,66,Female,76.0,123.0,62,22,93.3,36.5,105.4,1.52,No,No,No,Hypertension,Normal,4,Medium
P00811,86,Male,67.0,100.0,75,15,94.1,36.9,106.5,,No,No,No,Respiratory,Normal,3,Low
P00812,79,Female,73.0,126.0,86,10,94.5,36.2,183.6,2.73,Yes,No,No,Multiple,Normal,6,Medium
P00813,77,Male,116.0,158.0,74,11,96.9,38.2,82.2,2.38,No,No,No,Diabetes,Normal,4,Medium
P00814,67,Female,72.0,129.0,92,15,97.9,37.2,93.4,0.95,No,No,No,Respiratory,Normal,2,Low
P00815,26,Male,87.0,87.0,79,10,94.6,37.8,96.5,1.84,No,No,No,Hypertension,Normal,4,Medium
P00816,51,Male,70.0,94.0,49,26,92.9,36.7,183.0,1.23,No,No,No,Hypertension,Abnormal,8,High
P00817,52,Female,102.0,140.0,91,18,96.4,37.8,50.0,0.78,Yes,No,No,None,Abnormal,6,Medium
P00818,18,Male,74.0,119.0,76,23,,37.6,147.9,3.04,No,Yes,No,Respiratory,Normal,4,Medium
P00819,57,Male,83.0,123.0,51,22,100.0,38.0,113.8,1.52,No,No,No,Multiple,Abnormal,4,Medium
P00820,81,Male,,110.0,74,18,99.4,35.9,187.5,1.13,Yes,No,No,Cardiac,Normal,5,Medium
P00821,39,Male,53.0,138.0,59,36,92.2,37.1,129.2,0.85,Yes,No,No,None,Normal,6,Medium
P00822,77,Female,85.0,117.0,89,33,95.6,37.9,50.0,,No,Yes,No,None,Abnormal,10,High
P00823,81,Male,58.0,120.0,77,25,97.4,36.3,179.5,0.5,No,No,No,None,Normal,3,Low
P00824,89,Female,127.0,104.0,64,13,93.4,37.4,105.6,1.68,No,No,No,Cardiac,Normal,7,Medium
P00825,28,Male,45.0,148.0,90,25,94.9,37.5,50.0,2.77,No,No,No,Respiratory,Normal,5,Medium
P00826,31,Female,69.0,119.0,85,9,98.0,37.6,98.8,2.54,No,Yes,No,Hypertension,Normal,3,Low
P00827,77,Female,85.0,140.0,74,25,96.7,37.3,116.4,2.19,No,No,No,Hypertension,Abnormal,6,Medium
P00828,47,Female,78.0,95.0,59,8,96.0,37.5,73.0,3.72,No,No,No,Multiple,Normal,5,Medium
P00829,52,Male,63.0,168.0,65,16,94.0,37.3,53.7,2.0,No,No,No,Diabetes,Abnormal,5,Medium
P00830,54,Female,66.0,157.0,65,24,91.7,37.9,126.9,1.07,Yes,Yes,No,Diabetes,Abnormal,8,High
P00831,22,Female,65.0,77.0,89,20,95.1,36.4,65.2,2.47,No,No,No,None,Normal,3,Low
P00832,43,Male,,105.0,53,11,,37.3,74.0,1.91,Yes,No,No,Multiple,Normal,3,Low
P00833,79,Female,124.0,137.0,77,19,91.6,38.0,169.3,1.83,No,No,No,Multiple,Normal,8,High
P00834,21,Male,87.0,92.0,74,20,96.1,36.4,101.8,2.04,No,Yes,No,None,Abnormal,5,Medium
P00835,59,Male,109.0,122.0,94,19,97.2,36.4,66.3,1.48,Yes,No,No,None,Normal,2,Low
P00836,35,Female,95.0,136.0,81,16,93.9,37.4,79.2,3.3,Yes,No,No,Cardiac,Normal,5,Medium
P00837,57,Male,107.0,120.0,86,22,97.2,38.1,130.4,0.5,No,No,No,None,Normal,1,Low
P00838,89,Male,45.0,138.0,70,24,96.8,36.9,131.9,2.45,Yes,No,No,None,Abnormal,6,Medium
P00839,56,Male,79.0,108.0,60,17,95.1,37.1,141.6,1.91,No,No,No,Respiratory,Abnormal,3,Low
P00840,31,Female,111.0,70.0,73,26,94.8,37.3,147.2,2.16,No,Yes,No,Hypertension,Normal,7,Medium
P00841,49,Male,74.0,150.0,90,17,95.0,36.6,128.3,1.5,Yes,No,No,None,Normal,1,Low
P00842,68,Male,120.0,149.0,90,16,93.4,38.8,,3.01,No,No,No,Diabetes,Normal,7,Medium
P00843,55,Male,115.0,188.0,72,25,97.0,36.3,96.0,,Yes,No,Yes,None,Normal,9,High
P00844,40,Female,76.0,70.0,65,25,93.5,37.1,70.3,1.18,Yes,Yes,No,Hypertension,Normal,9,High
P00845,80,Male,75.0,144.0,62,15,93.7,37.1,169.3,2.7,No,Yes,No,None,Normal,6,Medium
P00846,32,Female,65.0,76.0,76,14,97.5,35.2,150.2,2.04,Yes,Yes,No,None,Normal,6,Medium
P00847,42,Male,72.0,169.0,80,27,95.3,36.3,103.7,1.33,No,No,No,Multiple,Normal,3,Low
P00848,34,Female,60.0,137.0,100,17,96.2,35.9,88.4,0.5,No,Yes,No,Hypertension,Normal,3,Low
P00849,83,Female,94.0,101.0,80,18,90.9,37.6,206.4,2.42,No,No,No,None,Abnormal,6,Medium
P00850,70,Female,56.0,145.0,87,17,94.4,35.6,78.8,1.22,No,No,No,Multiple,Normal,4,Medium
P00851,68,Male,97.0,111.0,66,25,100.0,37.8,124.1,2.22,Yes,No,Yes,Diabetes,Normal,7,Medium
P00852,56,Male,98.0,133.0,79,29,90.7,36.1,88.2,2.97,No,No,No,Cardiac,Normal,5,Medium
P00853,68,Male,52.0,130.0,80,18,100.0,37.8,98.6,1.15,No,No,No,None,Abnormal,3,Low
P00854,87,Female,116.0,169.0,76,30,96.8,35.9,85.0,2.88,Yes,No,No,None,Normal,7,Medium
P00855,23,Male,95.0,170.0,78,15,94.4,37.3,50.0,0.88,Yes,No,No,Diabetes,Abnormal,6,Medium
P00856,84,Male,100.0,110.0,80,17,95.4,37.7,130.6,2.99,No,Yes,No,Hypertension,Normal,5,Medium
P00857,24,Female,70.0,151.0,85,21,99.7,37.5,141.3,3.26,Yes,No,No,Diabetes,Normal,3,Low
P00858,68,Male,97.0,134.0,96,14,89.2,36.0,88.4,2.52,Yes,No,No,Respiratory,Normal,8,High
P00859,89,Male,108.0,90.0,44,21,100.0,37.9,219.3,2.15,No,No,No,Cardiac,Normal,6,Medium
P00860,59,Female,83.0,108.0,95,15,96.8,37.4,,2.51,No,No,No,Multiple,Normal,3,Low
P00861,81,Female,125.0,183.0,52,10,99.0,35.1,121.7,1.53,No,No,No,Diabetes,Normal,8,High
P00862,32,Male,86.0,134.0,83,9,90.8,37.1,130.5,0.74,No,No,No,Hypertension,Normal,3,Low
P00863,46,Female,108.0,150.0,113,16,95.3,39.3,91.3,1.21,No,No,Yes,Respiratory,Normal,6,Medium
P00864,50,Male,91.0,120.0,77,20,89.0,37.9,75.9,3.63,No,No,No,None,Normal,5,Medium
P00865,44,Male,97.0,112.0,81,11,99.6,36.6,84.5,0.87,No,No,No,Cardiac,Normal,1,Low
P00866,53,Male,52.0,126.0,73,19,93.1,37.4,93.2,2.57,No,No,No,Hypertension,Abnormal,6,Medium
P00867,46,Male,92.0,118.0,88,19,93.0,36.7,137.4,1.71,No,No,No,Hypertension,Abnormal,5,Medium
P00868,55,Male,70.0,88.0,83,17,90.2,37.8,99.9,1.51,Yes,No,No,None,Normal,6,Medium
P00869,74,Female,68.0,100.0,68,13,97.3,36.3,139.7,3.15,No,No,No,None,Normal,2,Low
P00870,44,Female,120.0,143.0,76,19,96.2,38.0,64.5,1.87,Yes,Yes,No,Multiple,Normal,5,Medium
P00871,72,Male,81.0,115.0,61,17,93.8,37.7,89.2,2.55,No,Yes,No,None,Abnormal,7,Medium
P00872,50,Female,65.0,126.0,76,23,96.8,37.5,86.5,3.72,No,No,No,Hypertension,Normal,3,Low
P00873,85,Female,78.0,131.0,72,12,93.7,38.7,50.0,1.63,Yes,No,No,Cardiac,Normal,9,High
P00874,83,Male,59.0,133.0,80,19,90.7,37.8,96.7,2.18,No,No,No,None,Abnormal,6,Medium
P00875,27,Female,114.0,154.0,67,12,94.9,37.8,73.5,2.36,No,No,No,Hypertension,Normal,2,Low
P00876,22,Female,71.0,98.0,75,17,100.0,37.9,133.3,,No,Yes,No,Multiple,Abnormal,7,Medium
P00877,55,Male,96.0,139.0,78,13,98.9,37.6,144.3,2.19,Yes,No,No,Respiratory,Abnormal,4,Medium
P00878,30,Male,112.0,144.0,79,13,97.4,37.4,59.0,2.7,Yes,Yes,No,Multiple,Normal,8,High
P00879,48,Male,75.0,150.0,82,18,96.7,36.5,105.2,2.43,No,Yes,No,Diabetes,Normal,2,Low
P00880,64,Male,96.0,90.0,75,15,94.9,36.5,63.8,,Yes,No,No,Hypertension,Normal,5,Medium
P00881,69,Male,64.0,131.0,66,25,98.2,37.3,128.0,0.5,No,No,No,None,Normal,2,Low
P00882,73,Male,134.0,168.0,79,24,97.7,37.5,87.5,0.64,Yes,Yes,No,Respiratory,Normal,7,Medium
P00883,32,Male,104.0,123.0,75,22,95.8,37.0,93.6,3.27,Yes,No,Yes,None,Normal,6,Medium
P00884,46,Female,81.0,137.0,93,22,96.6,36.6,106.3,1.04,No,No,No,None,Abnormal,2,Low
P00885,25,Male,70.0,145.0,95,19,91.2,36.9,126.4,2.73,Yes,No,No,Respiratory,Normal,5,Medium
P00886,22,Female,83.0,99.0,57,25,94.6,37.0,117.2,0.82,Yes,No,No,Diabetes,Normal,5,Medium
P00887,46,Female,78.0,171.0,87,17,92.4,37.2,130.7,1.03,Yes,No,No,Cardiac,Normal,4,Medium
P00888,64,Male,124.0,137.0,90,29,92.4,36.8,143.8,2.34,No,No,No,Multiple,Abnormal,10,High
P00889,85,Female,60.0,138.0,58,13,97.4,37.9,109.7,3.04,No,No,No,None,Normal,3,Low
P00890,62,Female,88.0,83.0,87,12,92.2,36.9,73.6,2.32,Yes,No,No,Multiple,Abnormal,11,High
P00891,19,Female,85.0,145.0,91,11,98.3,36.5,50.9,2.09,Yes,No,No,None,Normal,3,Low
P00892,44,Male,83.0,138.0,64,12,99.1,36.9,84.5,0.71,No,No,No,Cardiac,Abnormal,3,Low
P00893,53,Female,,166.0,74,10,95.8,36.1,124.0,0.5,Yes,No,No,Hypertension,Normal,2,Low
P00894,53,Female,83.0,117.0,81,19,94.2,38.6,59.7,1.45,No,Yes,No,Cardiac,Normal,5,Medium
P00895,43,Male,102.0,100.0,87,22,99.1,37.5,158.0,1.92,No,No,Yes,None,Abnormal,6,Medium
P00896,60,Female,97.0,108.0,63,18,97.7,37.0,73.0,1.76,No,Yes,No,Respiratory,Normal,3,Low
P00897,44,Female,93.0,112.0,95,11,99.6,38.1,110.5,3.57,No,Yes,No,Cardiac,Normal,3,Low
P00898,86,Female,45.0,97.0,48,16,92.8,36.8,174.1,0.57,No,Yes,No,None,Abnormal,9,High
P00899,37,Female,91.0,157.0,98,22,95.2,37.0,107.7,1.56,Yes,No,Yes,Hypertension,Abnormal,7,Medium
P00900,28,Female,52.0,158.0,86,16,95.3,36.4,71.3,3.14,Yes,Yes,No,Diabetes,Normal,4,Medium
P00901,55,Male,98.0,120.0,69,14,96.6,36.2,50.0,2.32,No,No,No,Respiratory,Abnormal,5,Medium
P00902,23,Female,114.0,115.0,91,10,97.9,37.2,131.2,0.92,No,Yes,No,None,Abnormal,4,Medium
P00903,89,Male,66.0,80.0,62,16,96.4,37.9,127.4,0.5,No,No,No,Cardiac,Normal,6,Medium
P00904,40,Female,80.0,142.0,80,14,100.0,36.3,138.0,1.49,Yes,Yes,No,Hypertension,Normal,3,Low
P00905,64,Male,73.0,166.0,82,18,94.9,36.8,119.5,0.99,No,No,No,Hypertension,Abnormal,4,Medium
P00906,63,Male,110.0,,82,20,92.9,36.8,93.5,1.44,No,No,No,None,Normal,4,Medium
P00907,29,Male,87.0,122.0,65,17,94.0,37.6,83.5,3.63,Yes,Yes,Yes,None,Normal,6,Medium
P00908,30,Female,120.0,136.0,71,19,93.6,36.7,116.7,0.99,Yes,No,No,Hypertension,Abnormal,7,Medium
P00909,79,Female,93.0,168.0,80,20,94.6,37.6,154.6,1.28,No,Yes,No,None,Normal,3,Low
P00910,77,Female,90.0,130.0,67,12,95.2,37.6,50.0,2.53,No,Yes,No,Multiple,Normal,8,High
P00911,60,Female,86.0,130.0,82,27,95.3,36.5,152.5,2.04,Yes,No,No,Cardiac,Abnormal,6,Medium
P00912,85,Female,101.0,129.0,69,14,96.7,36.8,103.4,3.0,Yes,No,No,None,Abnormal,7,Medium
P00913,22,Male,50.0,89.0,93,21,94.6,37.1,108.3,2.45,No,No,No,Hypertension,Abnormal,6,Medium
P00914,54,Male,87.0,89.0,101,12,99.1,36.7,,1.25,Yes,No,No,Multiple,Normal,6,Medium
P00915,89,Male,84.0,,74,19,90.2,36.3,108.2,2.21,No,No,No,None,Normal,4,Medium
P00916,48,Female,100.0,150.0,92,19,89.3,38.2,124.0,1.89,Yes,No,No,None,Normal,5,Medium
P00917,26,Female,81.0,117.0,75,26,99.0,35.6,50.0,0.5,Yes,Yes,No,Diabetes,Normal,7,Medium
P00918,68,Male,64.0,112.0,64,17,98.8,37.2,103.9,3.53,No,No,No,Diabetes,Normal,3,Low
P00919,46,Female,85.0,111.0,72,24,99.7,38.1,135.3,,No,No,No,Hypertension,Abnormal,4,Medium
P00920,57,Female,63.0,122.0,79,19,97.9,36.4,99.3,1.71,No,No,No,Diabetes,Normal,1,Low
P00921,58,Male,46.0,168.0,51,27,96.0,37.0,101.7,1.42,No,No,No,Hypertension,Normal,2,Low
P00922,28,Male,100.0,121.0,87,9,95.2,37.7,121.6,1.89,Yes,No,No,Cardiac,Abnormal,4,Medium
P00923,40,Female,97.0,105.0,79,20,91.2,34.6,132.2,1.95,No,No,No,None,Normal,4,Medium
P00924,18,Female,94.0,126.0,93,8,96.4,37.0,175.9,2.26,No,No,No,Diabetes,Abnormal,3,Low
P00925,63,Male,111.0,169.0,87,18,91.7,35.7,132.6,1.42,No,Yes,No,None,Abnormal,8,High
P00926,38,Female,72.0,112.0,80,23,100.0,37.8,169.1,2.67,No,Yes,No,Hypertension,Normal,4,Medium
P00927,53,Male,56.0,95.0,73,25,92.9,36.4,111.1,1.26,No,No,No,Hypertension,Normal,6,Medium
P00928,71,Male,84.0,112.0,101,22,95.8,38.4,50.0,1.37,No,No,No,Respiratory,Normal,4,Medium
P00929,74,Male,78.0,128.0,111,17,100.0,36.2,97.9,0.5,No,No,No,Respiratory,Abnormal,4,Medium
P00930,18,Female,68.0,142.0,73,21,94.9,37.4,82.6,1.98,No,Yes,No,Multiple,Normal,3,Low
P00931,80,Male,83.0,150.0,94,31,94.9,36.3,112.5,3.02,Yes,No,No,None,Abnormal,9,High
P00932,71,Male,73.0,99.0,67,18,88.2,36.8,102.2,1.6,No,No,No,Respiratory,Normal,8,High
P00933,72,Female,48.0,101.0,69,23,92.1,37.0,125.5,3.21,Yes,No,No,Multiple,Abnormal,10,High
P00934,57,Male,76.0,117.0,72,16,97.7,37.0,88.2,0.93,Yes,Yes,No,Multiple,Abnormal,6,Medium
P00935,32,Female,62.0,142.0,88,23,100.0,38.3,123.6,0.71,No,No,No,None,Normal,1,Low
P00936,38,Female,90.0,93.0,62,23,93.3,38.1,129.8,2.91,No,No,No,Hypertension,Normal,7,Medium
P00937,64,Female,72.0,110.0,101,15,96.6,36.4,116.4,1.66,No,No,No,Respiratory,Abnormal,4,Medium
P00938,90,Male,,110.0,92,22,100.0,37.0,56.5,1.02,No,No,No,None,Abnormal,7,Medium
P00939,70,Male,117.0,149.0,88,22,97.7,36.1,150.8,2.01,No,No,No,Hypertension,Abnormal,5,Medium
P00940,26,Female,99.0,138.0,74,22,98.9,35.9,139.8,2.07,No,Yes,Yes,Diabetes,Normal,6,Medium
P00941,69,Female,54.0,148.0,90,18,93.7,36.5,107.3,2.56,No,No,No,None,Normal,4,Medium
P00942,74,Female,115.0,158.0,40,24,100.0,38.3,50.0,1.54,No,No,No,Diabetes,Normal,6,Medium
P00943,43,Male,117.0,117.0,85,13,93.9,35.6,127.1,0.72,No,No,No,None,Normal,4,Medium
P00944,58,Female,85.0,95.0,80,18,93.4,37.5,93.9,1.58,No,Yes,No,Respiratory,Normal,6,Medium
P00945,52,Female,111.0,95.0,50,19,100.0,37.4,93.0,1.78,Yes,Yes,No,Cardiac,Normal,6,Medium
P00946,80,Female,74.0,79.0,84,24,94.1,36.4,111.9,2.7,No,No,No,None,Normal,7,Medium
P00947,42,Male,48.0,,87,13,96.0,37.5,173.2,0.59,Yes,No,No,Hypertension,Abnormal,4,Medium
P00948,55,Female,,115.0,50,19,,37.5,120.9,1.5,No,Yes,No,None,Abnormal,3,Low
P00949,19,Male,120.0,145.0,60,16,93.3,37.0,110.6,2.03,Yes,No,No,Multiple,Normal,6,Medium
P00950,24,Male,55.0,125.0,109,19,95.3,36.9,94.1,3.04,No,No,No,None,Normal,1,Low
P00951,51,Female,85.0,113.0,75,20,94.2,36.8,116.2,1.26,Yes,No,No,None,Normal,1,Low
P00952,34,Female,86.0,122.0,93,12,95.0,36.3,115.0,1.15,No,No,No,None,Normal,0,Low
P00953,60,Female,75.0,99.0,95,24,96.1,37.1,139.1,2.33,No,No,No,Respiratory,Normal,5,Medium
P00954,76,Male,76.0,151.0,84,20,100.0,36.6,,0.5,No,Yes,No,Diabetes,Abnormal,6,Medium
P00955,68,Male,86.0,105.0,93,14,100.0,37.1,82.5,1.35,No,No,No,None,Normal,1,Low
P00956,71,Male,74.0,97.0,46,16,96.5,36.5,97.3,2.27,No,No,Yes,None,Normal,6,Medium
P00957,41,Female,57.0,145.0,75,25,93.8,36.5,111.5,2.08,No,No,No,Diabetes,Abnormal,6,Medium
P00958,42,Male,89.0,139.0,40,20,,36.6,114.2,1.96,No,Yes,No,Hypertension,Normal,2,Low
P00959,88,Female,106.0,82.0,52,13,96.0,38.0,114.6,0.5,No,No,No,Respiratory,Normal,7,Medium
P00960,69,Female,102.0,146.0,70,14,96.1,35.9,75.4,0.78,Yes,No,No,Cardiac,Normal,5,Medium
P00961,87,Female,69.0,106.0,68,21,92.9,38.4,111.6,2.87,No,Yes,No,None,Normal,6,Medium
P00962,50,Male,60.0,116.0,79,22,91.1,37.6,142.3,1.72,Yes,Yes,No,Hypertension,Normal,5,Medium
P00963,66,Male,79.0,130.0,78,20,95.9,35.7,165.9,1.63,No,No,No,None,Normal,2,Low
P00964,46,Male,116.0,140.0,80,17,92.8,36.5,154.4,1.17,Yes,No,Yes,Hypertension,Normal,8,High
P00965,80,Female,98.0,136.0,81,22,94.4,35.7,112.6,1.81,Yes,No,No,None,Normal,4,Medium
P00966,39,Male,99.0,124.0,83,16,100.0,37.5,108.7,1.41,No,No,No,Respiratory,Normal,1,Low
P00967,43,Male,103.0,114.0,64,14,95.8,38.0,164.7,2.49,No,Yes,No,Diabetes,Normal,3,Low
P00968,45,Female,93.0,135.0,67,26,99.3,37.2,110.6,0.96,Yes,No,No,Respiratory,Normal,3,Low
P00969,66,Female,87.0,122.0,77,20,96.9,38.0,149.7,2.47,Yes,No,No,Multiple,Normal,4,Medium
P00970,88,Male,98.0,170.0,78,14,97.8,37.1,113.8,3.12,No,Yes,No,Diabetes,Normal,5,Medium
P00971,66,Female,74.0,140.0,62,19,94.3,37.8,50.0,2.29,No,No,No,Hypertension,Abnormal,6,Medium
P00972,37,Male,57.0,102.0,94,18,99.5,37.2,141.6,0.81,No,Yes,No,Multiple,Normal,3,Low
P00973,80,Female,99.0,113.0,89,16,96.9,37.0,153.7,2.46,No,No,No,None,Normal,2,Low
P00974,78,Female,110.0,126.0,65,19,95.2,37.6,101.9,1.41,Yes,Yes,No,None,Normal,5,Medium
P00975,66,Male,63.0,157.0,75,13,96.9,36.9,68.7,1.38,No,No,No,Hypertension,Normal,2,Low
P00976,88,Female,101.0,160.0,108,22,93.9,38.2,175.9,1.91,Yes,No,No,Hypertension,Normal,7,Medium
P00977,18,Female,119.0,115.0,80,18,95.1,36.7,109.2,1.6,No,No,No,Diabetes,Abnormal,4,Medium
P00978,30,Female,85.0,102.0,84,10,95.8,37.5,101.2,1.43,Yes,No,No,Multiple,Abnormal,5,Medium
P00979,68,Male,69.0,98.0,69,17,94.4,36.4,133.0,2.35,Yes,No,No,Diabetes,Normal,5,Medium
P00980,73,Female,87.0,131.0,73,15,100.0,35.7,224.5,1.89,Yes,No,No,Hypertension,Abnormal,6,Medium
P00981,79,Female,74.0,183.0,101,8,94.8,37.3,134.4,0.5,No,No,No,None,Abnormal,6,Medium
P00982,49,Male,73.0,138.0,80,17,100.0,35.6,122.1,2.62,No,No,No,None,Normal,2,Low
P00983,47,Male,94.0,85.0,77,23,96.2,38.7,117.8,2.76,Yes,No,No,Hypertension,Abnormal,10,High
P00984,46,Female,53.0,107.0,78,17,95.3,36.7,181.2,2.28,No,No,No,Multiple,Normal,2,Low
P00985,66,Female,56.0,109.0,116,22,94.5,36.9,136.1,2.33,No,No,No,Respiratory,Normal,2,Low
P00986,62,Female,85.0,104.0,79,18,97.3,36.8,149.6,1.62,Yes,Yes,No,Hypertension,Normal,4,Medium
P00987,47,Male,85.0,115.0,66,16,98.7,37.1,127.2,0.84,No,No,No,Hypertension,Normal,1,Low
P00988,33,Female,92.0,134.0,68,14,88.4,37.3,136.4,1.94,Yes,No,Yes,Cardiac,Abnormal,11,High
P00989,57,Male,123.0,142.0,90,12,96.0,36.3,103.9,3.04,No,No,Yes,None,Normal,6,Medium
P00990,36,Male,87.0,152.0,57,23,90.0,35.0,121.8,2.02,Yes,No,No,Diabetes,Normal,6,Medium
P00991,35,Female,97.0,138.0,85,22,98.9,36.1,87.6,3.13,No,No,No,None,Normal,1,Low
P00992,18,Female,65.0,76.0,67,17,99.0,36.6,94.7,3.17,No,No,No,Diabetes,Abnormal,7,Medium
P00993,64,Male,100.0,99.0,50,8,96.1,37.2,134.6,1.77,Yes,No,No,Cardiac,Normal,5,Medium
P00994,83,Female,74.0,121.0,63,20,96.6,37.1,86.9,1.43,No,No,No,Diabetes,Normal,3,Low
P00995,55,Female,,129.0,78,13,91.7,37.6,120.2,1.46,Yes,No,No,None,Normal,3,Low
P00996,68,Male,83.0,147.0,99,19,94.4,35.7,100.3,1.7,Yes,No,No,Diabetes,Normal,4,Medium
P00997,80,Female,106.0,126.0,92,10,94.2,36.3,70.0,1.02,Yes,Yes,No,Diabetes,Normal,6,Medium
P00998,21,Male,59.0,126.0,74,18,94.7,36.6,124.1,2.25,No,No,No,None,Abnormal,2,Low
P00999,18,Female,45.0,131.0,93,17,98.6,38.2,146.0,2.57,No,No,Yes,Cardiac,Abnormal,7,Medium
P01000,25,Male,81.0,119.0,73,8,,39.2,62.4,0.5,No,No,No,None,Abnormal,3,Low
P01001,46,Male,94.0,127.0,56,26,97.8,35.9,139.4,3.23,No,Yes,No,Respiratory,Normal,5,Medium
P01002,72,Female,88.0,153.0,78,16,,37.9,70.4,1.38,Yes,No,No,Hypertension,Normal,3,Low
P01003,20,Male,110.0,123.0,55,17,93.8,37.1,169.2,1.56,No,Yes,No,Respiratory,Abnormal,7,Medium
P01004,49,Male,94.0,124.0,90,21,96.3,37.4,137.7,2.05,No,No,No,None,Abnormal,2,Low
P01005,27,Female,74.0,124.0,90,18,96.9,35.9,62.4,1.13,Yes,No,No,Diabetes,Normal,3,Low
P01006,51,Female,45.0,157.0,65,20,95.3,38.1,149.1,1.33,No,No,No,None,Abnormal,2,Low
P01007,72,Female,80.0,97.0,80,12,94.0,35.2,90.5,1.14,No,No,Yes,None,Abnormal,9,High
P01008,49,Male,106.0,169.0,80,17,97.8,35.9,76.4,1.8,Yes,Yes,Yes,Cardiac,Abnormal,10,High
P01009,67,Male,77.0,96.0,91,8,98.1,36.8,143.9,1.33,Yes,Yes,No,Multiple,Abnormal,9,High
P01010,24,Male,86.0,109.0,59,17,92.1,36.5,163.3,2.1,No,No,No,Hypertension,Normal,3,Low
P01011,25,Female,93.0,144.0,87,25,94.8,37.0,134.1,0.75,No,Yes,No,None,Normal,2,Low
P01012,82,Male,65.0,151.0,58,10,98.3,36.5,100.1,2.16,No,No,Yes,Multiple,Abnormal,9,High
P01013,74,Male,97.0,90.0,90,16,99.0,36.7,121.8,0.9,No,Yes,No,Hypertension,Normal,5,Medium
P01014,84,Female,118.0,98.0,94,8,96.2,36.9,91.7,2.61,Yes,Yes,No,Respiratory,Normal,9,High
P01015,76,Male,82.0,132.0,68,18,97.1,36.8,108.0,2.45,Yes,Yes,Yes,Hypertension,Normal,8,High
P01016,89,Female,62.0,184.0,96,20,96.8,37.1,131.3,0.5,No,No,No,Diabetes,Abnormal,7,Medium
P01017,71,Female,84.0,156.0,54,20,98.9,37.7,57.9,2.47,No,No,No,None,Normal,3,Low
P01018,84,Female,45.0,119.0,94,15,92.7,36.4,132.9,0.5,No,Yes,No,None,Normal,5,Medium
P01019,68,Male,92.0,70.0,100,8,96.8,38.1,58.5,0.86,No,Yes,No,Multiple,Normal,9,High
P01020,25,Male,94.0,127.0,83,12,93.3,37.0,64.0,2.63,No,No,No,None,Abnormal,5,Medium
P01021,51,Male,119.0,134.0,75,24,99.3,38.0,,1.37,No,No,No,Cardiac,Normal,3,Low
P01022,52,Female,81.0,115.0,83,22,92.8,36.7,81.2,3.05,No,No,Yes,None,Abnormal,8,High
P01023,49,Female,93.0,104.0,69,18,97.2,36.3,75.4,2.37,No,Yes,No,Multiple,Normal,3,Low
P01024,63,Female,68.0,129.0,117,19,93.3,37.1,103.2,1.46,No,No,No,Hypertension,Normal,4,Medium
P01025,33,Male,78.0,101.0,69,13,98.3,39.1,91.3,1.34,No,No,No,None,Normal,1,Low
P01026,85,Male,54.0,172.0,98,24,97.3,35.9,124.3,3.0,No,No,No,None,Normal,5,Medium
P01027,54,Male,81.0,163.0,67,14,96.7,37.5,122.0,1.42,No,No,No,Diabetes,Normal,1,Low
P01028,71,Male,79.0,141.0,102,20,,37.1,75.6,0.5,No,No,No,None,Normal,1,Low
P01029,31,Male,91.0,127.0,108,11,93.9,37.3,50.0,1.06,No,No,No,None,Normal,4,Medium
P01030,72,Female,73.0,108.0,84,17,98.8,36.0,106.9,1.9,No,No,No,None,Normal,1,Low
P01031,65,Male,87.0,124.0,82,24,99.5,37.4,159.0,1.17,No,Yes,No,Multiple,Abnormal,7,Medium
P01032,24,Female,78.0,166.0,64,13,98.8,37.2,112.4,3.71,No,No,No,None,Normal,1,Low
P01033,24,Female,78.0,147.0,62,22,94.0,35.8,101.1,1.28,No,No,No,None,Normal,1,Low
P01034,50,Male,87.0,130.0,82,13,95.3,37.1,184.2,1.3,Yes,No,No,Multiple,Abnormal,5,Medium
P01035,40,Female,86.0,148.0,100,13,94.2,36.8,145.1,1.01,No,No,No,None,Abnormal,2,Low
P01036,36,Male,100.0,139.0,70,18,95.1,36.7,50.0,,No,No,No,Cardiac,Normal,4,Medium
P01037,36,Male,83.0,135.0,111,23,93.5,37.0,103.8,1.58,Yes,No,No,None,Normal,4,Medium
P01038,53,Female,78.0,150.0,69,17,94.9,37.9,123.9,2.45,No,Yes,No,None,Normal,1,Low
P01039,46,Male,81.0,,81,21,100.0,37.4,72.3,2.72,No,No,Yes,Cardiac,Normal,5,Medium
P01040,77,Male,71.0,146.0,81,24,95.0,36.2,103.3,2.09,No,Yes,No,None,Normal,4,Medium
P01041,19,Female,78.0,129.0,76,14,96.3,37.4,115.9,2.05,No,No,No,Diabetes,Normal,1,Low
P01042,18,Female,126.0,119.0,47,10,93.8,37.0,106.1,0.84,Yes,Yes,No,Cardiac,Normal,7,Medium
P01043,64,Female,67.0,111.0,69,16,96.0,36.5,66.6,0.59,No,No,No,Cardiac,Abnormal,4,Medium
P01044,86,Female,79.0,108.0,81,24,98.5,36.0,173.7,0.6,Yes,Yes,No,None,Normal,5,Medium
P01045,37,Female,77.0,85.0,77,14,97.5,37.6,125.7,1.86,No,No,No,None,Normal,3,Low
P01046,28,Female,80.0,102.0,88,23,100.0,36.5,80.6,3.64,Yes,Yes,No,Diabetes,Normal,5,Medium
P01047,19,Male,78.0,101.0,89,17,92.4,37.7,150.0,1.35,No,No,Yes,Respiratory,Abnormal,8,High
P01048,84,Male,91.0,112.0,74,27,93.7,36.1,111.8,2.62,No,No,No,Multiple,Normal,8,High
P01049,29,Male,51.0,164.0,64,29,94.8,38.6,154.7,2.22,Yes,Yes,No,Diabetes,Abnormal,7,Medium
P01050,37,Female,106.0,121.0,101,23,100.0,39.1,110.8,1.83,No,Yes,Yes,None,Normal,7,Medium
P01051,22,Male,98.0,131.0,58,10,96.9,37.4,56.0,1.61,Yes,No,No,Cardiac,Abnormal,6,Medium
P01052,54,Female,60.0,132.0,69,8,91.7,38.0,72.3,1.46,Yes,No,No,None,Normal,3,Low
P01053,55,Male,45.0,165.0,65,18,99.3,36.6,160.6,1.44,Yes,No,No,Multiple,Normal,3,Low
P01054,26,Female,65.0,111.0,89,23,96.3,36.6,156.3,2.28,Yes,Yes,No,Cardiac,Normal,4,Medium
P01055,70,Male,80.0,119.0,98,21,98.7,38.0,61.8,2.49,No,No,No,None,Abnormal,3,Low
P01056,61,Female,137.0,122.0,75,14,100.0,37.1,170.7,1.46,No,No,No,Respiratory,Abnormal,6,Medium
P01057,41,Female,96.0,153.0,81,11,93.1,35.9,156.0,1.45,No,No,Yes,Respiratory,Normal,7,Medium
P01058,47,Female,49.0,159.0,84,23,100.0,37.1,89.6,1.33,No,No,No,Diabetes,Normal,2,Low
P01059,76,Female,71.0,137.0,105,27,95.8,36.0,111.9,2.6,No,No,No,None,Normal,4,Medium
P01060,31,Male,84.0,156.0,51,15,94.8,36.9,50.0,2.5,Yes,No,No,Hypertension,Normal,4,Medium
P01061,26,Male,90.0,129.0,89,22,96.5,37.8,87.0,2.98,No,No,No,Cardiac,Abnormal,4,Medium
P01062,57,Female,59.0,121.0,84,31,92.4,38.2,106.5,1.15,Yes,No,No,Multiple,Normal,8,High
P01063,83,Female,82.0,154.0,72,17,95.9,37.2,127.4,,No,No,No,Multiple,Normal,4,Medium
P01064,42,Female,71.0,137.0,83,17,95.3,38.1,110.4,3.12,No,No,No,Multiple,Normal,3,Low
P01065,90,Male,63.0,107.0,89,21,93.2,36.6,120.5,2.86,Yes,Yes,No,Cardiac,Abnormal,10,High
P01066,39,Female,90.0,150.0,87,17,94.1,38.4,76.3,1.01,No,No,No,Cardiac,Normal,1,Low
P01067,21,Female,100.0,120.0,110,25,99.4,36.4,128.0,1.08,No,No,No,Diabetes,Abnormal,4,Medium
P01068,43,Male,102.0,117.0,80,16,95.5,36.4,182.3,2.0,No,Yes,No,None,Normal,2,Low
P01069,75,Female,96.0,147.0,78,18,93.1,36.6,132.6,2.79,No,No,No,Multiple,Normal,7,Medium
P01070,46,Female,75.0,123.0,75,11,97.3,36.4,,1.08,No,No,No,None,Normal,0,Low
P01071,54,Male,99.0,135.0,86,17,98.3,37.4,85.4,1.87,No,No,No,Hypertension,Normal,1,Low
P01072,87,Female,91.0,142.0,78,13,96.0,38.0,100.7,2.67,No,No,No,Hypertension,Abnormal,6,Medium
P01073,35,Female,88.0,105.0,78,20,92.3,37.0,62.5,1.64,No,No,No,Hypertension,Normal,3,Low
P01074,59,Male,73.0,135.0,78,10,88.4,37.2,57.2,1.74,No,No,No,Hypertension,Abnormal,9,High
P01075,58,Female,75.0,159.0,76,23,93.3,35.9,112.2,2.94,Yes,No,No,Diabetes,Normal,7,Medium
P01076,55,Male,86.0,101.0,69,14,99.2,37.1,137.2,1.47,Yes,Yes,No,Hypertension,Normal,3,Low
P01077,51,Female,134.0,136.0,84,27,98.9,38.4,80.8,2.81,No,No,No,Diabetes,Abnormal,7,Medium
P01078,34,Female,91.0,104.0,74,25,93.6,38.1,162.8,1.68,No,No,No,Hypertension,Normal,4,Medium
P01079,54,Female,73.0,151.0,87,21,95.3,36.1,92.6,0.93,Yes,Yes,No,None,Normal,2,Low
P01080,42,Female,68.0,150.0,80,10,98.1,36.6,111.4,2.25,No,No,No,Diabetes,Abnormal,3,Low
P01081,44,Female,75.0,116.0,72,15,95.6,39.7,152.8,1.31,No,No,No,Multiple,Normal,4,Medium
P01082,74,Male,129.0,180.0,101,14,98.8,37.3,102.5,0.86,No,No,No,Hypertension,Abnormal,6,Medium
P01083,48,Female,77.0,153.0,76,14,95.7,38.2,140.1,3.37,No,No,No,Multiple,Normal,3,Low
P01084,23,Female,103.0,143.0,87,26,97.4,38.3,137.9,2.14,No,Yes,No,Diabetes,Normal,4,Medium
P01085,57,Male,77.0,141.0,68,17,95.0,36.1,88.0,1.54,No,No,No,None,Normal,0,Low
P01086,29,Male,90.0,150.0,48,15,93.6,37.6,89.1,1.56,Yes,No,No,None,Normal,3,Low
P01087,70,Female,101.0,100.0,69,14,99.5,37.1,163.9,3.02,Yes,No,No,Multiple,Normal,6,Medium
P01088,88,Male,74.0,130.0,46,15,91.5,38.4,167.8,3.08,No,Yes,No,None,Abnormal,8,High
P01089,27,Female,72.0,135.0,74,21,94.2,38.6,140.0,1.36,No,No,No,None,Normal,1,Low
P01090,62,Male,118.0,115.0,100,10,95.7,36.3,80.3,2.01,No,No,No,Multiple,Normal,4,Medium
P01091,34,Male,105.0,137.0,64,18,98.6,39.8,149.7,1.51,No,No,No,None,Normal,3,Low
P01092,43,Female,101.0,156.0,46,20,93.4,37.1,103.9,2.41,Yes,No,Yes,Diabetes,Abnormal,10,High
P01093,79,Male,101.0,114.0,101,9,96.4,37.5,64.3,1.52,No,No,No,Multiple,Abnormal,7,Medium
P01094,63,Female,94.0,,71,11,91.8,34.9,89.5,0.5,No,No,No,Hypertension,Normal,6,Medium
P01095,81,Male,125.0,104.0,78,18,97.3,37.8,106.1,0.97,No,No,No,Multiple,Normal,6,Medium
P01096,19,Male,86.0,80.0,90,25,100.0,35.3,158.5,2.63,No,No,No,None,Normal,6,Medium
P01097,71,Male,97.0,144.0,86,24,90.1,36.9,82.9,1.22,No,Yes,No,None,Normal,5,Medium
P01098,82,Female,56.0,124.0,89,15,93.8,36.6,76.4,2.43,No,Yes,No,Hypertension,Normal,6,Medium
P01099,68,Female,69.0,126.0,92,25,98.5,37.4,95.7,2.1,No,Yes,No,Multiple,Normal,5,Medium
P01100,70,Male,61.0,100.0,52,16,100.0,37.1,110.1,1.23,No,No,No,Hypertension,Normal,2,Low
P01101,53,Female,110.0,120.0,57,16,97.8,37.5,141.9,1.68,Yes,No,No,Cardiac,Abnormal,5,Medium
P01102,43,Female,45.0,152.0,96,18,93.8,38.0,137.8,1.3,No,Yes,No,None,Abnormal,5,Medium
P01103,46,Female,77.0,125.0,66,22,95.6,36.2,50.0,1.5,No,No,No,Respiratory,Normal,3,Low
P01104,38,Male,45.0,126.0,68,15,92.3,36.8,100.8,0.5,Yes,Yes,No,Cardiac,Abnormal,7,Medium
P01105,28,Female,68.0,130.0,59,16,98.4,36.3,120.0,1.71,Yes,Yes,No,Diabetes,Normal,3,Low
P01106,57,Male,75.0,94.0,72,12,99.1,36.3,80.2,1.34,No,Yes,No,Hypertension,Normal,4,Medium
P01107,28,Male,113.0,141.0,73,20,100.0,38.5,83.8,1.86,No,No,Yes,Hypertension,Abnormal,7,Medium
P01108,53,Male,93.0,94.0,64,23,95.0,36.0,140.0,2.22,Yes,Yes,No,None,Normal,5,Medium
P01109,76,Male,68.0,102.0,62,23,,36.3,142.3,2.3,Yes,No,No,Multiple,Normal,8,High
P01110,56,Male,106.0,99.0,83,11,100.0,38.8,107.9,1.35,No,No,No,Hypertension,Normal,5,Medium
P01111,71,Female,85.0,121.0,66,16,100.0,36.9,131.1,1.28,No,Yes,No,Hypertension,Normal,3,Low
P01112,72,Female,86.0,116.0,69,24,93.0,36.9,,1.68,Yes,No,No,Hypertension,Abnormal,8,High
P01113,41,Male,61.0,125.0,45,19,94.9,37.3,71.1,2.68,No,Yes,No,Multiple,Abnormal,6,Medium
P01114,39,Female,65.0,102.0,107,18,98.4,36.0,71.7,1.39,No,No,No,Multiple,Normal,2,Low
P01115,86,Female,68.0,150.0,92,18,95.2,36.3,99.3,1.25,No,No,No,None,Normal,2,Low
P01116,73,Female,86.0,146.0,71,21,96.1,36.5,87.3,0.92,No,No,No,None,Abnormal,3,Low
P01117,50,Female,87.0,121.0,65,19,91.6,37.8,91.1,2.21,No,Yes,No,Cardiac,Normal,4,Medium
P01118,53,Female,116.0,113.0,78,15,92.6,37.5,111.2,1.57,Yes,Yes,No,None,Abnormal,7,Medium
P01119,37,Female,93.0,111.0,78,22,95.7,36.5,111.3,1.0,No,No,No,None,Normal,0,Low
P01120,79,Female,45.0,117.0,59,12,93.9,36.9,50.0,1.16,Yes,No,No,Multiple,Abnormal,11,High
P01121,90,Male,90.0,90.0,40,25,92.6,37.6,118.8,2.34,No,No,No,Diabetes,Normal,8,High
P01122,43,Male,56.0,101.0,70,14,95.1,35.1,104.9,1.92,No,No,No,Cardiac,Normal,2,Low
P01123,83,Male,66.0,147.0,55,21,93.4,37.2,124.0,1.26,No,No,No,None,Normal,4,Medium
P01124,90,Female,69.0,133.0,81,17,96.1,37.6,89.4,2.26,No,No,No,None,Normal,2,Low
P01125,90,Female,72.0,166.0,81,16,99.0,36.3,89.6,2.63,No,No,No,None,Normal,3,Low
P01126,57,Male,57.0,118.0,63,25,95.1,37.5,99.4,2.32,No,No,No,None,Normal,1,Low
P01127,34,Female,89.0,116.0,70,22,94.7,37.0,,1.97,Yes,Yes,Yes,None,Normal,5,Medium
P01128,18,Female,57.0,115.0,104,18,99.2,38.4,98.3,3.14,No,Yes,No,Respiratory,Normal,3,Low
P01129,78,Male,92.0,117.0,90,27,98.2,36.6,159.4,2.86,Yes,Yes,No,Multiple,Normal,8,High
P01130,60,Male,130.0,109.0,71,23,98.4,37.5,154.1,1.85,No,Yes,No,Multiple,Normal,7,Medium
P01131,59,Male,58.0,132.0,112,14,88.4,35.8,101.5,2.61,No,No,No,Diabetes,Normal,7,Medium
P01132,42,Female,79.0,126.0,60,8,94.7,37.1,94.6,2.32,Yes,No,No,None,Normal,1,Low
P01133,56,Female,45.0,112.0,66,19,94.3,37.7,96.0,1.37,Yes,No,No,Respiratory,Abnormal,4,Medium
P01134,52,Female,79.0,156.0,76,25,93.5,36.6,109.2,3.08,No,Yes,No,Diabetes,Normal,6,Medium
P01135,20,Male,98.0,172.0,55,21,,37.9,92.6,3.15,Yes,No,No,Respiratory,Abnormal,5,Medium
P01136,61,Male,99.0,154.0,105,26,94.4,37.7,144.4,2.76,No,No,No,Respiratory,Abnormal,6,Medium
P01137,68,Female,87.0,,81,15,91.8,37.1,89.2,2.3,No,No,No,Multiple,Abnormal,7,Medium
P01138,29,Male,103.0,144.0,66,17,96.7,36.8,149.5,2.56,No,Yes,No,None,Normal,3,Low
P01139,36,Male,136.0,171.0,85,18,96.0,34.5,77.7,1.53,No,No,No,None,Normal,4,Medium
P01140,61,Female,119.0,144.0,80,19,93.2,36.5,50.0,2.68,No,No,Yes,Hypertension,Abnormal,13,High
P01141,76,Male,75.0,110.0,73,22,99.1,37.9,50.0,0.77,No,No,No,Diabetes,Abnormal,7,Medium
P01142,66,Male,56.0,135.0,60,26,97.6,36.8,93.4,1.54,Yes,No,No,Multiple,Abnormal,7,Medium
P01143,78,Male,77.0,141.0,56,27,97.6,37.4,82.7,0.5,No,Yes,No,None,Normal,4,Medium
P01144,34,Female,66.0,100.0,111,26,97.5,36.6,80.9,2.12,Yes,No,No,Cardiac,Normal,3,Low
P01145,74,Female,94.0,118.0,58,21,99.3,35.9,154.3,2.62,No,No,Yes,Diabetes,Normal,7,Medium
P01146,72,Male,61.0,153.0,103,16,95.5,37.6,85.7,3.12,Yes,No,No,None,Normal,3,Low
P01147,64,Female,84.0,79.0,65,19,92.3,36.0,50.0,1.63,Yes,Yes,No,None,Normal,10,High
P01148,29,Female,102.0,94.0,90,21,95.4,36.8,137.6,1.99,No,No,No,None,Abnormal,5,Medium
P01149,79,Female,83.0,121.0,85,19,91.0,37.3,168.4,1.79,No,No,No,Diabetes,Abnormal,7,Medium
P01150,25,Male,66.0,134.0,88,13,92.8,36.5,133.0,3.25,Yes,No,No,Cardiac,Normal,5,Medium
P01151,38,Female,108.0,91.0,89,16,100.0,38.3,88.2,2.07,No,No,No,Diabetes,Normal,4,Medium
P01152,87,Male,47.0,122.0,54,22,92.7,38.6,121.9,3.28,Yes,Yes,No,Respiratory,Normal,9,High
P01153,89,Male,78.0,154.0,68,17,92.5,36.4,82.9,2.8,No,No,No,Multiple,Normal,7,Medium
P01154,42,Female,84.0,127.0,57,18,98.0,36.4,76.1,2.4,Yes,No,Yes,Multiple,Normal,6,Medium
P01155,29,Male,85.0,148.0,81,18,98.6,36.6,107.1,1.35,Yes,No,No,None,Normal,1,Low
P01156,32,Female,89.0,110.0,58,14,91.0,37.9,112.7,0.93,No,No,No,None,Normal,2,Low
P01157,76,Female,97.0,105.0,48,17,96.7,37.4,106.9,1.87,No,No,No,Cardiac,Abnormal,5,Medium
P01158,43,Male,84.0,146.0,74,16,94.4,37.6,181.9,1.88,No,No,Yes,Hypertension,Abnormal,6,Medium
P01159,43,Male,78.0,134.0,45,15,97.0,38.1,116.7,0.87,No,Yes,No,None,Normal,1,Low
P01160,64,Female,77.0,95.0,82,13,95.1,36.3,153.4,2.67,No,No,Yes,Multiple,Normal,9,High
P01161,49,Female,73.0,105.0,59,17,91.9,37.4,204.3,1.95,No,No,No,None,Normal,2,Low
P01162,27,Female,101.0,164.0,65,21,94.6,37.0,96.1,2.27,No,No,No,None,Abnormal,3,Low
P01163,33,Female,72.0,102.0,44,24,97.9,37.3,120.9,3.16,No,No,No,None,Abnormal,4,Medium
P01164,88,Male,102.0,148.0,103,11,100.0,37.9,147.7,1.18,No,No,No,None,Normal,3,Low
P01165,34,Male,85.0,,56,26,97.2,36.9,119.9,0.5,Yes,Yes,No,Hypertension,Normal,4,Medium
P01166,40,Male,75.0,125.0,73,19,94.8,36.4,103.9,1.33,Yes,No,No,None,Normal,1,Low
P01167,43,Female,97.0,132.0,51,12,92.5,36.2,208.7,3.18,No,Yes,No,Hypertension,Normal,5,Medium
P01168,24,Male,70.0,72.0,65,16,95.5,38.4,162.9,1.81,No,No,No,Cardiac,Normal,4,Medium
P01169,31,Male,98.0,88.0,104,9,94.9,37.0,50.0,1.65,No,No,No,Hypertension,Abnormal,8,High
P01170,24,Male,89.0,127.0,82,10,96.9,35.9,169.3,1.39,No,Yes,No,Cardiac,Normal,3,Low
P01171,26,Male,73.0,107.0,67,27,95.8,38.1,179.0,1.79,No,No,No,Multiple,Normal,3,Low
P01172,65,Female,96.0,150.0,77,15,97.4,35.6,162.8,1.34,No,Yes,No,Respiratory,Normal,4,Medium
P01173,89,Male,96.0,85.0,70,21,94.9,35.8,145.0,1.41,No,No,No,Diabetes,Normal,7,Medium
P01174,76,Male,108.0,139.0,77,17,100.0,36.7,,2.64,Yes,No,No,None,Normal,5,Medium
P01175,56,Male,104.0,91.0,89,18,97.8,36.6,150.3,3.87,Yes,No,No,None,Normal,5,Medium
P01176,35,Male,95.0,116.0,73,20,93.9,37.2,138.1,1.13,No,No,No,Respiratory,Abnormal,5,Medium
P01177,76,Female,62.0,98.0,81,8,99.0,35.5,120.4,1.37,No,No,No,Respiratory,Normal,6,Medium
P01178,34,Female,134.0,173.0,82,25,92.5,37.3,72.1,1.35,Yes,No,No,None,Abnormal,8,High
P01179,31,Male,57.0,92.0,73,18,93.4,38.0,60.1,3.07,Yes,No,No,Multiple,Abnormal,10,High
P01180,48,Female,104.0,122.0,67,15,93.6,36.2,,2.41,No,No,No,Hypertension,Normal,4,Medium
P01181,41,Female,94.0,82.0,70,20,100.0,36.7,145.2,1.59,Yes,No,No,None,Normal,4,Medium
P01182,77,Female,62.0,165.0,88,14,95.5,36.4,113.3,1.4,No,Yes,No,Multiple,Normal,5,Medium
P01183,62,Female,83.0,135.0,90,19,94.1,37.3,80.7,3.05,No,No,No,Diabetes,Abnormal,5,Medium
P01184,20,Male,83.0,128.0,61,17,96.5,36.1,69.8,1.83,No,Yes,No,Diabetes,Normal,2,Low
P01185,54,Female,111.0,162.0,74,22,97.6,36.0,100.5,1.77,No,No,No,Cardiac,Normal,2,Low
P01186,60,Female,71.0,129.0,67,17,,36.9,143.1,0.5,No,No,No,None,Normal,1,Low
P01187,57,Male,80.0,130.0,90,13,91.5,37.3,204.5,2.44,No,Yes,No,None,Normal,3,Low
P01188,72,Male,45.0,128.0,71,20,99.8,37.1,114.0,1.79,Yes,No,No,Hypertension,Normal,3,Low
P01189,56,Male,120.0,139.0,111,17,89.8,36.6,126.5,,No,No,No,Diabetes,Abnormal,8,High
P01190,32,Male,64.0,113.0,81,9,,37.5,160.0,1.88,Yes,No,No,Hypertension,Normal,2,Low
P01191,21,Female,92.0,120.0,96,19,99.5,37.2,112.4,2.55,Yes,No,No,Cardiac,Normal,3,Low
P01192,42,Male,83.0,145.0,63,15,99.6,36.1,129.7,0.5,Yes,No,No,None,Normal,1,Low
P01193,30,Female,83.0,132.0,78,20,97.7,34.9,147.9,0.84,No,No,No,Hypertension,Normal,3,Low
P01194,50,Female,101.0,122.0,87,14,92.8,37.4,159.1,3.37,Yes,Yes,No,Respiratory,Abnormal,9,High
P01195,33,Male,118.0,90.0,63,12,98.2,36.8,117.2,0.82,No,No,No,None,Normal,3,Low
P01196,59,Male,90.0,162.0,78,24,92.8,36.1,95.8,1.19,Yes,No,No,None,Normal,4,Medium
P01197,83,Female,98.0,108.0,94,22,93.2,38.3,123.2,2.8,No,No,No,Cardiac,Abnormal,8,High
P01198,72,Female,92.0,150.0,73,18,94.6,38.3,50.0,,No,Yes,No,Respiratory,Normal,5,Medium
P01199,59,Male,105.0,129.0,65,20,94.9,38.0,126.7,1.85,No,No,No,Cardiac,Normal,2,Low
P01200,51,Male,76.0,93.0,105,22,96.7,37.2,,3.07,No,No,No,Respiratory,Normal,4,Medium
P01201,47,Male,107.0,156.0,60,18,93.9,34.5,182.9,1.34,No,No,No,Respiratory,Normal,6,Medium
P01202,30,Female,107.0,131.0,80,12,97.0,37.9,152.0,1.37,No,Yes,No,Respiratory,Normal,3,Low
P01203,30,Female,107.0,158.0,67,19,91.9,36.3,50.0,2.41,No,No,No,None,Normal,5,Medium
P01204,35,Male,72.0,120.0,64,23,96.1,36.6,,1.93,No,No,No,None,Normal,1,Low
P01205,49,Female,82.0,143.0,89,21,95.2,37.7,173.7,2.62,Yes,No,Yes,Diabetes,Abnormal,8,High
P01206,56,Male,90.0,81.0,75,18,,38.6,78.2,1.28,Yes,No,No,Hypertension,Normal,6,Medium
P01207,63,Female,58.0,112.0,84,21,99.3,38.2,99.0,1.96,No,No,No,None,Abnormal,3,Low
P01208,46,Female,117.0,93.0,44,17,95.5,37.1,172.6,1.74,No,Yes,No,Multiple,Normal,6,Medium
P01209,79,Male,85.0,116.0,86,23,90.1,37.6,117.2,1.49,No,No,No,Diabetes,Normal,6,Medium
P01210,79,Male,91.0,137.0,67,25,91.6,36.1,91.5,0.77,Yes,No,No,None,Abnormal,8,High
P01211,74,Male,73.0,110.0,50,12,99.4,35.7,84.9,1.46,No,No,No,None,Normal,2,Low
P01212,33,Female,58.0,147.0,106,24,95.6,37.9,220.4,1.37,No,No,No,None,Normal,1,Low
P01213,73,Female,73.0,104.0,87,29,100.0,37.3,146.5,2.8,Yes,Yes,No,Diabetes,Normal,6,Medium
P01214,27,Male,89.0,147.0,81,21,98.7,35.8,103.9,2.25,No,No,No,Multiple,Abnormal,5,Medium
P01215,47,Female,98.0,158.0,97,23,96.8,37.0,172.1,2.16,Yes,No,No,Diabetes,Normal,3,Low
P01216,42,Male,88.0,,82,15,96.4,37.5,111.4,1.65,No,No,No,None,Normal,0,Low
P01217,22,Female,92.0,116.0,66,15,92.6,37.7,163.5,1.09,No,No,No,Diabetes,Normal,3,Low
P01218,82,Male,78.0,72.0,75,17,94.1,37.5,138.2,1.98,No,No,No,None,Normal,5,Medium
P01219,66,Female,,140.0,68,16,97.2,36.7,101.5,2.93,Yes,No,No,Diabetes,Abnormal,6,Medium
P01220,20,Female,115.0,,70,11,95.0,36.3,134.9,1.11,No,No,No,Multiple,Normal,3,Low
P01221,62,Female,99.0,101.0,59,17,97.4,37.1,136.5,2.16,No,No,No,Cardiac,Abnormal,4,Medium
P01222,31,Female,101.0,111.0,63,22,99.1,37.6,147.0,1.44,Yes,No,No,Multiple,Normal,4,Medium
P01223,47,Male,91.0,161.0,91,12,95.5,37.7,180.1,1.8,No,No,No,Multiple,Normal,2,Low
P01224,85,Female,55.0,97.0,83,19,94.7,38.3,203.5,1.68,No,No,No,Diabetes,Normal,5,Medium
P01225,35,Male,64.0,137.0,70,19,93.3,37.0,131.4,2.16,No,Yes,No,None,Abnormal,5,Medium
P01226,79,Male,94.0,130.0,63,16,98.5,36.1,50.0,1.68,No,No,No,Hypertension,Abnormal,7,Medium
P01227,54,Male,85.0,116.0,72,20,98.3,37.9,150.1,1.4,Yes,No,No,Hypertension,Normal,2,Low
P01228,42,Male,94.0,141.0,53,20,100.0,37.1,104.6,0.54,Yes,Yes,No,Hypertension,Normal,3,Low
P01229,65,Female,119.0,166.0,80,16,96.5,36.0,50.0,1.98,No,Yes,No,Cardiac,Normal,6,Medium
P01230,82,Male,,118.0,92,23,95.7,37.5,142.6,2.29,No,Yes,No,None,Normal,4,Medium
P01231,70,Female,110.0,119.0,114,21,97.4,38.1,132.6,1.85,No,No,No,None,Normal,2,Low
P01232,90,Female,87.0,141.0,61,26,95.1,37.3,82.8,1.74,No,No,No,Hypertension,Normal,4,Medium
P01233,32,Female,69.0,148.0,92,18,93.3,38.1,67.6,2.99,Yes,No,Yes,None,Abnormal,9,High
P01234,66,Female,84.0,122.0,67,16,96.3,36.6,170.8,3.1,No,No,No,None,Normal,2,Low
P01235,85,Male,69.0,117.0,61,17,97.4,36.4,135.2,2.66,Yes,No,No,Diabetes,Abnormal,7,Medium
P01236,29,Female,116.0,70.0,61,24,97.6,37.7,83.4,2.07,No,No,No,Hypertension,Normal,6,Medium
P01237,76,Male,101.0,106.0,80,17,97.3,36.7,141.5,1.88,No,No,No,Hypertension,Normal,4,Medium
P01238,54,Female,95.0,97.0,64,18,99.2,38.0,98.2,0.96,Yes,No,No,None,Normal,3,Low
P01239,78,Female,110.0,142.0,69,28,97.6,37.1,136.8,0.5,No,No,No,None,Normal,4,Medium
P01240,60,Male,45.0,119.0,71,11,96.8,38.0,127.6,2.9,No,No,No,Diabetes,Normal,3,Low
P01241,87,Female,97.0,118.0,67,20,92.2,37.5,50.0,1.89,No,No,No,Respiratory,Normal,7,Medium
P01242,56,Female,59.0,125.0,66,18,96.7,36.3,119.3,4.51,Yes,No,No,None,Normal,4,Medium
P01243,73,Female,85.0,103.0,42,17,95.5,35.4,108.3,1.33,Yes,No,No,Respiratory,Normal,4,Medium
P01244,80,Female,79.0,164.0,79,13,92.6,37.6,85.4,2.14,Yes,No,No,Respiratory,Abnormal,8,High
P01245,63,Female,98.0,157.0,79,15,97.5,37.5,64.4,2.62,No,No,No,Hypertension,Abnormal,5,Medium
P01246,28,Male,90.0,165.0,66,16,97.6,36.2,106.3,1.28,No,Yes,No,Respiratory,Normal,2,Low
P01247,79,Female,112.0,142.0,83,20,97.3,37.6,100.9,1.58,Yes,No,No,Hypertension,Normal,5,Medium
P01248,42,Female,73.0,124.0,99,22,97.7,38.1,141.1,1.64,No,No,No,None,Normal,0,Low
P01249,88,Male,99.0,165.0,78,9,96.4,36.4,109.2,1.47,Yes,No,No,None,Normal,3,Low
P01250,69,Female,88.0,108.0,98,12,95.3,35.5,118.5,2.12,No,No,No,Hypertension,Normal,3,Low
P01251,21,Male,52.0,103.0,112,21,100.0,37.8,128.1,1.84,No,Yes,No,None,Normal,1,Low
P01252,76,Female,67.0,110.0,116,21,96.4,38.0,96.4,0.5,No,No,No,Hypertension,Abnormal,5,Medium
P01253,89,Female,82.0,138.0,60,11,88.4,36.4,75.1,1.89,Yes,No,No,None,Normal,7,Medium
P01254,37,Male,107.0,106.0,60,22,88.7,37.6,203.5,2.1,No,No,No,None,Normal,5,Medium
P01255,80,Female,94.0,121.0,71,18,99.6,37.3,111.9,1.77,No,Yes,No,Diabetes,Abnormal,6,Medium
P01256,71,Female,62.0,85.0,80,22,90.5,36.9,106.6,3.12,No,No,No,Cardiac,Abnormal,10,High
P01257,74,Male,82.0,137.0,102,14,94.4,37.5,171.5,2.08,No,No,No,None,Normal,1,Low
P01258,58,Male,125.0,87.0,87,11,92.4,36.6,190.5,1.82,Yes,Yes,No,Respiratory,Normal,10,High
P01259,20,Female,87.0,102.0,60,16,95.1,36.1,172.8,2.53,No,Yes,No,Multiple,Normal,4,Medium
P01260,23,Male,78.0,155.0,69,17,97.2,37.3,99.4,3.61,No,No,No,None,Normal,1,Low
P01261,22,Female,95.0,155.0,77,16,94.0,37.2,128.9,1.69,Yes,Yes,No,None,Normal,2,Low
P01262,22,Male,100.0,134.0,56,16,93.6,35.0,138.4,2.64,No,No,No,Diabetes,Normal,5,Medium
P01263,71,Female,76.0,132.0,78,26,98.2,36.1,204.5,3.27,Yes,No,No,Cardiac,Normal,5,Medium
P01264,64,Male,95.0,112.0,60,10,100.0,36.5,,1.62,No,No,No,None,Normal,1,Low
P01265,66,Male,78.0,106.0,53,14,97.6,37.4,133.6,0.86,No,No,No,Respiratory,Normal,2,Low
P01266,26,Male,99.0,116.0,64,16,93.3,35.8,74.5,2.15,No,No,No,Hypertension,Normal,4,Medium
P01267,37,Male,88.0,87.0,84,18,98.6,36.7,64.8,2.88,Yes,Yes,No,Hypertension,Normal,7,Medium
P01268,78,Male,95.0,131.0,84,22,,38.6,,1.57,Yes,No,No,Respiratory,Normal,5,Medium
P01269,52,Male,70.0,126.0,79,22,99.2,37.1,128.8,2.68,No,Yes,No,None,Abnormal,4,Medium
P01270,67,Male,69.0,102.0,93,23,91.4,37.1,132.9,1.11,No,No,No,Respiratory,Normal,5,Medium
P01271,79,Male,104.0,164.0,91,20,97.6,37.0,157.9,1.6,No,No,No,Multiple,Abnormal,7,Medium
P01272,34,Male,83.0,140.0,81,9,94.6,37.8,149.1,1.73,Yes,No,No,Cardiac,Abnormal,4,Medium
P01273,20,Female,91.0,142.0,79,10,96.2,37.0,143.9,1.69,No,Yes,No,Cardiac,Normal,2,Low
P01274,49,Male,79.0,113.0,80,24,94.9,36.8,140.4,1.11,No,No,Yes,None,Normal,4,Medium
P01275,30,Female,103.0,125.0,76,23,98.2,37.1,120.5,1.53,No,Yes,No,Hypertension,Normal,4,Medium
P01276,90,Male,73.0,141.0,45,21,94.9,38.1,123.4,0.5,No,No,No,None,Normal,2,Low
P01277,85,Female,82.0,129.0,95,14,100.0,37.3,151.6,2.35,Yes,No,No,Respiratory,Normal,4,Medium
P01278,31,Female,101.0,165.0,84,16,96.0,37.0,77.5,1.83,Yes,No,No,Respiratory,Abnormal,5,Medium
P01279,28,Male,108.0,120.0,60,16,95.3,37.9,73.0,2.72,No,Yes,No,Diabetes,Normal,4,Medium
P01280,73,Male,75.0,112.0,99,13,97.7,36.6,118.3,,No,No,Yes,Cardiac,Normal,5,Medium
P01281,84,Female,124.0,141.0,69,19,97.1,34.4,121.0,0.5,No,No,No,Hypertension,Abnormal,9,High
P01282,46,Female,91.0,93.0,76,29,97.8,37.4,144.0,2.06,No,No,No,Hypertension,Normal,4,Medium
P01283,26,Male,64.0,148.0,93,16,95.6,37.3,106.1,1.27,No,No,No,Hypertension,Normal,1,Low
P01284,84,Male,92.0,92.0,81,24,100.0,36.5,83.9,2.66,Yes,No,No,Hypertension,Abnormal,10,High
P01285,42,Male,77.0,141.0,98,14,99.0,36.8,139.1,1.63,Yes,No,No,None,Normal,1,Low
P01286,59,Female,94.0,109.0,73,10,96.0,38.0,168.9,3.41,No,No,No,Hypertension,Normal,2,Low
P01287,26,Male,84.0,137.0,103,23,98.5,37.4,129.6,1.08,No,No,No,Diabetes,Abnormal,4,Medium
P01288,57,Male,86.0,148.0,66,17,95.2,38.2,56.8,2.0,Yes,No,No,Diabetes,Abnormal,6,Medium
P01289,42,Male,67.0,129.0,98,24,97.7,37.2,126.0,2.28,Yes,No,No,Respiratory,Abnormal,5,Medium
P01290,22,Male,105.0,95.0,44,25,98.5,36.9,50.0,1.54,No,Yes,No,Cardiac,Normal,8,High
P01291,28,Male,62.0,103.0,61,17,96.7,37.6,113.4,0.73,Yes,Yes,Yes,Cardiac,Abnormal,8,High
P01292,76,Female,63.0,107.0,82,25,93.5,37.3,50.0,1.64,Yes,No,No,Respiratory,Normal,9,High
P01293,55,Female,92.0,78.0,72,14,92.4,37.4,97.8,0.5,No,No,No,None,Abnormal,7,Medium
P01294,89,Male,117.0,153.0,77,14,96.9,36.8,135.4,1.24,No,No,No,Diabetes,Normal,4,Medium
P01295,22,Male,78.0,128.0,79,23,93.8,36.5,103.6,1.66,No,Yes,No,Multiple,Normal,6,Medium
P01296,65,Female,,97.0,60,10,99.2,36.6,160.9,2.6,No,Yes,No,None,Abnormal,7,Medium
P01297,35,Male,106.0,161.0,61,18,91.5,37.4,,2.02,Yes,Yes,Yes,Multiple,Abnormal,12,High
P01298,87,Female,101.0,107.0,81,24,100.0,37.5,70.1,1.48,No,No,No,None,Normal,4,Medium
P01299,54,Male,79.0,131.0,68,25,96.2,34.9,151.0,1.43,Yes,No,Yes,None,Normal,7,Medium
P01300,77,Female,63.0,104.0,98,16,93.4,36.4,142.6,1.36,Yes,No,No,None,Normal,5,Medium
P01301,65,Female,45.0,75.0,75,23,94.6,35.7,166.0,2.54,No,No,No,Diabetes,Normal,8,High
P01302,45,Male,80.0,91.0,89,12,95.4,36.6,143.4,0.61,Yes,No,No,None,Normal,3,Low
P01303,86,Female,109.0,114.0,85,15,97.4,36.5,133.8,1.12,Yes,No,Yes,Diabetes,Normal,8,High
P01304,57,Male,63.0,147.0,69,19,92.3,37.1,75.3,0.61,No,Yes,No,Diabetes,Normal,4,Medium
P01305,62,Female,99.0,134.0,48,20,93.1,37.1,147.5,2.27,No,No,No,Multiple,Normal,5,Medium
P01306,79,Male,66.0,129.0,96,13,95.0,38.7,109.1,3.01,No,Yes,No,Hypertension,Normal,6,Medium
P01307,75,Male,87.0,75.0,63,27,95.9,37.3,147.2,2.26,No,No,No,Cardiac,Normal,7,Medium
P01308,84,Male,99.0,157.0,72,9,98.1,37.5,204.2,2.32,Yes,No,No,None,Normal,3,Low
P01309,73,Female,72.0,131.0,76,18,96.8,35.9,163.3,1.38,No,Yes,No,Hypertension,Normal,4,Medium
P01310,57,Male,88.0,122.0,77,19,94.8,36.7,126.4,2.19,No,Yes,No,None,Normal,1,Low
P01311,57,Male,77.0,153.0,92,9,96.7,36.1,117.9,1.2,Yes,No,No,None,Normal,1,Low
P01312,50,Male,99.0,156.0,78,25,96.5,37.5,98.3,1.34,Yes,No,No,Multiple,Normal,4,Medium
P01313,23,Female,90.0,154.0,76,14,95.2,37.0,50.0,1.77,No,No,Yes,None,Abnormal,7,Medium
P01314,36,Male,86.0,119.0,93,18,96.3,36.7,116.9,1.83,No,Yes,No,Respiratory,Normal,2,Low
P01315,57,Female,,100.0,87,20,89.5,37.8,94.4,3.23,No,No,No,Diabetes,Normal,7,Medium
P01316,76,Female,98.0,150.0,67,11,98.8,36.8,,2.49,No,Yes,No,Diabetes,Normal,4,Medium
P01317,76,Female,71.0,91.0,61,13,97.6,38.1,94.3,1.89,No,No,No,None,Abnormal,6,Medium
P01318,65,Male,83.0,174.0,66,26,100.0,38.1,123.8,3.17,No,No,No,Hypertension,Normal,4,Medium
P01319,58,Male,83.0,126.0,77,18,93.6,36.5,164.8,3.72,No,No,No,Hypertension,Normal,4,Medium
P01320,30,Female,87.0,,59,8,97.7,37.9,121.3,1.82,No,Yes,No,Hypertension,Normal,4,Medium
P01321,62,Male,135.0,94.0,79,16,90.3,37.1,71.6,2.11,No,No,Yes,Respiratory,Normal,11,High
P01322,70,Male,92.0,93.0,76,18,90.7,36.7,81.8,0.81,No,Yes,No,Respiratory,Abnormal,9,High
P01323,59,Female,45.0,129.0,40,19,95.3,37.3,142.6,1.93,No,No,No,None,Normal,0,Low
P01324,80,Female,74.0,125.0,57,8,94.3,35.7,145.1,1.26,Yes,No,No,None,Abnormal,6,Medium
P01325,44,Male,46.0,94.0,40,18,99.1,36.6,80.1,,Yes,No,No,Hypertension,Normal,4,Medium
P01326,55,Female,78.0,116.0,73,14,99.5,37.3,113.9,2.59,Yes,No,No,None,Abnormal,4,Medium
P01327,77,Male,45.0,91.0,94,19,99.9,36.8,151.2,1.89,No,Yes,No,Multiple,Normal,7,Medium
P01328,24,Female,,140.0,50,21,97.8,37.9,183.8,1.1,No,No,No,Hypertension,Normal,1,Low
P01329,22,Male,55.0,124.0,58,20,97.9,36.7,122.1,0.5,No,No,No,Respiratory,Normal,1,Low
P01330,62,Male,93.0,116.0,76,25,92.2,37.1,107.0,1.31,No,Yes,Yes,None,Normal,8,High
P01331,75,Female,85.0,93.0,62,29,100.0,36.9,100.2,1.26,No,No,No,Diabetes,Abnormal,8,High
P01332,48,Male,91.0,117.0,62,12,99.8,35.8,120.7,1.71,No,No,Yes,Diabetes,Normal,5,Medium
P01333,40,Male,83.0,115.0,86,16,91.9,37.3,170.6,0.5,No,No,No,None,Normal,2,Low
P01334,59,Female,57.0,133.0,71,22,97.4,37.3,120.8,2.14,No,Yes,No,None,Normal,1,Low
P01335,27,Male,95.0,129.0,56,17,94.4,35.5,135.0,2.31,No,No,No,None,Normal,1,Low
P01336,49,Male,123.0,145.0,47,8,100.0,35.0,58.1,0.76,No,No,No,Cardiac,Abnormal,8,High
P01337,70,Male,93.0,113.0,111,17,93.1,36.6,178.8,0.5,No,No,No,None,Normal,3,Low
P01338,47,Female,76.0,78.0,95,24,96.3,38.0,168.5,2.61,No,No,No,Diabetes,Abnormal,8,High
P01339,56,Female,56.0,150.0,71,11,96.6,39.2,103.2,1.68,No,No,No,Diabetes,Normal,2,Low
P01340,48,Female,67.0,102.0,79,19,95.8,35.5,110.8,2.31,No,Yes,No,None,Normal,2,Low
P01341,19,Female,94.0,97.0,71,8,100.0,38.3,162.2,1.89,No,Yes,No,None,Abnormal,5,Medium
P01342,29,Female,106.0,124.0,86,22,100.0,37.9,232.8,1.73,No,No,No,None,Normal,1,Low
P01343,56,Male,90.0,133.0,65,19,91.1,36.5,50.0,2.63,No,No,No,Hypertension,Normal,6,Medium
P01344,83,Male,101.0,112.0,70,15,97.5,38.5,94.6,2.47,No,Yes,No,Diabetes,Normal,5,Medium
P01345,30,Male,99.0,112.0,85,16,96.0,37.4,99.2,2.11,No,Yes,No,Cardiac,Abnormal,4,Medium
P01346,63,Female,95.0,115.0,100,11,98.5,36.8,156.6,2.16,Yes,No,No,Cardiac,Abnormal,5,Medium
P01347,44,Male,72.0,160.0,89,23,96.6,35.6,129.2,1.45,No,No,No,Hypertension,Normal,3,Low
P01348,34,Female,88.0,125.0,97,14,93.6,37.1,94.5,2.24,Yes,No,No,Multiple,Abnormal,7,Medium
P01349,77,Male,68.0,101.0,73,21,92.9,37.0,58.4,,No,No,No,Diabetes,Normal,8,High
P01350,81,Female,85.0,101.0,69,13,94.8,38.8,155.5,2.62,Yes,Yes,No,Respiratory,Normal,7,Medium
P01351,52,Male,92.0,119.0,49,29,95.6,36.2,107.0,0.5,No,Yes,No,Diabetes,Normal,3,Low
P01352,87,Male,119.0,131.0,79,26,96.6,36.3,68.7,2.16,No,No,No,None,Abnormal,6,Medium
P01353,47,Female,59.0,137.0,84,28,94.3,36.6,87.7,2.23,No,No,No,Hypertension,Normal,2,Low
P01354,88,Male,95.0,128.0,73,29,100.0,39.1,98.0,2.71,No,No,No,Diabetes,Abnormal,8,High
P01355,80,Male,115.0,104.0,66,15,97.6,36.1,103.0,2.79,Yes,No,No,None,Normal,5,Medium
P01356,45,Female,100.0,114.0,97,14,98.6,38.0,73.2,2.2,Yes,No,No,Respiratory,Abnormal,4,Medium
P01357,77,Male,102.0,143.0,87,28,95.6,35.8,73.7,0.81,Yes,No,Yes,None,Normal,9,High
P01358,54,Male,97.0,96.0,98,17,92.9,37.3,209.8,1.71,No,No,No,None,Abnormal,6,Medium
P01359,39,Female,111.0,113.0,64,22,98.7,37.1,128.2,1.17,No,No,No,Cardiac,Normal,2,Low
P01360,85,Female,63.0,140.0,67,15,93.0,36.4,98.5,0.87,No,No,No,None,Abnormal,6,Medium
P01361,37,Female,57.0,147.0,96,15,89.9,37.6,130.1,2.92,No,No,No,Diabetes,Normal,6,Medium
P01362,85,Female,85.0,120.0,77,22,97.7,36.4,121.4,1.43,No,No,No,Diabetes,Normal,3,Low
P01363,81,Female,45.0,115.0,69,8,93.7,35.7,78.7,3.39,No,No,No,None,Abnormal,8,High
P01364,34,Male,110.0,92.0,71,22,95.0,36.8,50.0,1.49,No,No,No,Diabetes,Abnormal,8,High
P01365,29,Female,109.0,138.0,78,21,98.1,36.3,93.8,1.23,Yes,No,Yes,Hypertension,Abnormal,8,High
P01366,39,Female,76.0,158.0,93,15,,37.2,107.7,2.28,No,No,No,None,Abnormal,4,Medium
P01367,34,Male,78.0,189.0,76,18,91.2,36.8,110.6,1.74,No,Yes,No,Diabetes,Normal,6,Medium
P01368,27,Male,84.0,135.0,90,19,99.7,38.3,50.0,2.02,No,No,No,Hypertension,Normal,3,Low
P01369,82,Male,86.0,124.0,85,19,95.8,36.7,214.2,1.37,No,No,No,None,Normal,2,Low
P01370,39,Male,88.0,102.0,65,21,99.8,37.2,211.1,1.37,No,No,No,Respiratory,Normal,1,Low
P01371,67,Male,96.0,78.0,65,14,97.9,36.1,132.8,1.41,No,No,No,Respiratory,Normal,5,Medium
P01372,31,Female,82.0,129.0,71,31,98.0,36.7,116.0,0.97,No,No,No,None,Normal,3,Low
P01373,81,Male,104.0,184.0,58,17,96.5,36.3,92.4,2.57,No,No,No,Respiratory,Normal,7,Medium
P01374,64,Female,94.0,157.0,70,17,96.5,37.9,138.1,1.96,No,No,No,None,Normal,1,Low
P01375,46,Male,73.0,153.0,101,28,99.4,36.4,110.3,1.92,No,No,No,None,Normal,1,Low
P01376,53,Female,112.0,131.0,78,9,98.4,36.5,165.1,2.33,No,No,No,Multiple,Normal,3,Low
P01377,69,Male,58.0,134.0,67,28,94.2,37.2,151.6,2.09,No,No,No,Hypertension,Normal,3,Low
P01378,24,Female,83.0,70.0,107,18,97.5,36.4,81.0,3.61,Yes,Yes,No,Respiratory,Abnormal,9,High
P01379,46,Female,104.0,144.0,64,15,94.1,38.1,87.5,2.14,Yes,No,No,None,Normal,2,Low
P01380,28,Female,71.0,111.0,64,12,95.1,38.6,153.8,0.5,No,No,No,Multiple,Normal,3,Low
P01381,50,Female,91.0,107.0,96,12,97.7,36.3,142.8,1.4,No,No,No,Multiple,Abnormal,4,Medium
P01382,23,Female,96.0,117.0,88,16,94.1,37.7,70.5,1.05,No,No,Yes,Hypertension,Normal,4,Medium
P01383,49,Female,68.0,116.0,76,19,96.4,36.3,96.7,2.17,No,Yes,No,Respiratory,Abnormal,4,Medium
P01384,68,Female,84.0,107.0,90,21,97.1,36.7,108.8,1.47,Yes,Yes,No,Diabetes,Normal,4,Medium
P01385,75,Female,82.0,125.0,83,19,95.0,37.6,113.5,2.2,No,No,No,Hypertension,Normal,3,Low
P01386,43,Female,74.0,111.0,60,15,98.2,37.1,112.1,1.25,No,Yes,No,Hypertension,Abnormal,4,Medium
P01387,63,Female,131.0,128.0,42,25,94.7,37.1,151.0,1.96,No,No,No,Respiratory,Normal,5,Medium
P01388,46,Male,70.0,88.0,69,31,98.8,37.9,120.8,1.38,No,No,Yes,Hypertension,Abnormal,12,High
P01389,21,Female,105.0,120.0,94,25,96.4,37.9,118.2,1.53,No,No,Yes,Multiple,Normal,7,Medium
P01390,30,Female,77.0,98.0,72,16,96.5,37.0,84.7,1.98,Yes,No,Yes,None,Normal,6,Medium
P01391,56,Male,63.0,109.0,85,21,93.3,36.5,121.7,2.16,No,No,Yes,Respiratory,Normal,6,Medium
P01392,32,Female,87.0,129.0,81,21,95.3,37.0,113.9,2.94,No,No,No,None,Normal,1,Low
P01393,46,Female,98.0,85.0,53,26,96.6,36.2,95.8,2.7,No,No,No,None,Normal,5,Medium
P01394,46,Male,103.0,104.0,72,16,99.1,37.6,69.0,2.55,No,No,No,None,Abnormal,4,Medium
P01395,49,Male,116.0,139.0,83,13,95.0,36.8,166.1,2.15,Yes,No,Yes,Respiratory,Normal,6,Medium
P01396,19,Female,144.0,90.0,66,24,99.1,36.1,186.2,1.41,No,Yes,No,Diabetes,Normal,7,Medium
P01397,64,Male,90.0,169.0,73,20,93.7,38.1,124.8,2.3,No,Yes,No,Hypertension,Normal,5,Medium
P01398,39,Female,72.0,155.0,84,12,97.0,37.0,172.4,2.76,Yes,No,No,Hypertension,Abnormal,5,Medium
P01399,44,Female,94.0,113.0,79,22,94.5,36.4,124.2,2.76,No,Yes,No,None,Normal,2,Low
P01400,84,Female,80.0,105.0,94,27,100.0,37.9,59.5,1.81,No,Yes,No,Hypertension,Abnormal,9,High
P01401,73,Male,104.0,130.0,84,15,100.0,38.0,127.0,,No,No,No,Hypertension,Normal,3,Low
P01402,38,Female,59.0,89.0,64,14,96.9,35.5,101.4,2.43,Yes,No,No,Diabetes,Normal,6,Medium
P01403,64,Female,132.0,75.0,71,18,94.4,37.9,134.0,0.5,No,Yes,No,None,Normal,7,Medium
P01404,76,Male,102.0,114.0,78,21,91.4,37.1,177.8,3.08,No,No,No,Diabetes,Abnormal,9,High
P01405,23,Female,51.0,122.0,98,18,97.1,37.8,94.7,2.78,Yes,No,Yes,None,Normal,5,Medium
P01406,36,Female,71.0,127.0,71,24,96.6,36.9,130.5,1.58,Yes,No,No,Cardiac,Abnormal,5,Medium
P01407,74,Female,101.0,110.0,52,19,98.6,37.3,149.4,1.53,Yes,No,Yes,Diabetes,Normal,7,Medium
P01408,86,Female,109.0,157.0,85,23,91.6,36.8,,3.46,No,Yes,No,Respiratory,Normal,9,High
P01409,20,Female,60.0,88.0,67,14,96.4,37.8,154.4,0.97,Yes,No,No,None,Abnormal,6,Medium
P01410,18,Female,99.0,97.0,59,12,97.3,36.5,70.4,1.59,No,No,No,Diabetes,Normal,3,Low
P01411,75,Male,46.0,137.0,78,16,93.3,37.8,70.4,3.2,No,Yes,No,Multiple,Abnormal,10,High
P01412,55,Female,83.0,96.0,93,11,96.3,37.1,145.6,0.94,Yes,No,No,Hypertension,Normal,4,Medium
P01413,32,Female,107.0,95.0,69,20,93.8,37.6,99.6,1.93,No,No,No,Multiple,Normal,7,Medium
P01414,51,Male,74.0,128.0,85,8,93.5,36.2,75.6,1.61,Yes,Yes,No,Diabetes,Normal,5,Medium
P01415,78,Female,55.0,99.0,88,16,94.4,37.3,162.5,3.45,No,No,No,Multiple,Normal,7,Medium
P01416,52,Female,88.0,122.0,90,17,95.2,37.4,100.2,1.37,No,No,No,Diabetes,Abnormal,3,Low
P01417,81,Male,73.0,108.0,67,13,99.7,38.5,180.2,0.71,Yes,No,No,None,Normal,3,Low
P01418,42,Male,98.0,103.0,61,16,95.0,37.6,97.4,1.99,No,No,Yes,Hypertension,Normal,4,Medium
P01419,41,Male,67.0,72.0,63,18,93.5,36.5,85.1,1.37,No,No,No,Hypertension,Normal,6,Medium
P01420,29,Male,70.0,128.0,90,24,98.4,36.5,112.4,2.28,No,Yes,No,Cardiac,Normal,3,Low
P01421,35,Male,45.0,94.0,88,13,99.1,37.6,145.3,2.15,No,No,No,Hypertension,Abnormal,5,Medium
P01422,32,Male,88.0,121.0,64,20,98.5,36.6,126.7,0.86,No,No,No,Hypertension,Normal,1,Low
P01423,44,Male,82.0,112.0,110,21,100.0,36.6,190.7,3.27,No,Yes,No,None,Abnormal,4,Medium
P01424,89,Female,61.0,120.0,62,18,96.6,36.3,121.9,,No,No,No,None,Normal,2,Low
P01425,77,Female,89.0,121.0,93,16,96.5,37.1,107.9,1.4,No,No,Yes,None,Normal,5,Medium
P01426,63,Female,106.0,130.0,101,12,93.9,37.2,175.4,2.26,No,Yes,No,Diabetes,Normal,6,Medium
P01427,34,Male,81.0,107.0,80,27,100.0,36.7,138.8,3.11,No,No,No,None,Abnormal,4,Medium
P01428,70,Female,90.0,156.0,66,18,95.7,38.4,98.5,0.77,No,No,No,Multiple,Abnormal,5,Medium
P01429,25,Male,90.0,79.0,67,16,95.1,37.5,124.5,1.43,No,No,No,None,Normal,3,Low
P01430,44,Female,61.0,119.0,74,29,94.8,38.4,123.7,2.57,No,Yes,No,Respiratory,Abnormal,6,Medium
P01431,63,Female,126.0,146.0,94,19,97.9,37.1,106.8,1.34,No,No,Yes,Hypertension,Normal,7,Medium
P01432,67,Female,76.0,137.0,60,31,96.3,36.4,122.3,1.93,No,No,No,Respiratory,Normal,5,Medium
P01433,88,Female,98.0,101.0,50,11,96.6,36.2,63.5,1.47,Yes,No,No,None,Normal,3,Low
P01434,20,Male,100.0,105.0,83,17,95.0,36.9,100.8,2.2,No,No,No,Multiple,Normal,2,Low
P01435,81,Male,82.0,100.0,87,11,95.4,37.6,132.3,0.8,Yes,No,Yes,None,Normal,6,Medium
P01436,61,Female,97.0,140.0,108,17,95.6,36.8,93.9,2.05,No,No,No,Multiple,Normal,3,Low
P01437,70,Male,90.0,107.0,57,17,100.0,37.7,79.3,2.19,No,Yes,No,Cardiac,Normal,3,Low
P01438,41,Male,57.0,131.0,76,16,90.6,38.1,,2.34,No,No,No,Respiratory,Normal,3,Low
P01439,77,Female,78.0,132.0,95,18,97.3,36.4,96.1,1.38,No,No,No,None,Normal,2,Low
P01440,20,Male,73.0,184.0,80,16,99.3,36.1,62.1,2.96,No,Yes,No,None,Normal,4,Medium
P01441,37,Male,76.0,133.0,75,17,90.5,37.8,63.1,0.5,No,No,No,None,Abnormal,4,Medium
P01442,63,Male,59.0,105.0,90,14,95.8,37.2,131.3,1.27,No,No,No,Cardiac,Normal,2,Low
P01443,32,Male,108.0,88.0,69,25,,37.3,118.6,3.76,No,Yes,No,Hypertension,Normal,8,High
P01444,42,Female,117.0,118.0,91,12,93.7,37.6,127.6,1.82,No,No,No,Respiratory,Normal,4,Medium
P01445,88,Female,105.0,122.0,59,19,96.8,35.8,103.1,2.7,Yes,No,No,Respiratory,Abnormal,9,High
P01446,34,Male,110.0,70.0,55,12,93.2,37.4,54.5,1.95,No,Yes,No,Respiratory,Abnormal,12,High
P01447,26,Female,78.0,107.0,74,14,96.1,37.1,80.0,3.19,No,No,No,Multiple,Abnormal,5,Medium
P01448,55,Female,72.0,132.0,40,14,99.8,37.4,102.1,1.65,No,No,No,Hypertension,Normal,1,Low
P01449,65,Female,69.0,112.0,79,17,100.0,36.2,132.4,1.98,Yes,Yes,Yes,Hypertension,Normal,7,Medium
P01450,77,Male,98.0,149.0,52,19,96.8,37.1,50.0,2.5,No,No,No,Diabetes,Normal,5,Medium
P01451,80,Male,90.0,86.0,82,12,92.2,36.6,50.0,3.03,No,No,No,Multiple,Abnormal,14,High
P01452,19,Female,83.0,142.0,81,16,95.1,37.8,173.0,0.5,No,No,No,Hypertension,Normal,1,Low
P01453,89,Female,111.0,148.0,77,13,,36.9,,2.21,No,No,No,Cardiac,Normal,6,Medium
P01454,28,Male,93.0,,85,13,95.1,36.5,80.0,1.12,No,Yes,No,Cardiac,Abnormal,4,Medium
P01455,81,Female,68.0,86.0,81,24,98.9,36.2,105.6,1.76,No,No,No,None,Normal,6,Medium
P01456,89,Male,71.0,133.0,74,11,91.9,37.7,98.2,1.37,No,No,No,Cardiac,Abnormal,7,Medium
P01457,38,Female,99.0,108.0,105,18,95.4,37.8,126.6,0.5,No,No,Yes,None,Normal,3,Low
P01458,35,Male,106.0,90.0,84,26,93.6,38.5,94.7,2.65,No,No,No,Hypertension,Normal,8,High
P01459,81,Male,96.0,115.0,90,24,100.0,36.7,69.1,0.75,Yes,No,No,None,Abnormal,6,Medium
P01460,55,Male,123.0,102.0,94,20,97.2,36.2,134.6,1.74,No,No,No,Hypertension,Normal,3,Low
P01461,49,Male,118.0,148.0,88,18,98.6,36.9,187.6,1.71,No,No,No,Multiple,Abnormal,5,Medium
P01462,28,Female,94.0,138.0,109,22,96.9,36.4,136.2,1.16,No,No,No,Diabetes,Normal,1,Low
P01463,62,Male,68.0,96.0,80,20,98.3,36.5,118.0,2.31,No,No,No,Diabetes,Normal,4,Medium
P01464,50,Female,59.0,107.0,78,25,99.2,37.4,106.4,1.51,No,No,No,Hypertension,Normal,2,Low
P01465,58,Male,77.0,115.0,68,17,96.1,37.9,83.5,1.23,No,No,No,Multiple,Normal,2,Low
P01466,25,Male,100.0,123.0,74,23,94.4,37.3,98.7,0.64,Yes,No,No,Multiple,Normal,4,Medium
P01467,28,Female,122.0,150.0,67,16,93.2,37.1,130.7,1.06,No,No,No,Diabetes,Normal,5,Medium
P01468,68,Female,93.0,142.0,88,27,100.0,37.7,162.5,2.14,Yes,Yes,No,Multiple,Normal,6,Medium
P01469,58,Female,108.0,126.0,64,17,98.5,36.8,164.3,0.5,Yes,No,No,Cardiac,Normal,3,Low
P01470,34,Male,80.0,118.0,79,10,89.3,38.2,121.8,3.14,No,Yes,Yes,None,Normal,9,High
P01471,63,Male,97.0,81.0,86,18,95.3,39.4,122.5,1.68,Yes,No,No,Multiple,Normal,8,High
P01472,49,Female,101.0,157.0,80,22,97.2,36.5,117.1,1.11,No,No,No,Cardiac,Normal,2,Low
P01473,71,Male,45.0,114.0,65,26,100.0,38.0,137.8,2.28,No,No,No,Hypertension,Normal,3,Low
P01474,37,Female,77.0,164.0,88,13,92.7,38.0,116.9,1.47,No,No,No,Multiple,Abnormal,6,Medium
P01475,50,Male,104.0,130.0,77,9,97.3,37.4,117.6,2.51,No,No,No,Hypertension,Abnormal,5,Medium
P01476,57,Male,90.0,176.0,40,20,94.8,38.0,80.6,,No,No,No,None,Abnormal,2,Low
P01477,49,Male,61.0,140.0,63,20,92.4,37.3,79.6,1.01,No,No,No,None,Normal,2,Low
P01478,19,Female,45.0,89.0,99,11,100.0,37.5,87.4,2.28,Yes,No,No,Hypertension,Normal,5,Medium
P01479,50,Male,78.0,110.0,100,16,93.1,37.1,124.6,2.76,No,No,No,None,Normal,3,Low
P01480,47,Female,84.0,121.0,86,17,98.9,37.1,102.7,1.96,No,No,Yes,None,Normal,3,Low
P01481,50,Female,67.0,103.0,90,22,91.2,37.5,218.3,1.98,Yes,No,No,Multiple,Normal,5,Medium
P01482,43,Male,88.0,116.0,66,16,94.5,37.3,130.5,1.13,No,Yes,No,Diabetes,Normal,2,Low
P01483,39,Female,95.0,91.0,74,16,97.7,36.2,177.8,1.39,No,No,No,Respiratory,Abnormal,5,Medium
P01484,83,Female,98.0,,97,19,98.2,37.4,174.4,1.27,No,No,No,Diabetes,Abnormal,5,Medium
P01485,55,Male,45.0,131.0,84,11,97.3,36.8,132.0,2.84,No,No,No,Hypertension,Normal,2,Low
P01486,63,Female,59.0,100.0,79,28,99.0,36.6,113.4,2.91,Yes,Yes,Yes,Multiple,Normal,10,High
P01487,32,Female,79.0,174.0,75,23,,37.8,79.0,2.22,No,No,Yes,None,Abnormal,6,Medium
P01488,61,Male,96.0,127.0,96,14,100.0,36.3,90.9,3.41,No,No,No,None,Abnormal,4,Medium
P01489,66,Male,95.0,105.0,95,12,97.1,36.8,148.6,2.29,Yes,No,Yes,None,Abnormal,7,Medium
P01490,78,Male,94.0,84.0,88,13,98.2,36.1,125.8,2.75,Yes,No,No,Hypertension,Abnormal,10,High
P01491,84,Female,77.0,126.0,79,21,97.1,36.7,89.3,1.62,No,No,No,Multiple,Normal,4,Medium
P01492,23,Female,,118.0,73,13,97.5,38.9,106.7,1.67,No,No,No,Diabetes,Normal,2,Low
P01493,26,Male,70.0,145.0,88,17,93.0,36.4,128.2,1.67,Yes,No,No,Diabetes,Abnormal,6,Medium
P01494,23,Female,100.0,121.0,61,10,93.2,36.9,116.0,1.05,Yes,Yes,No,Hypertension,Normal,5,Medium
P01495,90,Male,67.0,95.0,65,21,94.4,38.1,105.5,1.45,No,No,No,Multiple,Abnormal,8,High
P01496,49,Male,102.0,167.0,56,21,97.5,37.4,112.8,2.06,No,No,No,None,Normal,1,Low
P01497,58,Male,89.0,136.0,97,17,94.2,36.9,50.0,1.32,Yes,No,No,Hypertension,Normal,4,Medium
P01498,25,Female,84.0,119.0,67,19,95.1,36.4,115.7,,Yes,Yes,No,Cardiac,Normal,3,Low
P01499,89,Female,72.0,129.0,84,22,95.8,37.5,72.7,1.21,No,Yes,No,None,Normal,3,Low
P01500,67,Male,58.0,137.0,76,19,100.0,36.7,129.5,1.17,No,No,No,None,Normal,1,Low
P01501,79,Male,72.0,89.0,121,22,97.8,38.7,120.4,,No,No,No,Hypertension,Normal,7,Medium
P01502,79,Female,78.0,129.0,85,12,91.6,36.8,144.9,,No,No,No,Cardiac,Normal,5,Medium
P01503,24,Male,45.0,114.0,50,20,96.5,38.4,145.3,2.66,No,Yes,No,Diabetes,Normal,3,Low
P01504,21,Female,81.0,138.0,96,19,95.1,37.7,183.8,2.36,No,No,Yes,Respiratory,Normal,4,Medium
P01505,23,Male,103.0,106.0,72,24,95.3,37.7,50.0,2.45,Yes,No,No,Diabetes,Abnormal,8,High
P01506,75,Male,96.0,110.0,75,18,96.0,36.9,110.0,2.4,Yes,Yes,Yes,Diabetes,Normal,8,High
P01507,39,Female,75.0,167.0,68,18,99.4,36.6,50.0,1.71,No,Yes,No,Diabetes,Abnormal,6,Medium
P01508,43,Female,86.0,156.0,81,15,93.6,36.8,134.6,2.0,No,No,No,None,Abnormal,4,Medium
P01509,20,Female,74.0,70.0,81,25,96.6,37.8,108.3,2.11,No,No,No,None,Abnormal,6,Medium
P01510,58,Female,88.0,154.0,68,8,96.9,37.4,96.2,0.64,No,Yes,No,Cardiac,Abnormal,4,Medium
P01511,77,Female,116.0,123.0,70,21,95.3,35.5,125.7,1.96,No,No,Yes,Diabetes,Normal,8,High
P01512,31,Male,104.0,,80,18,94.1,36.0,72.9,1.5,Yes,No,No,None,Normal,2,Low
P01513,29,Male,95.0,100.0,43,17,93.7,36.9,188.9,3.28,Yes,No,No,Hypertension,Normal,5,Medium
P01514,29,Female,75.0,101.0,56,16,94.7,37.4,105.2,1.65,No,No,No,None,Normal,0,Low
P01515,30,Female,100.0,108.0,103,18,98.2,36.8,118.1,1.7,Yes,No,No,Hypertension,Normal,2,Low
P01516,42,Male,51.0,97.0,83,20,94.9,36.6,109.9,0.82,No,No,No,Hypertension,Abnormal,5,Medium
P01517,62,Male,80.0,91.0,70,14,95.7,36.2,151.9,1.49,No,No,No,Multiple,Normal,5,Medium
P01518,36,Female,97.0,99.0,53,19,92.5,37.7,66.9,0.5,No,No,No,Cardiac,Abnormal,7,Medium
P01519,72,Female,100.0,133.0,77,20,94.6,37.1,148.1,3.29,No,No,No,Diabetes,Abnormal,5,Medium
P01520,62,Male,98.0,126.0,93,13,96.7,38.3,94.3,2.27,No,No,No,Hypertension,Normal,2,Low
P01521,25,Female,91.0,139.0,118,21,91.0,36.0,94.6,1.51,Yes,No,No,Multiple,Normal,5,Medium
P01522,70,Male,81.0,123.0,106,20,99.1,37.6,150.2,2.2,No,No,No,None,Normal,1,Low
P01523,72,Male,96.0,92.0,65,14,94.2,37.4,104.3,1.03,No,Yes,Yes,Hypertension,Normal,8,High
P01524,49,Female,66.0,137.0,71,12,100.0,37.7,139.6,1.65,Yes,No,No,Cardiac,Normal,2,Low
P01525,68,Male,68.0,100.0,56,14,97.3,37.7,140.3,0.91,No,Yes,No,Diabetes,Normal,3,Low
P01526,61,Male,86.0,141.0,65,19,90.5,36.6,101.0,0.58,Yes,No,No,None,Normal,4,Medium
P01527,87,Male,88.0,96.0,75,18,,36.9,124.3,2.41,No,No,No,None,Abnormal,6,Medium
P01528,35,Female,48.0,108.0,72,25,95.0,37.1,95.6,1.72,Yes,No,No,Diabetes,Abnormal,5,Medium
P01529,39,Male,94.0,116.0,109,16,96.9,36.2,114.2,0.5,No,No,No,None,Abnormal,2,Low
P01530,54,Female,100.0,142.0,58,14,100.0,37.8,133.9,1.14,No,No,No,Diabetes,Normal,1,Low
P01531,73,Male,83.0,129.0,77,21,98.1,35.0,76.7,2.84,Yes,No,No,Cardiac,Abnormal,7,Medium
P01532,76,Male,132.0,126.0,47,13,95.3,36.1,132.6,1.22,No,No,Yes,Hypertension,Abnormal,10,High
P01533,20,Male,71.0,172.0,83,14,91.8,35.7,127.7,2.3,Yes,No,No,Cardiac,Abnormal,7,Medium
P01534,45,Male,78.0,79.0,58,14,98.6,37.9,,1.21,Yes,No,No,Multiple,Normal,8,High
P01535,52,Male,77.0,99.0,95,8,97.5,37.2,85.2,1.99,No,No,No,None,Normal,2,Low
P01536,78,Female,83.0,98.0,74,21,99.5,36.6,87.3,2.22,No,No,No,None,Abnormal,6,Medium
P01537,71,Female,78.0,81.0,57,23,95.6,37.1,97.2,1.27,No,No,No,None,Abnormal,7,Medium
P01538,80,Male,57.0,107.0,46,23,96.9,37.2,76.8,1.69,No,Yes,No,Hypertension,Normal,5,Medium
P01539,24,Female,74.0,142.0,63,27,95.3,36.0,152.6,2.05,No,No,No,Diabetes,Abnormal,4,Medium
P01540,66,Female,83.0,110.0,82,26,96.3,37.1,157.4,1.35,Yes,No,No,None,Abnormal,5,Medium
P01541,48,Male,110.0,117.0,84,16,91.5,38.1,83.5,1.63,Yes,No,No,Hypertension,Normal,5,Medium
P01542,75,Female,129.0,82.0,71,24,97.0,38.3,68.8,1.05,No,No,No,Multiple,Normal,10,High
P01543,78,Female,112.0,105.0,92,18,97.1,37.7,114.5,1.88,No,Yes,No,None,Normal,4,Medium
P01544,41,Female,69.0,113.0,61,16,94.5,37.2,168.2,2.66,No,Yes,No,Cardiac,Normal,3,Low
P01545,37,Female,71.0,141.0,40,14,97.8,37.7,201.2,0.87,No,No,No,Diabetes,Abnormal,3,Low
P01546,54,Male,82.0,83.0,82,17,98.6,37.6,88.0,1.24,Yes,No,Yes,Multiple,Normal,9,High
P01547,21,Female,121.0,114.0,97,20,100.0,36.1,50.0,0.5,Yes,No,No,Hypertension,Normal,6,Medium
P01548,37,Male,82.0,152.0,97,26,92.9,36.3,55.5,2.21,No,No,No,Diabetes,Normal,6,Medium
P01549,77,Male,58.0,114.0,59,22,98.0,37.5,50.0,0.52,Yes,No,No,Respiratory,Normal,6,Medium
P01550,41,Female,75.0,72.0,70,14,100.0,36.5,131.7,2.2,Yes,No,No,Hypertension,Normal,5,Medium
P01551,67,Male,100.0,157.0,89,13,94.9,36.2,118.9,2.26,Yes,No,No,Hypertension,Abnormal,5,Medium
P01552,66,Female,99.0,143.0,69,21,100.0,38.0,123.7,2.53,No,No,No,Cardiac,Abnormal,5,Medium
P01553,68,Male,81.0,147.0,80,23,93.8,37.1,160.0,2.1,No,No,No,Multiple,Normal,6,Medium
P01554,53,Female,99.0,81.0,67,24,96.2,36.9,180.2,0.59,Yes,Yes,No,None,Normal,6,Medium
P01555,83,Female,45.0,163.0,62,17,90.8,36.0,148.7,1.69,Yes,No,No,Diabetes,Normal,6,Medium
P01556,51,Male,87.0,106.0,65,20,90.4,36.6,144.4,1.96,No,No,No,Hypertension,Normal,3,Low
P01557,53,Female,102.0,112.0,92,22,91.3,36.7,56.0,2.23,No,No,No,Multiple,Normal,7,Medium
P01558,23,Female,68.0,107.0,78,11,100.0,36.3,94.7,2.26,No,No,No,None,Normal,0,Low
P01559,56,Female,68.0,149.0,97,19,93.7,36.0,170.4,1.46,No,No,No,None,Normal,2,Low
P01560,59,Female,48.0,121.0,86,23,93.7,38.4,93.0,1.71,Yes,Yes,No,Multiple,Normal,7,Medium
P01561,75,Male,117.0,137.0,102,21,97.2,38.1,,1.72,Yes,No,No,Diabetes,Normal,5,Medium
P01562,29,Male,71.0,127.0,90,18,93.8,36.9,119.9,0.79,No,Yes,No,Hypertension,Normal,4,Medium
P01563,20,Male,,,89,31,99.6,35.9,146.3,1.03,No,No,No,Hypertension,Normal,5,Medium
P01564,35,Female,97.0,101.0,76,28,,35.6,80.1,1.74,No,Yes,No,Multiple,Abnormal,7,Medium
P01565,57,Male,115.0,170.0,123,18,89.3,36.6,145.5,1.13,No,No,No,None,Normal,5,Medium
P01566,38,Female,82.0,88.0,80,17,97.6,35.2,89.4,0.63,No,No,Yes,None,Normal,7,Medium
P01567,32,Female,74.0,135.0,48,22,89.8,36.6,124.2,0.58,No,Yes,No,Diabetes,Normal,6,Medium
P01568,43,Female,88.0,134.0,82,18,91.9,35.4,113.8,2.36,No,No,No,Multiple,Normal,5,Medium
P01569,25,Male,111.0,154.0,63,24,97.4,36.9,,2.08,No,Yes,No,Hypertension,Normal,4,Medium
P01570,59,Male,82.0,160.0,93,12,93.2,37.2,148.3,1.92,No,No,No,Cardiac,Abnormal,5,Medium
P01571,61,Male,66.0,122.0,89,17,96.8,36.9,50.0,1.54,No,No,No,Multiple,Abnormal,7,Medium
P01572,31,Male,54.0,138.0,75,21,96.1,38.7,82.6,1.33,No,Yes,No,None,Abnormal,4,Medium
P01573,19,Female,61.0,169.0,65,23,91.1,36.8,89.6,0.5,Yes,No,No,Hypertension,Abnormal,7,Medium
P01574,54,Male,102.0,123.0,80,11,98.0,38.4,142.7,2.28,No,No,Yes,None,Normal,4,Medium
P01575,86,Male,79.0,98.0,68,13,96.9,37.2,95.2,1.47,No,No,No,Respiratory,Abnormal,7,Medium
P01576,55,Male,73.0,115.0,90,10,96.1,38.6,71.4,2.3,Yes,No,No,Cardiac,Normal,3,Low
P01577,58,Male,71.0,,86,14,94.1,35.6,60.4,1.05,No,No,No,None,Abnormal,5,Medium
P01578,79,Female,87.0,134.0,122,12,97.2,36.1,144.1,3.12,Yes,No,No,Multiple,Abnormal,8,High
P01579,77,Male,80.0,152.0,71,21,92.1,36.8,50.0,1.95,Yes,Yes,No,Diabetes,Abnormal,11,High
P01580,31,Male,80.0,,73,19,93.0,38.3,157.2,1.7,No,No,No,None,Normal,2,Low
P01581,19,Male,112.0,84.0,76,17,97.0,36.8,63.5,0.98,No,Yes,No,None,Abnormal,7,Medium
P01582,87,Female,116.0,151.0,76,18,99.1,36.5,97.1,1.93,Yes,No,No,Multiple,Normal,6,Medium
P01583,34,Male,53.0,81.0,93,24,94.6,37.5,68.3,2.29,No,Yes,No,Diabetes,Abnormal,8,High
P01584,45,Male,92.0,86.0,74,13,97.4,37.7,78.2,0.5,Yes,No,No,Hypertension,Abnormal,7,Medium
P01585,83,Male,69.0,121.0,108,8,96.6,36.4,106.1,1.69,No,Yes,No,Diabetes,Abnormal,6,Medium
P01586,52,Female,80.0,131.0,87,22,97.2,36.4,109.5,1.71,No,No,No,None,Abnormal,2,Low
P01587,22,Female,91.0,136.0,71,16,93.9,38.4,53.1,2.16,Yes,Yes,No,Hypertension,Normal,7,Medium
P01588,82,Male,81.0,123.0,67,13,95.6,38.0,98.8,0.5,Yes,No,No,Multiple,Normal,5,Medium
P01589,57,Male,90.0,169.0,94,21,95.9,38.2,119.1,2.44,Yes,No,No,Hypertension,Normal,2,Low
P01590,73,Female,98.0,127.0,78,8,100.0,37.8,133.7,2.39,No,No,No,None,Abnormal,3,Low
P01591,53,Female,91.0,151.0,78,14,92.7,36.3,50.0,2.42,Yes,No,No,None,Abnormal,7,Medium
P01592,62,Female,72.0,145.0,69,8,91.8,37.0,95.8,,No,No,No,None,Normal,3,Low
P01593,40,Female,72.0,93.0,77,19,100.0,36.2,50.0,2.7,Yes,No,Yes,Multiple,Normal,11,High
P01594,64,Female,56.0,121.0,68,26,96.9,37.8,94.7,1.15,No,No,No,Multiple,Normal,4,Medium
P01595,48,Male,68.0,178.0,98,15,97.6,36.6,97.8,0.5,Yes,No,No,None,Normal,1,Low
P01596,28,Male,124.0,112.0,89,14,97.9,35.6,140.2,,No,No,No,None,Normal,3,Low
P01597,27,Male,69.0,108.0,75,27,98.3,37.1,153.9,1.75,No,No,No,None,Abnormal,3,Low
P01598,84,Male,61.0,129.0,75,21,98.7,37.9,74.1,2.78,Yes,Yes,No,Hypertension,Normal,6,Medium
P01599,31,Female,91.0,113.0,79,30,98.3,35.9,126.8,0.97,No,No,No,Respiratory,Normal,3,Low
P01600,27,Female,83.0,105.0,78,19,99.4,36.9,141.2,1.52,Yes,No,No,Diabetes,Abnormal,4,Medium
P01601,18,Female,81.0,,64,19,96.5,36.6,85.1,1.45,No,No,No,Diabetes,Normal,1,Low
P01602,22,Female,113.0,161.0,49,25,99.2,37.8,145.9,2.44,Yes,No,No,None,Abnormal,5,Medium
P01603,37,Female,,122.0,66,17,100.0,35.4,120.4,0.93,No,No,No,Hypertension,Abnormal,4,Medium
P01604,25,Male,74.0,92.0,76,19,96.6,37.9,104.1,2.82,No,No,No,Hypertension,Normal,4,Medium
P01605,60,Male,77.0,87.0,67,8,97.4,36.4,120.7,1.21,Yes,Yes,No,None,Normal,6,Medium
P01606,18,Male,75.0,180.0,90,27,94.3,36.9,51.8,1.45,No,No,No,None,Abnormal,5,Medium
P01607,74,Male,102.0,119.0,75,20,95.5,37.7,120.6,1.83,No,No,No,None,Normal,2,Low
P01608,81,Male,79.0,136.0,106,17,97.1,38.2,81.2,0.99,No,No,No,Multiple,Normal,4,Medium
P01609,45,Female,49.0,106.0,70,23,94.8,37.0,116.2,2.11,No,No,No,Hypertension,Abnormal,4,Medium
P01610,54,Female,84.0,133.0,80,12,96.3,36.4,98.8,2.01,No,No,No,Cardiac,Abnormal,3,Low
P01611,64,Female,54.0,161.0,74,15,97.0,36.6,126.5,1.3,No,Yes,No,Diabetes,Normal,3,Low
P01612,54,Female,129.0,109.0,85,21,100.0,37.9,162.7,2.03,No,No,Yes,Diabetes,Abnormal,8,High
P01613,66,Female,66.0,136.0,94,18,93.4,36.3,120.1,2.05,Yes,Yes,No,None,Normal,5,Medium
P01614,61,Male,82.0,90.0,87,20,97.3,37.3,155.0,2.26,No,No,No,None,Abnormal,5,Medium
P01615,73,Male,90.0,176.0,48,19,94.2,37.0,74.1,2.68,No,No,No,Multiple,Normal,4,Medium
P01616,45,Male,79.0,132.0,85,21,98.3,37.6,172.3,2.13,No,Yes,No,Diabetes,Normal,2,Low
P01617,23,Female,79.0,115.0,63,11,98.5,37.0,74.5,2.19,No,No,No,None,Abnormal,2,Low
P01618,78,Female,93.0,118.0,73,24,100.0,36.7,64.9,0.92,No,No,No,Diabetes,Normal,4,Medium
P01619,37,Female,116.0,112.0,88,16,94.7,36.6,104.0,0.57,No,No,No,Diabetes,Normal,2,Low
P01620,19,Female,100.0,114.0,61,18,96.4,36.6,97.2,1.36,No,No,No,None,Normal,0,Low
P01621,90,Male,115.0,70.0,95,15,98.4,35.9,,2.06,No,No,No,None,Normal,9,High
P01622,54,Female,64.0,123.0,73,17,98.0,37.4,69.9,2.13,No,No,No,Hypertension,Normal,1,Low
P01623,37,Male,91.0,122.0,111,19,88.5,37.2,50.0,0.5,No,Yes,Yes,None,Normal,10,High
P01624,43,Female,88.0,137.0,79,22,93.9,35.8,61.0,1.91,No,No,No,Cardiac,Normal,4,Medium
P01625,46,Male,92.0,112.0,104,23,97.7,36.7,88.6,2.7,Yes,No,No,None,Normal,3,Low
P01626,18,Female,113.0,106.0,96,20,95.4,36.8,174.6,3.61,No,No,No,Respiratory,Normal,3,Low
P01627,52,Female,81.0,125.0,69,15,98.4,36.5,143.5,2.95,No,No,No,None,Normal,1,Low
P01628,87,Male,77.0,85.0,58,20,99.1,36.9,127.9,1.38,No,Yes,Yes,None,Normal,9,High
P01629,76,Male,96.0,129.0,80,19,95.4,36.9,201.6,1.34,Yes,No,No,Cardiac,Normal,4,Medium
P01630,86,Female,49.0,78.0,69,18,97.8,37.7,50.0,2.19,No,Yes,No,Diabetes,Normal,9,High
P01631,50,Male,80.0,153.0,102,21,100.0,37.0,112.3,2.45,No,No,No,None,Abnormal,2,Low
P01632,68,Female,82.0,142.0,74,12,99.1,37.5,196.4,2.7,Yes,Yes,No,Hypertension,Normal,5,Medium
P01633,29,Female,67.0,102.0,73,8,93.7,35.9,94.7,2.28,No,No,No,Hypertension,Normal,4,Medium
P01634,37,Male,106.0,142.0,57,24,95.4,36.2,81.9,0.82,No,No,No,Hypertension,Normal,3,Low
P01635,70,Female,64.0,128.0,84,17,96.1,35.9,147.7,0.69,No,No,No,None,Abnormal,4,Medium
P01636,60,Female,,100.0,60,20,93.2,36.7,92.7,2.97,Yes,No,No,None,Abnormal,7,Medium
P01637,67,Male,91.0,74.0,85,14,99.2,37.0,165.4,1.67,No,No,No,Cardiac,Normal,5,Medium
P01638,46,Female,112.0,133.0,87,24,94.1,38.3,148.3,1.03,No,Yes,No,None,Abnormal,5,Medium
P01639,74,Female,85.0,105.0,67,20,95.7,36.3,107.4,0.89,No,No,No,None,Normal,1,Low
P01640,56,Female,104.0,152.0,92,17,99.2,37.7,154.2,1.37,No,No,No,None,Normal,1,Low
P01641,73,Female,99.0,125.0,74,19,94.6,36.3,105.6,3.08,No,No,No,None,Normal,2,Low
P01642,60,Male,87.0,108.0,56,9,95.0,37.0,120.3,1.61,No,Yes,No,Diabetes,Normal,3,Low
P01643,67,Male,63.0,170.0,101,20,97.0,36.9,138.4,2.38,No,Yes,No,Cardiac,Normal,3,Low
P01644,40,Male,56.0,139.0,64,25,94.8,36.3,99.4,2.08,Yes,No,No,Cardiac,Normal,3,Low
P01645,61,Female,87.0,70.0,86,20,100.0,36.3,175.4,1.75,No,No,No,None,Abnormal,6,Medium
P01646,55,Male,74.0,113.0,84,19,93.3,38.3,117.8,0.5,No,Yes,No,Respiratory,Normal,4,Medium
P01647,40,Male,103.0,90.0,84,16,89.1,36.6,126.6,2.47,No,No,No,None,Abnormal,9,High
P01648,62,Male,100.0,105.0,84,23,98.5,37.8,62.3,1.21,No,No,No,Respiratory,Normal,3,Low
P01649,69,Female,81.0,121.0,63,24,94.9,37.5,89.2,0.5,No,Yes,No,None,Abnormal,5,Medium
P01650,67,Male,62.0,134.0,103,16,93.6,36.5,121.5,0.5,Yes,No,No,None,Normal,4,Medium
P01651,25,Male,95.0,132.0,92,20,97.2,37.0,149.7,2.27,No,Yes,No,Multiple,Abnormal,5,Medium
P01652,18,Female,65.0,152.0,85,19,97.3,37.1,171.5,2.44,Yes,Yes,No,Hypertension,Normal,3,Low
P01653,25,Female,70.0,141.0,58,20,93.7,37.4,72.6,0.5,No,No,No,Diabetes,Abnormal,5,Medium
P01654,46,Female,65.0,139.0,63,14,99.6,36.7,81.9,1.38,Yes,No,No,None,Normal,1,Low
P01655,22,Female,82.0,130.0,88,24,98.6,35.8,65.8,2.09,No,No,No,None,Normal,2,Low
P01656,64,Female,108.0,157.0,48,21,100.0,36.4,134.7,1.92,No,No,No,Cardiac,Normal,3,Low
P01657,51,Female,85.0,117.0,83,24,94.6,37.9,171.5,1.39,Yes,No,No,Multiple,Normal,4,Medium
P01658,82,Male,76.0,118.0,58,12,96.5,37.0,108.7,1.73,No,No,No,Multiple,Normal,4,Medium
P01659,72,Male,54.0,77.0,65,13,96.7,36.7,117.3,2.56,No,No,No,Diabetes,Abnormal,8,High
P01660,60,Female,96.0,151.0,57,28,95.0,35.8,120.3,2.15,Yes,Yes,No,None,Normal,5,Medium
P01661,47,Female,69.0,123.0,82,24,97.2,38.0,96.2,2.32,No,Yes,No,None,Normal,2,Low
P01662,34,Male,87.0,198.0,95,14,97.4,36.8,66.1,1.45,No,No,Yes,None,Normal,5,Medium
P01663,43,Female,78.0,115.0,83,22,97.4,37.9,157.4,0.78,Yes,Yes,No,Respiratory,Normal,3,Low
P01664,25,Female,102.0,127.0,85,16,95.0,37.5,121.2,1.99,No,No,No,Cardiac,Abnormal,4,Medium
P01665,64,Male,82.0,139.0,81,10,95.4,37.6,93.1,2.44,No,No,No,Multiple,Abnormal,5,Medium
P01666,89,Female,,97.0,88,8,94.3,38.3,235.2,1.26,No,No,No,None,Normal,4,Medium
P01667,63,Female,95.0,134.0,85,18,93.7,37.1,114.9,1.99,No,No,No,None,Abnormal,5,Medium
P01668,85,Male,127.0,126.0,40,26,95.8,36.9,50.0,1.8,No,No,No,Hypertension,Normal,8,High
P01669,50,Male,103.0,117.0,92,26,100.0,38.3,141.2,0.5,No,No,No,Cardiac,Normal,3,Low
P01670,18,Male,83.0,154.0,90,24,100.0,37.7,50.0,1.67,No,Yes,No,Diabetes,Abnormal,7,Medium
P01671,36,Male,85.0,102.0,73,22,99.9,36.4,133.6,1.94,No,Yes,No,Hypertension,Abnormal,4,Medium
P01672,48,Male,75.0,132.0,48,20,94.6,37.8,132.6,1.43,No,No,No,Cardiac,Normal,1,Low
P01673,31,Female,66.0,161.0,82,24,97.2,38.2,170.2,2.67,No,No,No,Cardiac,Normal,3,Low
P01674,70,Female,74.0,107.0,83,8,89.9,35.2,74.9,0.8,No,No,No,None,Normal,6,Medium
P01675,65,Female,70.0,118.0,71,23,95.5,36.0,103.3,3.52,No,Yes,No,Hypertension,Normal,5,Medium
P01676,86,Female,98.0,184.0,81,12,94.8,36.4,112.2,1.8,Yes,No,No,Hypertension,Normal,6,Medium
P01677,79,Female,64.0,137.0,94,13,100.0,37.6,149.6,1.65,No,No,No,Hypertension,Normal,3,Low
P01678,83,Male,112.0,112.0,114,21,96.8,37.6,,2.53,No,No,No,Diabetes,Abnormal,7,Medium
P01679,81,Female,100.0,145.0,80,23,96.2,37.4,135.8,0.6,No,No,No,Hypertension,Abnormal,6,Medium
P01680,87,Female,85.0,111.0,83,15,95.8,37.7,163.8,3.62,No,No,No,Diabetes,Normal,4,Medium
P01681,80,Female,85.0,86.0,66,21,95.1,36.1,106.1,1.25,Yes,No,No,Respiratory,Normal,7,Medium
P01682,90,Female,74.0,159.0,70,21,97.6,36.0,173.5,2.51,Yes,No,No,None,Abnormal,6,Medium
P01683,50,Female,90.0,97.0,76,16,94.0,38.0,111.5,1.8,Yes,No,No,None,Abnormal,5,Medium
P01684,58,Male,107.0,186.0,96,19,97.6,37.1,150.8,0.99,No,No,No,None,Normal,3,Low
P01685,65,Female,71.0,113.0,90,28,100.0,38.0,95.2,2.61,No,Yes,No,Cardiac,Normal,5,Medium
P01686,30,Female,54.0,178.0,107,17,96.3,36.4,138.8,2.22,Yes,No,No,None,Normal,1,Low
P01687,90,Female,99.0,91.0,56,17,95.1,36.2,161.3,4.24,No,Yes,No,None,Abnormal,10,High
P01688,48,Female,91.0,151.0,58,19,95.8,36.0,71.7,2.11,No,No,No,None,Normal,0,Low
P01689,85,Female,63.0,137.0,95,17,99.6,37.6,152.8,1.29,No,No,No,None,Abnormal,4,Medium
P01690,21,Female,70.0,146.0,100,22,96.4,37.9,122.2,,No,No,No,Multiple,Normal,2,Low
P01691,36,Male,68.0,149.0,78,25,94.2,37.4,196.5,1.2,No,Yes,No,None,Normal,2,Low
P01692,87,Female,71.0,113.0,40,17,98.4,36.6,104.4,2.01,No,No,No,Hypertension,Abnormal,5,Medium
P01693,30,Male,79.0,92.0,67,14,93.9,37.5,126.7,1.5,No,Yes,No,Cardiac,Normal,6,Medium
P01694,40,Male,80.0,124.0,83,28,95.3,37.5,108.8,2.41,No,No,No,Diabetes,Normal,2,Low
P01695,18,Female,72.0,131.0,65,19,96.7,35.4,141.5,2.09,Yes,Yes,No,Respiratory,Abnormal,6,Medium
P01696,71,Female,,113.0,81,9,93.6,36.7,50.0,0.8,No,Yes,No,Cardiac,Normal,7,Medium
P01697,88,Female,80.0,132.0,106,27,90.6,37.2,58.6,1.47,No,No,No,None,Normal,7,Medium
P01698,32,Male,88.0,133.0,99,24,97.3,37.9,141.7,1.11,Yes,Yes,No,Respiratory,Normal,4,Medium
P01699,82,Female,79.0,102.0,90,26,89.4,36.9,116.1,2.08,No,No,No,None,Normal,7,Medium
P01700,88,Female,108.0,135.0,77,25,93.2,37.1,50.0,2.14,Yes,No,No,Diabetes,Normal,10,High
P01701,32,Female,95.0,118.0,71,31,98.3,36.9,89.6,1.32,Yes,Yes,No,Multiple,Abnormal,9,High
P01702,38,Male,53.0,108.0,89,13,97.3,37.2,99.3,0.5,No,Yes,Yes,None,Normal,4,Medium
P01703,36,Male,95.0,145.0,78,14,95.5,35.9,95.6,4.05,No,No,No,Multiple,Normal,6,Medium
P01704,77,Female,97.0,106.0,79,16,93.3,36.5,152.3,2.06,No,No,No,Cardiac,Normal,5,Medium
P01705,50,Male,76.0,114.0,55,15,94.7,35.2,165.3,2.06,No,No,No,Cardiac,Normal,2,Low
P01706,66,Female,55.0,127.0,67,19,97.7,36.6,50.0,0.5,Yes,No,No,Multiple,Normal,6,Medium
P01707,52,Male,85.0,,89,16,95.6,37.4,110.2,2.38,No,No,No,Multiple,Normal,2,Low
P01708,61,Female,85.0,130.0,61,12,92.3,36.4,119.5,2.65,No,No,No,Respiratory,Normal,5,Medium
P01709,28,Male,63.0,138.0,82,14,93.4,36.8,55.7,2.07,No,No,No,None,Normal,4,Medium
P01710,89,Female,56.0,118.0,84,17,94.7,37.3,165.1,1.91,No,Yes,No,Diabetes,Normal,4,Medium
P01711,83,Female,83.0,123.0,85,24,97.1,39.2,129.8,1.91,No,No,No,None,Abnormal,6,Medium
P01712,63,Male,80.0,124.0,86,15,96.3,36.9,149.0,1.09,Yes,No,No,None,Normal,2,Low
P01713,26,Male,77.0,132.0,87,22,92.3,37.6,97.2,1.24,No,No,Yes,None,Normal,5,Medium
P01714,20,Male,83.0,118.0,69,11,100.0,36.9,83.8,1.62,Yes,No,No,Cardiac,Normal,2,Low
P01715,43,Male,63.0,158.0,56,8,93.8,37.3,92.2,2.68,No,No,No,Respiratory,Normal,4,Medium
P01716,89,Male,76.0,116.0,65,17,97.3,37.0,110.6,2.01,No,No,No,Hypertension,Normal,3,Low
P01717,65,Female,96.0,82.0,89,15,93.2,36.7,98.0,1.21,No,Yes,No,Respiratory,Normal,8,High
P01718,83,Female,78.0,194.0,60,14,100.0,36.8,151.2,1.28,No,No,Yes,Hypertension,Abnormal,10,High
P01719,87,Male,52.0,117.0,62,13,100.0,38.0,221.6,0.5,No,No,No,Cardiac,Normal,3,Low
P01720,45,Female,76.0,158.0,62,14,93.7,37.2,138.3,2.16,Yes,No,No,Cardiac,Normal,4,Medium
P01721,43,Female,64.0,160.0,50,13,96.3,36.0,50.0,1.63,No,No,No,Respiratory,Abnormal,5,Medium
P01722,42,Male,90.0,149.0,61,14,92.9,36.7,121.2,1.95,Yes,No,No,None,Normal,3,Low
P01723,29,Female,91.0,120.0,93,11,94.9,36.3,67.5,4.22,Yes,Yes,No,Respiratory,Normal,6,Medium
P01724,22,Female,52.0,132.0,67,8,97.3,37.7,98.7,1.44,Yes,No,No,Hypertension,Normal,2,Low
P01725,65,Male,100.0,93.0,52,8,98.5,36.4,113.6,1.97,No,No,No,Multiple,Normal,5,Medium
P01726,54,Male,63.0,175.0,70,30,92.3,37.7,104.6,1.3,No,No,No,None,Abnormal,5,Medium
P01727,61,Female,116.0,104.0,86,18,93.8,37.8,73.6,1.67,No,No,No,Multiple,Abnormal,8,High
P01728,32,Male,84.0,119.0,51,26,,37.1,135.9,1.02,No,No,No,None,Abnormal,3,Low
P01729,60,Female,60.0,127.0,92,17,100.0,37.4,50.0,0.92,No,Yes,No,Hypertension,Abnormal,7,Medium
P01730,65,Male,62.0,122.0,56,17,93.7,36.6,130.5,0.5,No,Yes,No,Cardiac,Normal,5,Medium
P01731,87,Male,,109.0,72,20,98.9,37.7,78.9,0.93,No,No,No,Multiple,Normal,4,Medium
P01732,63,Male,,160.0,72,21,92.3,36.0,126.1,1.99,No,No,No,Cardiac,Normal,4,Medium
P01733,60,Male,83.0,149.0,70,12,95.1,36.6,61.2,1.55,Yes,No,No,None,Normal,2,Low
P01734,38,Female,117.0,133.0,77,16,92.6,36.8,124.3,1.62,Yes,No,No,Hypertension,Normal,5,Medium
P01735,40,Male,71.0,115.0,90,20,94.8,37.8,170.1,1.44,Yes,No,No,Cardiac,Normal,2,Low
P01736,64,Male,86.0,152.0,77,8,100.0,38.4,91.2,1.92,Yes,No,No,None,Abnormal,4,Medium
P01737,32,Female,113.0,113.0,69,24,95.8,36.6,90.3,1.87,No,No,No,Hypertension,Normal,3,Low
P01738,42,Female,90.0,164.0,85,23,95.2,36.9,132.3,1.82,No,Yes,No,None,Normal,2,Low
P01739,53,Female,53.0,128.0,81,8,94.3,36.1,123.4,1.54,No,No,No,None,Abnormal,2,Low
P01740,68,Female,95.0,156.0,68,14,95.1,36.9,59.7,2.38,No,Yes,No,Diabetes,Abnormal,7,Medium
P01741,32,Male,62.0,122.0,79,19,93.6,37.9,159.3,0.5,No,No,No,None,Normal,2,Low
P01742,85,Female,113.0,127.0,67,22,96.4,35.6,147.4,1.19,No,No,No,None,Abnormal,6,Medium
P01743,38,Male,69.0,156.0,65,26,95.9,37.0,166.3,1.16,No,No,No,Hypertension,Normal,2,Low
P01744,30,Female,144.0,180.0,90,15,94.6,37.6,136.8,2.32,No,No,No,Diabetes,Abnormal,5,Medium
P01745,36,Male,114.0,164.0,85,30,94.4,37.0,190.5,1.37,Yes,No,Yes,None,Abnormal,8,High
P01746,51,Female,69.0,147.0,90,18,96.5,36.8,50.0,1.02,No,No,No,None,Normal,2,Low
P01747,85,Male,85.0,140.0,88,17,93.8,37.7,176.0,1.94,Yes,No,No,Hypertension,Normal,6,Medium
P01748,69,Male,100.0,112.0,65,21,95.3,36.4,99.4,2.44,Yes,No,No,None,Abnormal,4,Medium
P01749,44,Female,101.0,132.0,93,20,94.6,36.4,93.2,2.39,No,No,No,None,Normal,1,Low
P01750,46,Male,94.0,102.0,74,19,89.4,35.5,86.4,2.54,No,No,No,None,Abnormal,8,High
P01751,45,Male,110.0,134.0,92,28,98.6,37.3,135.4,1.9,Yes,No,No,Cardiac,Normal,4,Medium
P01752,52,Male,83.0,136.0,76,19,90.5,37.2,147.0,2.02,No,No,Yes,Multiple,Normal,7,Medium
P01753,25,Male,78.0,76.0,83,13,90.7,36.5,96.3,1.59,Yes,No,No,None,Abnormal,8,High
P01754,33,Female,78.0,126.0,83,14,98.7,36.3,125.9,1.54,Yes,Yes,No,Diabetes,Abnormal,5,Medium
P01755,53,Male,102.0,135.0,90,25,92.7,37.0,225.6,1.02,No,No,No,Diabetes,Normal,5,Medium
P01756,47,Male,92.0,,53,21,89.8,37.1,88.2,2.35,No,No,No,Hypertension,Abnormal,7,Medium
P01757,35,Female,91.0,134.0,54,10,100.0,36.0,99.2,0.5,Yes,No,Yes,Diabetes,Normal,5,Medium
P01758,19,Female,101.0,91.0,88,10,94.1,35.4,171.8,0.75,No,No,No,None,Normal,4,Medium
P01759,66,Female,45.0,106.0,83,18,99.6,35.6,52.0,3.29,Yes,No,Yes,None,Normal,9,High
P01760,21,Male,91.0,151.0,66,21,93.3,35.8,124.8,1.71,Yes,No,Yes,Respiratory,Abnormal,10,High
P01761,24,Male,89.0,125.0,83,15,91.1,36.0,50.0,1.91,No,No,Yes,Hypertension,Normal,8,High
P01762,56,Female,118.0,133.0,57,10,95.0,36.9,59.8,0.83,Yes,No,No,None,Normal,4,Medium
P01763,30,Male,54.0,111.0,127,12,92.4,37.1,67.4,2.19,No,No,Yes,None,Normal,5,Medium
P01764,48,Female,116.0,125.0,98,26,97.2,36.9,,,No,No,Yes,Diabetes,Normal,7,Medium
P01765,88,Male,87.0,70.0,87,20,98.0,37.3,65.1,2.96,Yes,No,No,Hypertension,Normal,8,High
P01766,80,Female,95.0,146.0,79,23,98.8,37.3,123.0,0.59,No,No,No,Respiratory,Normal,4,Medium
P01767,73,Male,119.0,170.0,69,24,95.1,37.3,171.0,2.73,No,No,No,Hypertension,Abnormal,7,Medium
P01768,59,Female,96.0,98.0,58,15,100.0,37.1,196.6,1.81,No,No,No,Multiple,Normal,4,Medium
P01769,78,Male,93.0,101.0,76,16,93.2,36.2,73.8,0.5,Yes,No,No,Respiratory,Abnormal,8,High
P01770,59,Female,90.0,136.0,65,17,96.4,35.9,144.1,0.57,Yes,No,No,Diabetes,Normal,3,Low
P01771,73,Male,75.0,162.0,66,20,95.6,36.6,163.3,0.5,No,No,No,Cardiac,Normal,2,Low
P01772,53,Male,84.0,125.0,57,23,100.0,37.9,119.8,2.28,No,Yes,No,None,Normal,2,Low
P01773,85,Male,71.0,94.0,82,27,99.6,38.9,143.3,1.65,Yes,No,No,None,Normal,7,Medium
P01774,24,Female,84.0,120.0,72,22,96.1,37.4,133.4,1.28,No,Yes,Yes,None,Normal,4,Medium
P01775,71,Male,45.0,99.0,86,22,96.6,37.3,133.3,1.72,No,Yes,No,Cardiac,Normal,5,Medium
P01776,18,Male,94.0,108.0,85,28,100.0,37.9,85.5,3.21,No,No,No,Multiple,Normal,4,Medium
P01777,61,Male,83.0,117.0,81,17,93.7,38.2,50.0,1.56,No,No,No,Diabetes,Normal,6,Medium
P01778,62,Female,78.0,102.0,118,24,89.9,36.3,101.1,2.06,No,No,No,None,Normal,6,Medium
P01779,64,Male,89.0,106.0,90,21,93.1,39.3,,2.3,No,No,No,None,Normal,4,Medium
P01780,30,Female,56.0,127.0,59,21,94.8,38.3,103.9,0.83,No,No,No,None,Normal,0,Low
P01781,39,Male,124.0,130.0,85,17,100.0,35.9,153.5,2.25,No,No,No,None,Abnormal,5,Medium
P01782,38,Female,83.0,89.0,77,11,99.1,36.2,172.4,2.54,Yes,No,No,None,Normal,5,Medium
P01783,26,Female,82.0,135.0,58,20,95.9,39.3,121.0,2.6,No,Yes,No,Hypertension,Normal,4,Medium
P01784,43,Male,66.0,115.0,57,20,97.4,37.8,67.6,1.68,Yes,No,No,Cardiac,Normal,2,Low
P01785,26,Female,85.0,143.0,85,15,93.9,36.5,99.4,2.55,No,No,No,Diabetes,Normal,4,Medium
P01786,32,Female,113.0,,88,18,100.0,37.1,84.1,2.19,Yes,No,No,Diabetes,Normal,3,Low
P01787,27,Male,106.0,111.0,62,14,99.6,37.6,120.0,1.85,No,Yes,No,None,Normal,2,Low
P01788,59,Female,102.0,140.0,93,14,96.2,37.7,96.3,2.53,No,No,No,None,Abnormal,4,Medium
P01789,89,Female,,104.0,82,16,95.8,38.1,151.1,3.2,No,Yes,No,None,Abnormal,6,Medium
P01790,41,Female,78.0,158.0,96,11,98.1,37.2,81.1,2.54,No,Yes,Yes,Hypertension,Normal,6,Medium
P01791,66,Female,,105.0,94,15,95.8,37.2,202.3,1.74,No,No,No,Hypertension,Normal,2,Low
P01792,43,Male,81.0,134.0,76,22,90.5,36.7,56.1,1.41,No,No,No,Cardiac,Normal,5,Medium
P01793,54,Female,80.0,120.0,103,25,100.0,36.3,127.2,2.22,No,No,No,None,Abnormal,3,Low
P01794,85,Female,106.0,100.0,61,28,,36.2,50.6,1.92,Yes,No,No,Multiple,Normal,9,High
P01795,67,Male,91.0,148.0,114,16,97.1,36.9,156.9,2.7,Yes,No,No,Hypertension,Normal,4,Medium
P01796,41,Male,117.0,110.0,65,24,94.7,37.3,116.9,1.04,Yes,Yes,No,Respiratory,Normal,5,Medium
P01797,36,Female,109.0,82.0,77,20,96.0,35.8,123.2,2.63,No,Yes,No,None,Abnormal,9,High
P01798,77,Male,76.0,70.0,69,17,88.1,38.6,79.1,0.68,No,No,No,Diabetes,Normal,11,High
P01799,56,Male,49.0,103.0,72,20,92.7,36.4,158.4,1.66,Yes,No,No,Cardiac,Normal,4,Medium
P01800,35,Male,113.0,159.0,122,24,100.0,36.3,140.7,2.27,Yes,No,Yes,None,Normal,6,Medium
P01801,36,Male,112.0,156.0,71,16,97.6,37.0,93.2,1.71,No,No,No,None,Abnormal,3,Low
P01802,53,Male,58.0,107.0,91,15,90.2,35.1,114.3,2.15,No,Yes,No,Hypertension,Normal,5,Medium
P01803,72,Male,115.0,116.0,74,16,93.5,37.3,79.4,2.91,Yes,Yes,No,Diabetes,Abnormal,10,High
P01804,86,Male,93.0,113.0,92,15,90.2,36.2,76.2,1.35,No,No,No,Diabetes,Normal,5,Medium
P01805,64,Male,88.0,92.0,70,24,93.7,35.5,90.4,0.68,No,No,No,None,Normal,7,Medium
P01806,66,Male,117.0,101.0,82,14,95.5,37.1,104.0,0.89,No,No,No,None,Normal,2,Low
P01807,50,Female,112.0,150.0,87,15,100.0,37.1,115.1,1.73,No,No,No,None,Normal,1,Low
P01808,38,Female,98.0,138.0,67,20,98.4,38.6,113.2,2.8,No,No,No,Hypertension,Abnormal,5,Medium
P01809,39,Female,94.0,132.0,119,19,95.1,37.1,80.4,1.55,Yes,No,No,Diabetes,Normal,2,Low
P01810,65,Female,97.0,92.0,88,16,95.2,37.1,145.4,3.52,No,No,No,Respiratory,Normal,5,Medium
P01811,54,Female,,128.0,75,26,93.6,37.0,158.6,,No,No,Yes,None,Normal,6,Medium
P01812,32,Male,84.0,70.0,68,15,99.3,34.9,151.5,0.5,No,No,No,None,Abnormal,7,Medium
P01813,52,Male,67.0,146.0,79,17,99.6,37.1,143.2,1.99,No,No,No,Hypertension,Normal,1,Low
P01814,88,Female,78.0,131.0,60,8,92.0,37.0,50.0,1.35,No,Yes,No,Diabetes,Normal,8,High
P01815,49,Female,78.0,91.0,105,16,90.8,36.9,75.1,1.2,No,Yes,No,None,Normal,5,Medium
P01816,28,Male,72.0,165.0,84,11,95.0,36.3,55.5,1.82,No,No,Yes,Multiple,Normal,7,Medium
P01817,27,Female,88.0,80.0,77,13,95.4,37.5,50.0,0.81,No,No,No,None,Normal,5,Medium
P01818,90,Male,79.0,138.0,94,8,96.8,36.2,160.8,2.24,No,No,Yes,Diabetes,Abnormal,8,High
P01819,74,Female,95.0,139.0,67,14,91.0,37.6,182.8,1.96,No,No,Yes,Hypertension,Normal,7,Medium
P01820,42,Male,53.0,94.0,61,18,93.9,37.3,115.3,1.51,No,Yes,Yes,None,Normal,8,High
P01821,19,Female,83.0,124.0,76,17,95.8,38.1,133.9,1.97,No,No,No,Diabetes,Normal,1,Low
P01822,81,Male,88.0,84.0,80,16,93.7,36.6,100.6,3.33,Yes,No,No,Multiple,Abnormal,13,High
P01823,52,Female,79.0,70.0,86,16,98.6,38.1,161.8,1.6,Yes,Yes,No,Diabetes,Abnormal,8,High
P01824,24,Female,82.0,98.0,56,15,100.0,37.2,126.2,1.41,No,No,No,Diabetes,Normal,3,Low
P01825,35,Male,,110.0,71,18,94.4,36.9,,2.34,No,No,No,Diabetes,Normal,1,Low
P01826,84,Male,92.0,141.0,40,17,98.7,36.3,137.5,1.27,No,No,No,Hypertension,Normal,3,Low
P01827,59,Female,98.0,127.0,60,19,94.9,37.3,107.7,2.19,No,No,No,Diabetes,Normal,1,Low
P01828,56,Female,95.0,127.0,89,17,93.2,36.6,122.8,2.46,No,Yes,No,Multiple,Normal,5,Medium
P01829,58,Male,106.0,100.0,92,16,93.9,37.0,142.7,2.92,No,No,No,None,Normal,4,Medium
P01830,41,Male,89.0,112.0,61,22,98.3,37.6,265.4,1.54,Yes,No,No,None,Normal,1,Low
P01831,77,Male,95.0,102.0,73,21,94.1,37.0,186.4,0.74,No,No,No,Multiple,Abnormal,6,Medium
P01832,63,Female,88.0,94.0,78,18,94.7,37.3,121.0,1.59,No,No,No,None,Normal,3,Low
P01833,36,Female,99.0,110.0,94,24,92.6,38.2,77.4,1.94,Yes,No,No,Respiratory,Normal,5,Medium
P01834,85,Male,53.0,127.0,101,18,97.9,37.5,50.0,1.31,No,No,No,Cardiac,Abnormal,7,Medium
P01835,59,Female,67.0,111.0,80,17,97.4,36.5,166.4,1.91,Yes,No,No,Respiratory,Normal,2,Low
P01836,49,Female,117.0,117.0,74,18,100.0,36.7,159.8,3.19,No,No,No,Hypertension,Normal,3,Low
P01837,56,Male,45.0,142.0,56,19,97.8,37.1,89.9,1.34,No,No,No,Diabetes,Abnormal,3,Low
P01838,53,Female,82.0,112.0,80,13,97.2,38.7,111.5,1.15,No,No,No,Multiple,Normal,3,Low
P01839,53,Male,108.0,92.0,109,9,97.7,35.9,123.3,2.55,Yes,No,No,None,Normal,6,Medium
P01840,20,Male,83.0,139.0,97,19,95.2,37.2,138.8,0.81,Yes,No,No,Hypertension,Normal,2,Low
P01841,90,Female,77.0,132.0,81,22,96.3,38.1,181.2,1.81,Yes,No,Yes,None,Normal,6,Medium
P01842,25,Female,88.0,133.0,83,13,98.8,37.5,62.9,1.38,Yes,No,No,Hypertension,Abnormal,4,Medium
P01843,87,Male,78.0,141.0,68,23,93.5,36.9,141.9,0.5,No,No,No,Multiple,Abnormal,9,High
P01844,58,Male,,136.0,73,10,100.0,35.6,123.8,1.69,Yes,Yes,No,Multiple,Abnormal,7,Medium
P01845,85,Male,71.0,126.0,80,15,97.9,38.2,,1.3,No,No,No,None,Normal,2,Low
P01846,30,Female,107.0,185.0,80,27,100.0,36.6,147.3,2.21,Yes,No,No,Multiple,Abnormal,9,High
P01847,66,Male,113.0,93.0,93,20,92.5,36.2,110.5,1.96,No,Yes,No,Multiple,Abnormal,11,High
P01848,77,Male,82.0,110.0,92,16,92.5,37.2,111.8,1.94,No,Yes,No,Diabetes,Normal,6,Medium
P01849,19,Male,57.0,149.0,86,19,97.1,38.1,127.6,1.04,No,Yes,No,None,Normal,1,Low
P01850,77,Male,75.0,129.0,63,24,96.4,37.3,96.7,1.35,No,No,Yes,Multiple,Normal,8,High
P01851,22,Female,81.0,144.0,64,11,94.6,36.7,141.2,2.0,Yes,No,No,Multiple,Normal,3,Low
P01852,61,Female,95.0,129.0,65,25,92.2,37.2,99.1,1.09,No,No,No,Hypertension,Normal,5,Medium
P01853,44,Male,65.0,159.0,82,16,95.2,37.1,182.6,1.77,Yes,Yes,No,None,Normal,2,Low
P01854,49,Female,70.0,100.0,48,22,96.7,36.6,124.1,2.08,No,No,No,Diabetes,Normal,1,Low
P01855,38,Female,95.0,159.0,78,15,92.1,37.1,88.2,2.4,Yes,No,No,None,Normal,3,Low
P01856,25,Female,104.0,154.0,99,26,94.8,36.3,127.4,1.37,No,Yes,No,None,Normal,3,Low
P01857,89,Male,73.0,95.0,88,18,97.1,36.2,154.6,1.49,No,No,No,Cardiac,Abnormal,7,Medium
P01858,67,Female,58.0,141.0,73,11,98.4,37.4,52.0,1.96,Yes,No,No,Diabetes,Normal,5,Medium
P01859,84,Female,151.0,124.0,68,20,95.1,36.7,165.7,1.21,No,No,No,None,Abnormal,6,Medium
P01860,61,Male,101.0,110.0,90,25,93.6,37.0,128.6,,No,No,No,Diabetes,Abnormal,8,High
P01861,75,Male,80.0,78.0,83,24,96.3,36.4,113.8,2.08,No,No,No,None,Normal,6,Medium
P01862,20,Female,102.0,100.0,74,18,95.4,36.5,87.5,1.59,No,No,No,Diabetes,Abnormal,4,Medium
P01863,87,Female,83.0,143.0,69,22,91.6,36.6,128.9,2.23,No,No,No,Multiple,Abnormal,8,High
P01864,19,Male,102.0,145.0,79,16,94.6,36.5,79.7,1.34,No,Yes,No,Respiratory,Normal,3,Low
P01865,61,Male,88.0,120.0,73,21,94.2,36.7,50.0,1.87,No,No,No,None,Normal,3,Low
P01866,19,Male,87.0,145.0,90,20,96.1,37.2,86.5,0.5,No,Yes,Yes,Diabetes,Normal,5,Medium
P01867,52,Male,83.0,149.0,97,8,93.8,38.1,104.1,2.29,No,Yes,No,Respiratory,Normal,4,Medium
P01868,47,Female,56.0,129.0,57,13,94.4,37.6,139.5,,No,No,No,None,Normal,0,Low
P01869,25,Male,124.0,107.0,60,19,,36.7,106.2,1.69,No,Yes,No,Respiratory,Abnormal,6,Medium
P01870,39,Female,66.0,136.0,98,19,97.9,36.5,69.2,1.68,Yes,No,No,Hypertension,Abnormal,4,Medium
P01871,61,Female,58.0,137.0,80,18,96.3,35.6,88.6,1.52,No,No,No,None,Abnormal,4,Medium
P01872,75,Female,81.0,142.0,61,18,100.0,36.5,115.8,1.85,No,No,No,Multiple,Normal,4,Medium
P01873,53,Male,66.0,147.0,93,24,92.2,36.1,140.8,1.81,Yes,No,No,Multiple,Normal,6,Medium
P01874,86,Male,84.0,91.0,83,20,98.7,37.0,147.5,1.98,No,No,No,Respiratory,Normal,5,Medium
P01875,48,Female,99.0,112.0,111,8,95.8,38.3,60.5,0.79,No,No,No,Hypertension,Normal,1,Low
P01876,64,Female,105.0,,74,28,91.8,36.7,117.0,2.42,No,No,No,Cardiac,Abnormal,11,High
P01877,72,Female,101.0,144.0,95,8,94.9,35.8,145.9,1.7,No,Yes,No,None,Normal,4,Medium
P01878,79,Female,79.0,120.0,56,23,91.5,36.8,80.1,2.07,No,No,No,Respiratory,Normal,6,Medium
P01879,47,Female,86.0,136.0,99,10,96.2,36.6,187.0,1.7,No,No,No,Multiple,Abnormal,4,Medium
P01880,72,Male,93.0,88.0,92,25,95.1,38.0,95.2,0.95,No,No,No,None,Normal,5,Medium
P01881,33,Male,50.0,160.0,102,17,93.9,35.5,155.8,3.83,No,No,No,None,Normal,4,Medium
P01882,29,Male,96.0,95.0,95,20,92.8,36.2,142.6,1.9,No,No,No,None,Normal,4,Medium
P01883,34,Female,56.0,144.0,77,8,99.1,37.6,87.5,0.54,No,Yes,No,None,Normal,1,Low
P01884,33,Female,126.0,128.0,60,22,95.5,35.7,115.6,1.73,No,No,No,None,Normal,3,Low
P01885,29,Male,77.0,,69,20,96.6,37.5,169.6,1.49,No,No,No,Respiratory,Abnormal,3,Low
P01886,25,Male,81.0,118.0,52,21,96.5,36.5,93.5,1.67,Yes,No,No,None,Abnormal,3,Low
P01887,20,Female,70.0,109.0,64,23,96.3,37.8,122.1,0.5,No,No,No,None,Normal,1,Low
P01888,33,Male,72.0,157.0,84,19,,37.0,54.8,1.82,No,Yes,No,Multiple,Normal,5,Medium
P01889,47,Male,130.0,125.0,77,17,100.0,36.9,129.4,1.1,Yes,No,No,None,Abnormal,5,Medium
P01890,40,Male,104.0,93.0,75,14,100.0,37.5,98.8,2.98,Yes,No,No,Respiratory,Abnormal,8,High
P01891,22,Female,54.0,115.0,66,16,100.0,37.0,136.0,1.71,No,Yes,No,Diabetes,Abnormal,4,Medium
P01892,82,Female,115.0,128.0,51,24,96.1,36.0,81.2,2.38,No,No,No,Diabetes,Normal,5,Medium
P01893,47,Male,109.0,147.0,81,14,95.9,36.6,127.8,2.51,No,No,No,Hypertension,Abnormal,5,Medium
P01894,38,Female,79.0,110.0,84,9,99.3,35.7,101.0,2.16,No,No,Yes,Respiratory,Abnormal,7,Medium
P01895,87,Male,91.0,112.0,63,13,93.7,36.3,50.0,1.93,No,No,No,None,Normal,6,Medium
P01896,39,Male,85.0,126.0,70,21,100.0,35.3,118.5,,Yes,No,No,None,Normal,3,Low
P01897,89,Female,124.0,147.0,101,16,98.4,38.9,165.4,1.3,No,No,No,Multiple,Normal,7,Medium
P01898,49,Female,69.0,91.0,95,21,95.2,37.0,71.1,2.4,No,No,No,None,Normal,2,Low
P01899,50,Female,88.0,138.0,56,8,96.8,37.4,89.2,1.47,Yes,No,No,None,Normal,1,Low
P01900,33,Male,76.0,113.0,77,8,97.9,36.3,168.0,1.87,No,No,No,None,Abnormal,2,Low
P01901,55,Male,56.0,117.0,100,19,94.7,37.4,137.3,0.83,Yes,Yes,No,None,Normal,2,Low
P01902,31,Male,129.0,175.0,75,23,99.1,37.6,101.8,0.76,No,No,No,Diabetes,Normal,4,Medium
P01903,53,Female,61.0,120.0,74,9,99.8,37.7,126.8,1.74,No,Yes,No,Multiple,Normal,3,Low
P01904,40,Male,89.0,144.0,94,21,95.2,36.9,90.0,2.66,No,No,Yes,Multiple,Normal,6,Medium
P01905,83,Male,50.0,143.0,93,24,94.6,37.8,213.9,1.64,No,No,Yes,None,Abnormal,8,High
P01906,19,Male,77.0,95.0,92,18,95.7,36.5,150.5,3.15,Yes,Yes,No,Diabetes,Normal,6,Medium
P01907,90,Male,93.0,79.0,74,23,92.5,37.3,183.4,2.12,No,Yes,No,Hypertension,Abnormal,12,High
P01908,82,Female,69.0,146.0,88,19,91.0,37.0,118.7,1.67,No,No,No,None,Normal,4,Medium
P01909,84,Female,97.0,98.0,100,17,94.7,36.1,64.0,2.99,No,No,No,None,Normal,5,Medium
P01910,69,Female,80.0,83.0,77,22,93.1,35.5,135.1,2.85,No,Yes,No,Diabetes,Normal,10,High
P01911,79,Male,108.0,,72,28,100.0,36.8,165.2,0.71,No,No,No,Diabetes,Normal,5,Medium
P01912,40,Male,112.0,100.0,96,15,94.6,36.8,166.9,1.77,Yes,No,No,Multiple,Abnormal,6,Medium
P01913,43,Male,73.0,106.0,109,18,97.4,36.8,50.0,2.21,Yes,No,No,Respiratory,Abnormal,6,Medium
P01914,85,Female,87.0,174.0,110,13,94.1,37.8,123.5,2.38,Yes,No,No,Hypertension,Normal,4,Medium
P01915,72,Female,89.0,84.0,72,19,100.0,38.1,51.1,2.29,No,Yes,Yes,None,Normal,10,High
P01916,23,Female,97.0,94.0,74,17,95.4,37.5,91.6,1.67,No,No,No,Diabetes,Abnormal,5,Medium
P01917,52,Female,85.0,114.0,63,24,92.3,37.5,138.4,1.55,Yes,Yes,Yes,None,Normal,8,High
P01918,39,Female,89.0,119.0,80,25,98.0,36.9,168.3,1.72,No,No,No,None,Normal,1,Low
P01919,60,Male,80.0,103.0,62,22,96.8,37.1,123.9,1.2,No,No,Yes,Multiple,Normal,6,Medium
P01920,32,Female,87.0,96.0,70,23,99.6,37.3,69.1,0.71,No,No,No,Hypertension,Normal,4,Medium
P01921,77,Female,111.0,163.0,89,14,95.5,37.1,139.0,2.21,No,Yes,No,Respiratory,Normal,5,Medium
P01922,29,Female,98.0,132.0,84,13,96.3,37.5,81.0,2.26,No,Yes,No,None,Normal,1,Low
P01923,66,Male,99.0,140.0,51,20,91.5,37.0,103.3,3.2,No,Yes,No,Diabetes,Abnormal,8,High
P01924,59,Female,99.0,122.0,102,18,98.5,36.6,118.6,1.33,No,No,No,Hypertension,Normal,1,Low
P01925,55,Female,82.0,132.0,62,28,96.2,37.2,,2.09,Yes,No,No,None,Abnormal,4,Medium
P01926,62,Female,91.0,148.0,64,8,95.6,36.8,140.5,1.6,No,No,No,Multiple,Abnormal,5,Medium
P01927,52,Male,63.0,100.0,59,21,95.3,38.2,145.1,1.68,No,No,No,Respiratory,Normal,1,Low
P01928,47,Male,110.0,132.0,68,21,95.2,36.7,156.1,1.29,Yes,Yes,No,Multiple,Normal,5,Medium
P01929,47,Female,45.0,142.0,65,14,,39.3,172.0,1.84,Yes,No,No,Diabetes,Normal,3,Low
P01930,23,Female,83.0,164.0,65,13,93.2,38.3,109.3,2.91,No,No,No,None,Abnormal,5,Medium
P01931,84,Female,108.0,174.0,41,16,98.2,36.1,,1.46,Yes,No,No,Cardiac,Abnormal,7,Medium
P01932,24,Female,58.0,127.0,80,10,91.2,38.0,,2.12,No,No,No,None,Normal,2,Low
P01933,69,Male,93.0,153.0,81,25,90.3,36.9,184.4,1.32,No,Yes,No,None,Normal,5,Medium
P01934,31,Female,71.0,70.0,112,32,100.0,37.5,179.6,0.63,Yes,Yes,No,None,Normal,8,High
P01935,90,Male,78.0,164.0,85,16,92.9,38.3,168.5,1.68,Yes,Yes,Yes,Hypertension,Abnormal,12,High
P01936,32,Female,104.0,107.0,71,15,96.3,36.4,91.6,3.33,No,Yes,No,Hypertension,Normal,4,Medium
P01937,38,Male,89.0,119.0,60,11,95.2,36.6,182.5,1.15,No,No,No,None,Normal,0,Low
P01938,52,Male,45.0,136.0,77,13,97.0,37.6,108.2,,Yes,No,No,Cardiac,Normal,2,Low
P01939,83,Female,65.0,121.0,85,15,96.2,36.7,128.7,1.1,Yes,No,No,Respiratory,Normal,4,Medium
P01940,19,Male,105.0,130.0,70,24,99.1,35.2,148.1,3.25,Yes,No,No,Cardiac,Abnormal,8,High
P01941,52,Female,94.0,165.0,79,34,91.7,37.8,165.4,2.68,No,No,No,None,Abnormal,8,High
P01942,37,Male,120.0,115.0,106,14,98.0,37.3,136.6,2.31,Yes,Yes,No,None,Normal,3,Low
P01943,27,Male,119.0,98.0,72,13,95.8,37.0,170.0,2.88,No,No,No,Diabetes,Abnormal,7,Medium
P01944,42,Female,78.0,170.0,50,12,91.4,37.1,,2.53,Yes,No,No,Diabetes,Normal,5,Medium
P01945,83,Female,135.0,138.0,91,20,94.4,38.8,106.9,1.71,No,No,No,None,Normal,5,Medium
P01946,42,Male,85.0,173.0,83,20,91.2,37.8,102.2,1.44,No,No,No,Hypertension,Abnormal,5,Medium
P01947,71,Male,66.0,147.0,52,19,91.0,36.3,69.0,2.62,Yes,No,No,None,Normal,5,Medium
P01948,50,Female,72.0,92.0,84,16,94.7,37.1,50.0,1.89,No,Yes,No,Diabetes,Normal,6,Medium
P01949,53,Female,45.0,141.0,63,25,99.6,37.9,156.7,1.07,No,No,Yes,None,Normal,4,Medium
P01950,31,Female,117.0,100.0,85,22,96.9,37.9,105.6,2.22,Yes,Yes,No,Diabetes,Abnormal,6,Medium
P01951,82,Male,117.0,125.0,107,22,99.9,35.8,144.7,1.54,No,No,No,Cardiac,Abnormal,7,Medium
P01952,71,Female,65.0,123.0,75,20,96.2,36.6,138.9,2.69,No,Yes,No,Hypertension,Normal,4,Medium
P01953,69,Female,80.0,85.0,94,17,100.0,36.1,121.3,1.03,No,Yes,No,Cardiac,Abnormal,8,High
P01954,20,Male,87.0,105.0,60,14,100.0,37.5,152.8,2.25,No,No,No,Hypertension,Normal,1,Low
P01955,58,Female,66.0,180.0,55,21,93.2,36.3,157.9,1.93,Yes,No,No,Multiple,Abnormal,7,Medium
P01956,23,Female,50.0,131.0,108,20,96.2,38.2,76.9,,No,No,No,None,Normal,0,Low
P01957,42,Female,81.0,121.0,83,21,93.8,38.0,176.3,2.02,No,No,No,None,Normal,2,Low
P01958,30,Female,79.0,170.0,88,10,95.6,36.8,149.6,1.65,No,Yes,No,None,Normal,1,Low
P01959,25,Male,77.0,115.0,95,20,100.0,36.0,80.0,2.2,No,No,No,None,Abnormal,2,Low
P01960,38,Female,89.0,123.0,70,16,94.1,36.4,89.0,2.02,No,Yes,No,Hypertension,Normal,2,Low
P01961,85,Female,114.0,150.0,90,14,92.4,37.4,65.3,1.89,No,No,No,Cardiac,Normal,6,Medium
P01962,42,Female,79.0,115.0,88,22,92.6,37.7,140.1,2.77,Yes,No,No,None,Abnormal,6,Medium
P01963,85,Female,88.0,106.0,59,19,94.8,37.0,107.9,0.73,No,No,Yes,Multiple,Normal,7,Medium
P01964,62,Female,100.0,70.0,101,30,100.0,34.9,50.0,2.27,No,Yes,No,Diabetes,Normal,11,High
P01965,77,Female,96.0,102.0,98,20,100.0,37.5,92.8,1.98,No,No,No,Respiratory,Normal,3,Low
P01966,29,Male,73.0,101.0,59,17,87.4,35.4,99.8,2.2,Yes,No,No,Hypertension,Normal,7,Medium
P01967,49,Male,87.0,129.0,81,17,95.9,35.3,119.2,2.28,No,No,No,Hypertension,Abnormal,4,Medium
P01968,30,Male,96.0,110.0,75,12,94.1,37.8,53.4,2.33,No,No,No,None,Normal,2,Low
P01969,48,Female,62.0,179.0,99,24,99.0,36.1,119.7,1.49,No,No,No,Multiple,Normal,3,Low
P01970,37,Female,110.0,99.0,57,20,,37.2,175.0,1.28,No,Yes,No,Diabetes,Abnormal,9,High
P01971,35,Female,114.0,160.0,130,20,92.9,37.1,122.5,2.18,Yes,Yes,No,Multiple,Abnormal,9,High
P01972,77,Male,71.0,130.0,75,13,94.3,36.4,138.6,2.98,No,Yes,No,None,Normal,4,Medium
P01973,80,Female,89.0,,89,22,93.9,37.2,177.5,1.63,Yes,No,No,Multiple,Abnormal,9,High
P01974,23,Male,98.0,144.0,99,13,98.0,36.6,111.2,0.99,No,No,No,Hypertension,Normal,1,Low
P01975,49,Female,74.0,70.0,75,15,95.0,37.0,109.9,2.43,No,No,No,Respiratory,Normal,4,Medium
P01976,60,Female,95.0,125.0,76,19,99.0,36.7,128.8,,No,Yes,No,Hypertension,Normal,3,Low
P01977,19,Male,88.0,118.0,70,15,93.6,36.6,79.6,2.05,No,Yes,No,Hypertension,Abnormal,6,Medium
P01978,77,Male,56.0,97.0,65,14,98.6,36.5,87.2,1.0,No,No,No,None,Normal,4,Medium
P01979,40,Male,94.0,136.0,82,18,92.5,36.3,50.0,1.57,Yes,No,No,Cardiac,Normal,6,Medium
P01980,48,Male,63.0,168.0,76,23,97.8,37.7,206.5,1.79,No,Yes,No,Multiple,Normal,4,Medium
P01981,22,Male,104.0,70.0,70,22,94.5,36.6,148.2,1.56,No,Yes,Yes,Cardiac,Abnormal,11,High
P01982,51,Male,72.0,112.0,71,22,98.7,36.1,77.1,1.99,No,No,No,Diabetes,Normal,1,Low
P01983,27,Female,82.0,94.0,87,20,88.7,36.7,156.0,2.06,No,No,No,Respiratory,Normal,7,Medium
P01984,19,Male,112.0,127.0,66,16,93.7,36.6,82.7,1.39,Yes,No,No,Diabetes,Abnormal,7,Medium
P01985,28,Female,95.0,117.0,74,24,99.5,36.7,117.7,1.36,No,No,No,Diabetes,Normal,2,Low
P01986,67,Female,63.0,110.0,91,9,95.4,37.6,117.5,2.81,Yes,Yes,No,Hypertension,Normal,5,Medium
P01987,48,Female,,142.0,82,20,90.9,36.5,97.2,1.61,Yes,Yes,No,None,Normal,4,Medium
P01988,73,Female,73.0,166.0,62,22,93.9,36.7,82.5,2.04,Yes,No,No,Diabetes,Normal,5,Medium
P01989,90,Female,93.0,192.0,78,18,97.2,37.5,163.3,0.7,Yes,No,No,None,Abnormal,7,Medium
P01990,26,Male,92.0,107.0,85,14,93.6,37.4,118.4,3.24,No,No,No,Multiple,Normal,5,Medium
P01991,38,Male,68.0,79.0,93,18,99.5,36.5,182.3,2.17,Yes,No,No,Multiple,Normal,6,Medium
P01992,90,Male,62.0,139.0,67,14,99.3,37.8,73.4,0.5,No,No,No,Multiple,Normal,4,Medium
P01993,45,Female,91.0,165.0,70,21,,37.7,96.1,0.99,No,No,No,Respiratory,Normal,1,Low
P01994,79,Male,81.0,145.0,68,23,99.1,37.7,113.2,1.22,No,Yes,No,Multiple,Normal,6,Medium
P01995,24,Female,128.0,165.0,68,20,94.5,37.2,159.1,3.17,No,No,No,None,Normal,3,Low
P01996,33,Female,86.0,119.0,84,20,100.0,36.9,83.4,3.82,No,Yes,No,None,Normal,2,Low
P01997,21,Female,121.0,110.0,87,22,99.2,36.1,137.9,2.23,Yes,No,No,Hypertension,Normal,4,Medium
P01998,21,Female,62.0,128.0,94,22,95.6,35.9,128.7,2.68,No,No,Yes,None,Normal,5,Medium
P01999,57,Male,54.0,117.0,77,14,91.1,36.9,172.1,2.8,No,No,No,None,Abnormal,5,Medium
P02000,34,Male,63.0,142.0,57,10,88.9,37.0,134.9,0.92,Yes,Yes,No,Diabetes,Normal,7,Medium
P02001,69,Male,109.0,149.0,88,19,99.0,36.8,50.0,1.74,No,No,Yes,Multiple,Normal,9,High
P02002,69,Male,120.0,151.0,80,23,91.2,36.9,74.4,1.73,No,No,No,Multiple,Normal,7,Medium
P02003,53,Male,69.0,138.0,79,10,93.2,38.1,,2.91,No,Yes,No,Diabetes,Abnormal,7,Medium
P02004,55,Female,76.0,131.0,59,18,97.4,38.3,96.9,3.48,No,Yes,No,Hypertension,Abnormal,5,Medium
P02005,67,Male,62.0,145.0,75,24,92.1,36.1,168.0,3.57,Yes,Yes,No,None,Normal,7,Medium
P02006,80,Female,49.0,76.0,60,17,100.0,37.2,104.4,2.2,No,No,No,None,Normal,5,Medium
P02007,80,Female,99.0,130.0,85,26,96.7,37.0,116.4,2.11,No,No,No,Multiple,Normal,5,Medium
P02008,79,Female,89.0,126.0,72,25,100.0,37.5,106.0,1.45,No,No,No,Cardiac,Normal,4,Medium
P02009,24,Male,85.0,130.0,70,17,99.1,38.4,136.6,1.85,No,No,No,None,Normal,0,Low
P02010,44,Female,57.0,123.0,55,16,88.4,38.8,86.1,2.65,Yes,No,No,None,Normal,7,Medium
P02011,31,Female,118.0,136.0,93,16,98.2,37.6,108.2,2.56,No,No,Yes,Cardiac,Normal,6,Medium
P02012,88,Male,75.0,111.0,74,19,96.0,37.0,107.7,2.24,Yes,No,No,Diabetes,Normal,4,Medium
P02013,22,Female,96.0,153.0,79,12,95.8,36.7,112.2,1.12,No,No,No,Diabetes,Abnormal,3,Low
P02014,72,Female,56.0,137.0,67,11,95.9,39.0,92.4,3.35,No,No,No,Respiratory,Abnormal,6,Medium
P02015,19,Female,81.0,129.0,53,8,99.2,36.4,61.6,2.18,No,No,No,Cardiac,Abnormal,3,Low
P02016,79,Male,91.0,108.0,70,18,100.0,37.7,152.3,1.96,No,No,No,Multiple,Normal,4,Medium
P02017,38,Female,92.0,145.0,72,28,92.4,36.8,110.3,2.52,No,No,No,Respiratory,Abnormal,7,Medium
P02018,38,Female,88.0,130.0,82,8,96.2,35.9,160.1,1.29,No,No,No,None,Normal,1,Low
P02019,27,Male,95.0,106.0,73,17,100.0,38.4,134.2,1.21,Yes,Yes,No,Hypertension,Normal,3,Low
P02020,75,Male,62.0,124.0,67,17,95.4,35.6,135.6,1.51,No,No,No,None,Normal,3,Low
P02021,56,Female,89.0,141.0,55,17,96.6,35.3,160.2,0.99,No,Yes,No,None,Normal,2,Low
P02022,22,Male,87.0,139.0,79,24,96.7,37.6,218.9,1.89,No,Yes,Yes,Cardiac,Normal,6,Medium
P02023,82,Male,90.0,137.0,66,14,100.0,36.8,167.1,0.5,No,Yes,No,Diabetes,Normal,4,Medium
P02024,30,Male,86.0,127.0,98,8,98.2,37.3,150.5,1.42,Yes,Yes,No,Diabetes,Normal,3,Low
P02025,70,Male,60.0,151.0,80,15,100.0,37.0,126.7,0.5,No,No,No,Hypertension,Normal,2,Low
P02026,62,Male,59.0,156.0,86,15,100.0,37.5,165.4,1.59,No,No,No,Diabetes,Normal,2,Low
P02027,49,Male,45.0,143.0,74,8,95.3,36.8,85.1,1.63,No,Yes,No,Diabetes,Abnormal,4,Medium
P02028,53,Male,101.0,110.0,81,19,96.9,37.7,138.4,2.74,No,Yes,No,None,Normal,3,Low
P02029,77,Female,102.0,99.0,65,12,100.0,37.7,166.1,2.03,No,No,No,Diabetes,Abnormal,8,High
P02030,28,Male,102.0,111.0,60,18,92.6,38.2,153.1,1.18,No,No,No,Respiratory,Abnormal,6,Medium
P02031,80,Male,91.0,174.0,78,16,98.3,38.0,112.0,1.49,No,No,No,Hypertension,Normal,3,Low
P02032,38,Male,45.0,132.0,87,13,98.3,36.9,133.2,2.95,No,No,No,None,Normal,1,Low
P02033,69,Female,64.0,178.0,49,22,95.2,37.6,101.8,0.93,No,Yes,No,None,Abnormal,4,Medium
P02034,72,Male,88.0,122.0,71,17,94.9,37.3,84.3,3.51,Yes,No,No,None,Normal,3,Low
P02035,43,Male,88.0,119.0,106,18,95.3,37.3,173.0,2.14,No,No,No,None,Normal,0,Low
P02036,85,Female,81.0,123.0,85,21,98.1,35.9,97.6,0.76,Yes,Yes,No,None,Normal,5,Medium
P02037,51,Male,92.0,123.0,101,19,100.0,37.6,97.3,0.97,No,No,No,None,Normal,0,Low
P02038,69,Female,85.0,106.0,68,19,98.2,37.5,98.2,2.47,No,No,No,Cardiac,Normal,2,Low
P02039,69,Female,87.0,96.0,71,14,92.2,38.5,87.2,2.39,Yes,No,No,Cardiac,Normal,7,Medium
P02040,46,Male,72.0,138.0,93,12,100.0,37.9,86.0,2.14,No,Yes,No,Hypertension,Normal,2,Low
P02041,55,Female,105.0,151.0,87,19,99.6,37.1,50.0,1.89,Yes,No,Yes,Hypertension,Normal,8,High
P02042,59,Male,76.0,186.0,77,13,95.3,36.9,52.9,1.72,No,No,No,Multiple,Normal,6,Medium
P02043,38,Male,58.0,114.0,59,22,94.0,36.2,,1.18,No,No,Yes,None,Normal,3,Low
P02044,59,Female,70.0,116.0,95,17,93.3,38.5,133.3,2.11,No,No,No,Diabetes,Normal,3,Low
P02045,30,Female,78.0,106.0,116,21,99.2,36.1,50.0,3.09,Yes,No,No,Diabetes,Normal,5,Medium
P02046,81,Male,105.0,153.0,54,13,90.4,35.5,122.3,1.78,Yes,No,No,Respiratory,Normal,8,High
P02047,34,Male,84.0,145.0,99,12,99.3,37.7,166.3,2.01,No,No,No,None,Normal,0,Low
P02048,26,Female,81.0,103.0,71,26,94.6,37.1,96.1,2.62,Yes,No,Yes,Diabetes,Abnormal,9,High
P02049,58,Male,60.0,102.0,73,17,96.9,37.2,75.4,1.38,No,No,No,None,Normal,0,Low
P02050,18,Male,101.0,149.0,82,23,85.7,37.1,112.6,2.13,No,Yes,No,None,Abnormal,9,High
P02051,19,Male,72.0,135.0,60,11,90.7,36.2,135.8,2.44,No,No,No,Multiple,Normal,4,Medium
P02052,77,Female,83.0,144.0,77,17,94.0,37.3,92.6,1.21,Yes,Yes,No,Respiratory,Normal,5,Medium
P02053,65,Male,115.0,103.0,54,25,93.3,36.7,153.1,0.76,No,No,No,Respiratory,Abnormal,8,High
P02054,46,Male,95.0,78.0,85,10,98.3,36.6,133.8,1.62,No,No,No,None,Normal,3,Low
P02055,27,Male,52.0,103.0,112,29,96.9,38.1,184.2,2.48,Yes,No,No,None,Normal,2,Low
P02056,75,Female,50.0,142.0,68,19,100.0,37.6,50.0,0.63,No,No,No,Hypertension,Normal,5,Medium
P02057,77,Female,84.0,178.0,75,14,97.5,35.2,58.5,1.99,No,No,No,Diabetes,Abnormal,8,High
P02058,38,Female,61.0,114.0,76,20,94.0,37.2,98.3,1.65,No,No,No,None,Abnormal,2,Low
P02059,45,Male,98.0,182.0,93,24,99.7,37.9,61.4,1.62,No,No,No,Cardiac,Normal,4,Medium
P02060,51,Female,86.0,146.0,84,14,94.6,36.0,178.0,2.04,Yes,No,No,None,Abnormal,3,Low
P02061,25,Male,88.0,90.0,92,15,94.4,36.3,124.3,0.5,No,Yes,No,Respiratory,Normal,4,Medium
P02062,76,Female,71.0,130.0,70,19,96.0,37.8,101.8,2.75,Yes,No,No,Multiple,Normal,6,Medium
P02063,89,Male,120.0,147.0,85,20,100.0,36.6,177.1,1.09,No,No,No,Cardiac,Abnormal,6,Medium
P02064,66,Female,142.0,70.0,40,17,99.2,35.4,126.7,2.09,Yes,No,No,Hypertension,Normal,9,High
P02065,34,Male,79.0,141.0,88,20,99.1,38.0,106.6,2.36,No,No,No,Diabetes,Normal,1,Low
P02066,77,Male,92.0,154.0,60,22,100.0,36.9,83.7,2.97,No,No,No,None,Normal,3,Low
P02067,62,Female,87.0,135.0,73,19,99.0,37.3,137.2,1.77,No,No,No,None,Normal,1,Low
P02068,86,Male,80.0,123.0,89,15,92.3,37.0,135.9,0.63,No,Yes,No,None,Normal,5,Medium
P02069,49,Female,68.0,121.0,55,18,97.6,37.9,142.3,0.53,Yes,Yes,No,Diabetes,Normal,3,Low
P02070,61,Female,63.0,,94,27,100.0,36.1,147.2,2.82,No,No,No,Multiple,Abnormal,7,Medium
P02071,82,Male,62.0,96.0,76,20,91.4,37.5,173.0,1.35,No,No,No,Diabetes,Normal,7,Medium
P02072,25,Male,93.0,108.0,100,24,96.0,38.1,81.9,1.5,No,No,No,Multiple,Normal,3,Low
P02073,89,Female,75.0,115.0,64,15,92.8,35.9,204.5,0.9,No,No,No,None,Normal,5,Medium
P02074,60,Female,45.0,128.0,51,19,96.4,36.4,187.0,1.49,No,No,No,Respiratory,Abnormal,4,Medium
P02075,18,Female,94.0,111.0,78,22,99.4,38.3,183.7,3.2,No,No,No,Hypertension,Normal,2,Low
P02076,68,Male,84.0,103.0,87,25,100.0,37.9,106.8,1.83,Yes,No,No,None,Abnormal,5,Medium
P02077,41,Female,,144.0,88,24,95.4,36.3,86.4,1.15,No,No,No,None,Normal,2,Low
P02078,41,Male,92.0,134.0,61,12,98.0,36.0,119.2,2.64,Yes,Yes,No,None,Normal,3,Low
P02079,34,Male,55.0,112.0,54,24,91.5,37.2,126.3,0.5,Yes,No,No,None,Normal,4,Medium
P02080,22,Female,45.0,138.0,73,26,90.8,37.3,149.3,1.79,No,Yes,No,None,Abnormal,6,Medium
P02081,37,Female,71.0,114.0,86,15,99.4,37.0,108.4,1.52,No,No,No,Multiple,Abnormal,4,Medium
P02082,38,Male,72.0,127.0,85,14,86.9,38.9,151.9,1.58,No,No,No,Cardiac,Normal,6,Medium
P02083,75,Male,104.0,149.0,102,18,93.9,37.5,101.1,0.65,No,No,No,None,Abnormal,7,Medium
P02084,48,Male,85.0,110.0,72,19,,36.3,116.9,1.68,No,No,No,Cardiac,Abnormal,3,Low
P02085,28,Male,108.0,96.0,50,16,96.7,37.8,143.9,1.48,Yes,No,No,None,Normal,4,Medium
P02086,69,Female,59.0,121.0,96,12,87.5,37.0,119.9,1.04,No,No,No,Respiratory,Normal,6,Medium
P02087,32,Male,104.0,91.0,81,25,97.6,36.5,88.0,1.48,No,Yes,No,Diabetes,Normal,6,Medium
P02088,24,Female,99.0,118.0,82,14,93.4,37.7,78.9,0.5,Yes,No,No,None,Abnormal,5,Medium
P02089,45,Female,45.0,118.0,90,15,96.4,38.2,157.6,3.54,No,No,No,Respiratory,Abnormal,4,Medium
P02090,68,Female,111.0,70.0,97,19,94.1,37.2,134.9,0.5,Yes,No,No,Multiple,Normal,8,High
P02091,75,Male,87.0,138.0,78,11,93.9,36.2,170.5,1.68,Yes,No,No,Diabetes,Abnormal,8,High
P02092,22,Male,93.0,120.0,96,10,90.6,37.1,160.8,1.67,Yes,Yes,No,Diabetes,Abnormal,7,Medium
P02093,22,Female,68.0,155.0,86,16,94.9,36.2,103.7,1.34,No,Yes,No,Hypertension,Normal,2,Low
P02094,25,Female,111.0,130.0,68,22,99.7,37.2,155.3,1.61,No,Yes,No,None,Normal,2,Low
P02095,81,Female,61.0,143.0,75,19,94.7,37.6,129.1,2.31,No,No,No,Multiple,Normal,4,Medium
P02096,27,Female,102.0,155.0,87,8,94.9,35.4,110.5,0.79,Yes,Yes,No,Hypertension,Normal,5,Medium
P02097,55,Male,101.0,122.0,67,25,93.9,37.6,221.0,0.5,No,Yes,No,Cardiac,Normal,6,Medium
P02098,25,Female,66.0,125.0,91,22,92.1,36.7,208.8,1.37,No,No,No,Respiratory,Normal,3,Low
P02099,42,Male,125.0,86.0,80,19,93.0,36.6,141.0,0.5,No,No,No,Respiratory,Normal,8,High
P02100,90,Male,90.0,156.0,84,19,96.7,35.9,81.0,1.1,No,Yes,No,Cardiac,Normal,5,Medium
P02101,83,Male,98.0,121.0,100,21,100.0,36.1,95.9,1.37,No,No,No,None,Abnormal,4,Medium
P02102,67,Male,54.0,100.0,83,30,98.9,38.4,93.3,1.87,No,No,Yes,Hypertension,Normal,6,Medium
P02103,84,Female,127.0,143.0,79,22,97.9,37.7,147.6,2.83,Yes,Yes,No,Hypertension,Abnormal,10,High
P02104,66,Male,61.0,71.0,77,19,100.0,38.0,130.4,2.04,No,Yes,No,Multiple,Normal,7,Medium
P02105,53,Female,,114.0,76,12,97.4,36.3,102.5,2.07,Yes,Yes,No,Cardiac,Abnormal,6,Medium
P02106,85,Male,65.0,148.0,83,19,99.2,38.4,197.7,1.22,No,No,No,Hypertension,Normal,3,Low
P02107,58,Female,73.0,114.0,98,22,96.6,36.9,97.8,1.31,No,No,No,Multiple,Normal,2,Low
P02108,79,Female,101.0,107.0,69,17,97.4,36.4,189.5,1.33,No,No,Yes,Respiratory,Normal,7,Medium
P02109,27,Female,106.0,115.0,68,15,91.8,36.1,161.8,1.7,Yes,No,No,None,Normal,4,Medium
P02110,38,Female,60.0,75.0,97,21,95.1,36.2,140.8,1.45,No,No,No,Multiple,Abnormal,7,Medium
P02111,53,Female,107.0,143.0,70,13,94.3,36.4,83.8,2.06,Yes,No,No,Diabetes,Normal,3,Low
P02112,29,Male,106.0,122.0,81,22,94.2,36.3,,2.3,No,Yes,Yes,None,Normal,5,Medium
P02113,19,Female,66.0,118.0,69,16,94.0,37.7,193.9,2.82,Yes,Yes,No,None,Normal,3,Low
P02114,30,Male,117.0,118.0,53,8,100.0,39.1,124.4,2.02,Yes,No,No,Cardiac,Normal,4,Medium
P02115,70,Female,56.0,125.0,81,16,94.9,36.8,164.9,2.06,No,No,Yes,Hypertension,Abnormal,7,Medium
P02116,49,Male,73.0,141.0,95,18,95.6,36.8,118.9,2.73,Yes,No,No,Hypertension,Normal,3,Low
P02117,33,Male,95.0,124.0,77,21,100.0,35.5,175.2,2.38,No,Yes,No,Respiratory,Abnormal,5,Medium
P02118,49,Male,68.0,91.0,56,20,98.3,36.3,77.1,1.51,No,Yes,No,Multiple,Normal,5,Medium
P02119,49,Female,90.0,139.0,80,12,96.0,35.7,154.6,0.97,No,Yes,No,None,Normal,2,Low
P02120,28,Male,90.0,137.0,67,19,99.2,37.7,50.0,1.42,No,No,Yes,Respiratory,Normal,6,Medium
P02121,27,Female,81.0,130.0,40,15,94.0,38.5,68.2,1.14,Yes,No,No,Cardiac,Normal,2,Low
P02122,32,Female,102.0,152.0,77,16,94.7,36.1,72.6,1.89,No,No,No,Diabetes,Normal,2,Low
P02123,34,Male,80.0,126.0,86,13,94.9,36.8,115.5,2.19,No,No,No,None,Normal,0,Low
P02124,57,Male,90.0,,96,18,96.7,36.8,79.6,,Yes,Yes,No,Hypertension,Normal,3,Low
P02125,35,Female,108.0,160.0,104,34,97.4,37.5,80.0,1.51,Yes,Yes,No,Cardiac,Abnormal,9,High
P02126,72,Female,101.0,140.0,88,27,93.2,37.1,107.8,0.5,Yes,No,No,Diabetes,Normal,7,Medium
P02127,90,Female,101.0,106.0,92,13,97.2,38.7,109.9,1.34,No,Yes,No,None,Abnormal,7,Medium
P02128,42,Female,62.0,122.0,59,18,97.8,36.4,68.9,4.31,No,No,No,Cardiac,Abnormal,6,Medium
P02129,76,Female,95.0,156.0,102,16,94.6,37.7,61.3,2.7,No,No,No,None,Normal,3,Low
P02130,39,Female,67.0,88.0,97,19,95.5,36.5,81.0,2.86,No,No,No,None,Abnormal,6,Medium
P02131,47,Male,59.0,115.0,72,23,92.6,35.7,155.1,,No,Yes,No,Hypertension,Abnormal,8,High
P02132,61,Female,84.0,116.0,88,17,91.5,38.1,220.5,2.54,No,No,No,Diabetes,Abnormal,7,Medium
P02133,49,Female,67.0,103.0,87,14,92.6,38.5,173.4,1.52,Yes,No,No,Hypertension,Abnormal,6,Medium
P02134,68,Male,101.0,147.0,100,24,98.2,37.3,100.7,1.15,No,No,No,Respiratory,Normal,4,Medium
P02135,63,Male,101.0,134.0,76,12,97.6,36.5,131.7,2.99,No,No,No,Respiratory,Normal,4,Medium
P02136,38,Male,47.0,107.0,67,19,100.0,36.1,114.9,0.93,No,No,No,Hypertension,Normal,1,Low
P02137,49,Female,68.0,140.0,71,11,96.1,37.4,109.3,2.19,Yes,Yes,No,Respiratory,Normal,3,Low
P02138,56,Male,56.0,121.0,91,13,96.2,35.3,119.4,3.23,No,No,No,None,Abnormal,4,Medium
P02139,29,Male,76.0,103.0,49,22,97.0,37.7,126.1,2.57,Yes,No,No,Hypertension,Abnormal,5,Medium
P02140,64,Female,94.0,107.0,40,15,92.8,36.7,50.0,1.59,No,Yes,No,Hypertension,Abnormal,9,High
P02141,35,Female,,136.0,91,9,98.7,36.6,90.2,2.82,No,No,No,Diabetes,Normal,2,Low
P02142,38,Female,73.0,148.0,82,14,97.1,36.1,113.3,1.97,No,No,No,Multiple,Abnormal,4,Medium
P02143,30,Female,111.0,113.0,78,14,,35.9,210.4,1.69,No,No,No,Multiple,Abnormal,8,High
P02144,38,Male,45.0,139.0,58,12,97.1,37.0,140.5,2.39,Yes,No,No,None,Normal,1,Low
P02145,25,Female,110.0,165.0,52,21,98.3,37.2,159.1,1.1,Yes,No,No,Respiratory,Abnormal,5,Medium
P02146,63,Male,74.0,94.0,68,10,92.0,36.9,110.6,0.65,No,Yes,No,Multiple,Abnormal,10,High
P02147,24,Female,83.0,134.0,83,15,99.2,37.9,172.6,1.61,No,No,No,Respiratory,Normal,1,Low
P02148,40,Male,74.0,146.0,69,19,94.6,37.0,126.4,1.28,No,No,No,Multiple,Normal,2,Low
P02149,39,Female,116.0,123.0,92,16,86.8,37.6,148.0,0.64,No,Yes,No,Respiratory,Normal,7,Medium
P02150,39,Female,60.0,156.0,64,16,98.9,35.8,122.0,1.83,Yes,Yes,No,None,Abnormal,5,Medium
P02151,46,Female,85.0,180.0,70,14,100.0,36.6,137.1,1.37,No,No,No,None,Abnormal,2,Low
P02152,30,Male,96.0,134.0,89,12,92.6,38.2,96.0,1.04,No,No,No,None,Abnormal,4,Medium
P02153,19,Male,53.0,119.0,72,15,91.0,37.8,188.2,1.79,No,No,No,None,Normal,2,Low
P02154,46,Male,67.0,149.0,73,21,100.0,37.3,95.7,1.04,No,No,No,Hypertension,Abnormal,3,Low
P02155,69,Female,82.0,146.0,68,16,94.1,36.7,77.1,2.73,Yes,Yes,No,None,Normal,4,Medium
P02156,44,Male,,70.0,66,19,100.0,36.3,121.4,3.22,Yes,No,No,None,Normal,5,Medium
P02157,67,Female,69.0,125.0,83,24,90.6,36.6,189.9,2.36,No,No,No,None,Normal,4,Medium
P02158,40,Female,78.0,115.0,85,21,100.0,37.5,87.7,1.46,Yes,No,No,Cardiac,Normal,2,Low
P02159,61,Female,98.0,,81,12,99.2,35.4,107.8,2.13,No,No,No,None,Normal,2,Low
P02160,39,Male,78.0,120.0,69,20,97.6,38.4,125.3,1.26,No,Yes,No,Diabetes,Normal,2,Low
P02161,60,Female,107.0,123.0,75,23,90.0,38.0,62.0,2.33,Yes,No,No,Multiple,Abnormal,10,High
P02162,54,Male,65.0,103.0,102,15,94.9,38.0,60.0,2.38,Yes,Yes,Yes,Hypertension,Normal,6,Medium
P02163,78,Female,60.0,143.0,57,10,99.0,37.5,160.0,2.43,Yes,Yes,No,None,Normal,4,Medium
P02164,73,Female,124.0,166.0,106,16,90.9,37.1,118.0,1.51,No,No,No,Diabetes,Abnormal,8,High
P02165,20,Female,72.0,104.0,79,19,94.4,37.3,72.6,2.37,No,No,Yes,Cardiac,Normal,4,Medium
P02166,80,Male,59.0,90.0,75,21,97.2,36.7,102.5,2.19,No,No,No,Hypertension,Normal,5,Medium
P02167,36,Male,50.0,126.0,92,15,92.5,38.7,92.6,2.01,Yes,No,No,Cardiac,Normal,5,Medium
P02168,40,Female,107.0,124.0,47,8,99.9,36.9,115.3,1.87,No,No,No,None,Normal,1,Low
P02169,46,Male,78.0,154.0,99,12,99.3,36.6,122.9,0.94,No,No,No,None,Normal,0,Low
P02170,47,Male,80.0,94.0,106,20,96.7,36.8,50.0,2.13,No,No,No,None,Abnormal,6,Medium
P02171,56,Female,82.0,112.0,94,28,97.3,36.4,168.4,1.58,Yes,Yes,No,Multiple,Normal,5,Medium
P02172,42,Female,105.0,71.0,46,18,94.4,37.6,118.0,0.77,No,No,No,None,Normal,4,Medium
P02173,25,Male,81.0,159.0,89,25,97.8,36.6,89.5,1.23,Yes,No,No,Respiratory,Abnormal,5,Medium
P02174,75,Female,132.0,131.0,103,13,94.2,36.9,150.4,2.14,Yes,Yes,No,None,Abnormal,8,High
P02175,33,Female,88.0,113.0,101,15,95.4,38.1,73.6,1.41,No,No,No,Multiple,Normal,2,Low
P02176,89,Male,106.0,92.0,57,8,94.5,37.9,102.4,1.34,No,No,No,None,Normal,5,Medium
P02177,18,Male,101.0,94.0,93,20,100.0,36.2,66.3,0.5,No,No,No,None,Normal,3,Low
P02178,22,Female,84.0,135.0,105,14,99.6,37.9,144.8,2.67,No,Yes,No,None,Abnormal,4,Medium
P02179,20,Male,73.0,97.0,78,21,93.0,35.9,162.7,0.92,Yes,No,No,None,Normal,6,Medium
P02180,82,Male,92.0,128.0,56,15,100.0,35.8,130.4,1.85,No,No,No,Hypertension,Normal,4,Medium
P02181,21,Female,95.0,176.0,90,28,93.6,36.7,107.4,1.42,Yes,Yes,No,Multiple,Abnormal,9,High
P02182,81,Female,74.0,116.0,94,27,100.0,37.2,64.0,2.01,Yes,No,No,None,Normal,4,Medium
P02183,27,Female,88.0,101.0,76,8,100.0,36.8,96.7,2.0,No,No,No,None,Normal,0,Low
P02184,38,Female,110.0,135.0,60,21,100.0,37.4,124.3,1.64,Yes,Yes,Yes,Hypertension,Normal,7,Medium
P02185,63,Male,126.0,94.0,93,14,96.9,36.7,92.0,2.02,No,No,No,None,Normal,5,Medium
P02186,44,Male,102.0,168.0,66,21,95.2,35.4,96.8,1.82,No,Yes,No,None,Abnormal,5,Medium
P02187,83,Female,122.0,160.0,84,11,95.1,36.8,70.1,0.7,Yes,No,No,Multiple,Normal,7,Medium
P02188,58,Female,72.0,121.0,101,25,97.1,35.8,85.3,2.77,No,No,No,None,Normal,3,Low
P02189,30,Female,99.0,103.0,53,23,93.0,37.0,56.3,3.02,No,Yes,No,None,Normal,7,Medium
P02190,26,Female,112.0,114.0,92,11,88.8,36.0,126.1,1.1,No,Yes,No,Multiple,Normal,8,High
P02191,53,Male,67.0,118.0,75,17,94.8,37.4,117.0,0.56,No,No,No,Hypertension,Normal,1,Low
P02192,75,Male,75.0,135.0,75,19,96.1,38.1,118.8,2.8,Yes,No,No,Hypertension,Abnormal,7,Medium
P02193,71,Female,120.0,151.0,86,22,97.7,35.6,100.6,0.94,No,No,No,Cardiac,Normal,4,Medium
P02194,29,Female,65.0,99.0,66,18,97.2,35.4,91.4,2.84,No,No,No,Diabetes,Abnormal,7,Medium
P02195,31,Male,58.0,150.0,60,22,96.4,36.8,103.1,2.73,No,Yes,No,Hypertension,Normal,3,Low
P02196,51,Male,116.0,140.0,51,18,99.5,37.9,97.9,1.67,No,No,No,Cardiac,Abnormal,4,Medium
P02197,70,Male,109.0,112.0,96,21,93.4,37.1,121.1,1.66,No,No,No,Hypertension,Normal,5,Medium
P02198,37,Male,,98.0,72,11,94.0,36.7,188.3,1.01,No,Yes,No,Hypertension,Normal,4,Medium
P02199,33,Female,84.0,128.0,87,18,100.0,36.1,107.4,1.85,Yes,No,No,Multiple,Normal,3,Low
P02200,87,Male,76.0,99.0,71,24,86.4,37.6,91.3,2.19,No,No,No,Diabetes,Normal,10,High
P02201,73,Male,91.0,151.0,61,25,99.4,38.2,105.0,2.09,Yes,No,No,None,Abnormal,5,Medium
P02202,75,Male,117.0,97.0,88,19,97.7,35.5,95.3,2.29,No,No,No,None,Normal,6,Medium
P02203,21,Female,90.0,139.0,83,18,96.0,37.2,95.2,,No,No,No,None,Normal,1,Low
P02204,21,Female,128.0,123.0,74,25,98.7,39.0,91.6,1.76,Yes,Yes,No,Diabetes,Normal,7,Medium
P02205,37,Male,67.0,111.0,83,17,98.2,36.5,142.4,4.06,No,No,No,None,Normal,3,Low
P02206,27,Male,85.0,122.0,64,24,91.6,36.8,141.9,2.16,No,Yes,No,Hypertension,Normal,5,Medium
P02207,41,Female,78.0,152.0,94,17,93.1,37.0,151.1,2.12,Yes,Yes,No,None,Normal,4,Medium
P02208,43,Female,63.0,95.0,97,18,94.6,36.7,159.6,2.11,No,No,No,Cardiac,Normal,3,Low
P02209,54,Male,82.0,115.0,89,12,89.6,37.9,100.4,2.12,No,No,Yes,None,Abnormal,9,High
P02210,71,Female,93.0,106.0,72,12,96.0,38.4,52.3,2.12,Yes,Yes,No,None,Normal,5,Medium
P02211,38,Male,95.0,124.0,79,23,97.9,35.6,193.8,2.64,Yes,Yes,No,None,Normal,5,Medium
P02212,55,Female,128.0,108.0,102,27,99.5,36.3,50.0,0.5,No,No,No,None,Normal,5,Medium
P02213,63,Male,94.0,81.0,97,19,96.2,38.0,101.3,1.61,Yes,No,No,None,Normal,5,Medium
P02214,21,Male,108.0,99.0,108,17,93.8,37.5,57.9,0.5,Yes,No,Yes,Respiratory,Abnormal,14,High
P02215,77,Female,86.0,166.0,66,23,96.7,37.3,131.1,2.89,No,No,No,None,Abnormal,6,Medium
P02216,74,Male,119.0,131.0,65,20,95.8,37.6,76.7,0.67,No,No,No,Respiratory,Abnormal,5,Medium
P02217,62,Female,133.0,130.0,80,8,98.4,37.1,160.3,,No,No,No,Hypertension,Abnormal,6,Medium
P02218,37,Female,96.0,118.0,84,23,95.9,37.4,124.3,1.27,No,No,No,None,Normal,1,Low
P02219,34,Female,65.0,124.0,76,11,98.7,36.7,175.5,0.83,Yes,No,No,Multiple,Normal,3,Low
P02220,88,Male,74.0,114.0,72,18,95.2,36.8,119.1,1.56,No,No,No,Hypertension,Normal,3,Low
P02221,21,Male,91.0,138.0,97,16,,36.9,161.4,,Yes,Yes,No,Hypertension,Abnormal,5,Medium
P02222,31,Male,94.0,128.0,77,15,96.5,36.7,71.6,3.02,No,No,No,Hypertension,Abnormal,4,Medium
P02223,20,Female,99.0,96.0,60,18,94.2,37.4,154.4,2.14,No,No,Yes,Respiratory,Abnormal,8,High
P02224,75,Male,94.0,131.0,62,22,95.0,37.2,109.6,1.19,No,No,No,Respiratory,Abnormal,5,Medium
P02225,72,Male,85.0,70.0,82,18,98.2,35.5,124.5,2.26,No,Yes,No,None,Abnormal,8,High
P02226,21,Male,72.0,135.0,123,25,92.2,36.8,152.1,2.06,Yes,No,No,Hypertension,Abnormal,7,Medium
P02227,41,Male,93.0,90.0,63,26,95.6,37.0,130.5,1.05,No,No,No,Multiple,Normal,5,Medium
P02228,51,Female,122.0,123.0,73,26,99.2,38.2,83.4,2.37,Yes,No,No,Hypertension,Abnormal,7,Medium
P02229,47,Male,105.0,95.0,114,18,97.6,36.8,95.4,1.63,Yes,No,No,Respiratory,Abnormal,7,Medium
P02230,36,Female,96.0,125.0,71,16,92.5,37.1,72.7,2.71,No,No,No,None,Normal,3,Low
P02231,48,Female,106.0,139.0,85,18,96.9,36.9,143.6,1.41,No,No,No,Hypertension,Abnormal,4,Medium
P02232,77,Female,78.0,163.0,106,24,92.0,38.1,101.2,0.72,No,No,No,Hypertension,Abnormal,8,High
P02233,77,Female,75.0,86.0,64,23,96.6,36.0,97.0,2.58,No,No,No,None,Abnormal,9,High
P02234,36,Male,70.0,149.0,73,8,100.0,36.4,123.1,1.62,Yes,No,No,Diabetes,Abnormal,4,Medium
P02235,66,Male,82.0,128.0,71,20,96.2,36.3,105.5,1.78,No,Yes,Yes,Diabetes,Normal,6,Medium
P02236,80,Male,77.0,114.0,55,8,92.6,37.0,161.8,2.01,Yes,No,No,Cardiac,Abnormal,8,High
P02237,39,Female,109.0,144.0,102,18,95.4,35.8,146.4,1.01,No,No,No,Hypertension,Abnormal,5,Medium
P02238,41,Male,75.0,119.0,69,15,96.6,38.2,143.9,1.57,No,Yes,No,None,Abnormal,3,Low
P02239,47,Female,69.0,143.0,65,14,99.3,37.3,98.4,1.37,No,Yes,No,None,Normal,1,Low
P02240,75,Male,124.0,100.0,71,22,99.2,37.5,143.4,1.48,No,No,No,None,Normal,4,Medium
P02241,48,Male,76.0,109.0,92,15,92.7,38.7,135.1,2.8,No,No,No,None,Abnormal,6,Medium
P02242,81,Male,88.0,149.0,80,18,95.0,36.7,66.4,1.18,No,Yes,No,None,Normal,3,Low
P02243,36,Female,94.0,162.0,66,13,97.2,37.7,105.2,1.14,No,No,No,Multiple,Normal,2,Low
P02244,65,Male,62.0,124.0,84,18,94.2,37.5,108.1,2.92,No,No,No,Respiratory,Normal,3,Low
P02245,62,Female,110.0,70.0,90,23,97.5,38.2,174.8,1.01,Yes,No,No,Multiple,Normal,9,High
P02246,72,Female,98.0,120.0,78,14,92.0,37.6,98.2,1.85,Yes,No,No,Diabetes,Abnormal,7,Medium
P02247,72,Female,116.0,126.0,74,21,,36.6,134.3,2.35,Yes,No,No,Diabetes,Normal,4,Medium
P02248,35,Male,71.0,119.0,93,18,99.1,37.3,167.0,2.34,Yes,Yes,No,Multiple,Normal,4,Medium
P02249,80,Male,87.0,133.0,75,18,96.2,36.5,78.1,0.68,Yes,No,No,Respiratory,Abnormal,6,Medium
P02250,64,Female,86.0,113.0,102,16,96.5,36.6,126.2,1.23,No,No,Yes,Cardiac,Normal,5,Medium
P02251,74,Female,90.0,146.0,67,22,98.5,37.0,196.3,0.5,Yes,No,No,Diabetes,Abnormal,5,Medium
P02252,62,Female,56.0,96.0,66,21,94.7,36.9,,2.47,No,No,No,None,Normal,5,Medium
P02253,50,Female,87.0,156.0,64,17,97.9,36.3,90.7,2.64,No,No,Yes,Diabetes,Normal,5,Medium
P02254,34,Female,56.0,164.0,74,19,95.9,35.2,125.9,2.61,Yes,Yes,No,None,Normal,4,Medium
P02255,87,Male,92.0,102.0,78,22,93.3,37.2,129.6,1.78,No,No,No,None,Normal,4,Medium
P02256,21,Male,45.0,102.0,58,21,98.7,37.3,121.3,1.61,Yes,No,Yes,None,Normal,4,Medium
P02257,37,Male,48.0,135.0,79,16,100.0,37.3,136.8,1.35,No,No,No,None,Normal,0,Low
P02258,64,Female,,95.0,86,24,99.5,38.5,165.4,0.58,No,Yes,No,Diabetes,Abnormal,9,High
P02259,32,Female,74.0,113.0,56,22,98.7,35.8,117.2,2.22,Yes,No,No,Respiratory,Normal,3,Low
P02260,87,Male,65.0,153.0,70,29,97.5,38.2,112.0,1.02,No,No,Yes,Multiple,Normal,8,High
P02261,64,Male,110.0,143.0,87,10,97.1,39.0,138.8,0.5,Yes,No,No,Diabetes,Abnormal,7,Medium
P02262,26,Female,92.0,175.0,62,22,95.7,38.4,194.6,2.85,No,No,No,Multiple,Normal,3,Low
P02263,33,Female,102.0,129.0,73,24,94.0,36.7,139.0,1.31,No,No,No,Cardiac,Normal,3,Low
P02264,86,Female,82.0,110.0,94,23,89.8,37.4,156.6,2.0,No,No,No,None,Normal,7,Medium
P02265,78,Male,139.0,126.0,105,17,91.3,36.4,52.1,1.68,No,No,No,Diabetes,Normal,9,High
P02266,27,Female,73.0,121.0,85,11,96.0,36.5,107.8,2.71,No,Yes,No,Multiple,Normal,4,Medium
P02267,67,Female,120.0,122.0,75,26,92.2,38.4,66.5,0.62,No,Yes,No,None,Normal,6,Medium
P02268,20,Female,84.0,124.0,70,16,97.2,37.6,115.6,2.41,Yes,No,Yes,None,Abnormal,6,Medium
P02269,87,Male,52.0,102.0,92,17,100.0,37.6,172.1,1.76,No,No,Yes,None,Normal,5,Medium
P02270,68,Female,95.0,132.0,95,28,86.3,36.1,63.3,2.16,No,No,No,Hypertension,Normal,7,Medium
P02271,36,Male,91.0,90.0,61,12,93.1,35.8,184.5,1.48,No,No,No,Respiratory,Normal,6,Medium
P02272,59,Female,64.0,107.0,92,22,100.0,37.8,114.8,1.5,No,No,Yes,Diabetes,Normal,4,Medium
P02273,52,Female,67.0,122.0,69,14,98.5,37.3,150.7,2.54,No,No,No,Hypertension,Normal,2,Low
P02274,63,Male,85.0,70.0,65,14,95.7,36.8,156.2,1.2,No,No,No,Multiple,Abnormal,8,High
P02275,43,Female,92.0,144.0,76,19,94.4,38.4,194.8,1.38,No,Yes,No,Hypertension,Normal,2,Low
P02276,86,Male,45.0,74.0,93,21,97.8,37.5,138.2,1.61,Yes,No,No,Hypertension,Normal,7,Medium
P02277,81,Female,106.0,142.0,83,23,98.9,36.3,80.1,0.64,No,No,No,None,Abnormal,6,Medium
P02278,54,Male,75.0,93.0,82,23,92.2,35.4,155.5,1.59,No,No,No,Hypertension,Normal,7,Medium
P02279,66,Female,58.0,115.0,83,14,100.0,37.5,50.0,1.63,No,No,Yes,Hypertension,Normal,7,Medium
P02280,38,Male,104.0,138.0,85,12,97.2,36.6,78.7,2.35,No,No,Yes,Respiratory,Normal,5,Medium
P02281,81,Male,85.0,180.0,76,16,98.8,36.9,91.8,1.38,No,No,No,Hypertension,Abnormal,5,Medium
P02282,22,Female,,128.0,87,20,99.1,36.8,50.0,0.5,No,Yes,No,None,Normal,4,Medium
P02283,87,Male,94.0,75.0,68,17,96.9,38.1,182.4,1.83,No,No,Yes,None,Abnormal,10,High
P02284,21,Female,85.0,149.0,88,8,97.3,37.7,168.2,1.42,No,Yes,No,Cardiac,Abnormal,4,Medium
P02285,56,Male,82.0,119.0,91,9,97.6,36.9,133.0,0.85,No,Yes,No,Diabetes,Normal,2,Low
P02286,52,Female,95.0,127.0,88,17,94.9,36.9,154.2,2.06,Yes,Yes,No,Hypertension,Normal,3,Low
P02287,18,Female,77.0,139.0,89,22,97.9,37.2,129.7,2.09,No,No,No,Respiratory,Normal,1,Low
P02288,41,Female,68.0,70.0,85,13,95.2,38.1,149.6,2.29,No,Yes,No,None,Abnormal,6,Medium
P02289,74,Female,97.0,125.0,96,22,96.0,37.1,165.5,2.1,Yes,No,No,Hypertension,Normal,3,Low
P02290,87,Male,82.0,115.0,44,11,100.0,36.5,57.2,2.39,No,No,No,Multiple,Normal,6,Medium
P02291,58,Female,86.0,156.0,91,19,95.9,36.0,151.6,2.07,Yes,No,No,None,Normal,1,Low
P02292,71,Female,107.0,143.0,108,19,97.2,36.9,160.2,3.42,No,Yes,Yes,Respiratory,Abnormal,10,High
P02293,63,Female,83.0,84.0,69,20,95.5,36.0,91.4,2.98,No,No,No,None,Normal,5,Medium
P02294,77,Female,85.0,157.0,67,13,94.9,37.3,105.8,1.99,No,No,No,Diabetes,Normal,3,Low
P02295,77,Female,73.0,136.0,97,10,100.0,37.4,84.0,0.5,No,No,No,Diabetes,Normal,3,Low
P02296,74,Male,94.0,86.0,64,22,91.6,38.0,127.4,3.3,No,No,No,Hypertension,Abnormal,10,High
P02297,48,Female,92.0,126.0,68,10,96.2,36.8,130.6,1.59,Yes,No,No,None,Normal,1,Low
P02298,41,Male,103.0,151.0,81,14,92.4,37.8,122.8,2.3,No,No,No,Diabetes,Normal,4,Medium
P02299,53,Male,73.0,95.0,66,25,99.8,38.3,84.3,2.18,Yes,No,No,Multiple,Abnormal,8,High
P02300,47,Female,76.0,159.0,91,19,95.8,37.1,169.9,1.71,Yes,No,No,None,Normal,1,Low
P02301,41,Female,101.0,87.0,66,20,,38.8,91.7,1.42,No,No,No,None,Normal,5,Medium
P02302,47,Male,90.0,105.0,83,21,90.5,38.1,137.1,1.52,Yes,No,No,None,Normal,3,Low
P02303,24,Male,67.0,101.0,82,21,100.0,36.6,146.5,0.5,Yes,No,No,Cardiac,Normal,2,Low
P02304,52,Male,111.0,159.0,103,18,92.0,39.4,50.0,0.87,No,No,No,Hypertension,Normal,7,Medium
P02305,72,Female,51.0,113.0,95,13,97.5,36.9,128.4,1.41,No,No,No,Hypertension,Abnormal,4,Medium
P02306,31,Male,101.0,96.0,70,31,98.8,38.1,165.1,1.84,No,No,No,Multiple,Normal,8,High
P02307,27,Male,60.0,136.0,59,17,100.0,37.5,114.4,2.27,Yes,No,No,None,Normal,1,Low
P02308,33,Female,123.0,142.0,91,20,94.3,37.2,151.0,1.34,No,Yes,No,Respiratory,Abnormal,6,Medium
P02309,71,Male,54.0,142.0,68,20,,38.0,87.9,2.35,No,No,No,None,Normal,3,Low
P02310,87,Female,108.0,118.0,73,15,94.7,37.1,157.2,1.62,No,No,No,Diabetes,Normal,4,Medium
P02311,61,Male,83.0,131.0,62,16,94.2,36.9,69.5,1.51,No,No,No,Hypertension,Normal,2,Low
P02312,90,Female,78.0,109.0,88,25,90.3,37.0,114.1,1.84,No,No,No,Respiratory,Normal,6,Medium
P02313,62,Male,89.0,167.0,68,14,100.0,36.1,164.4,2.39,No,No,Yes,Cardiac,Normal,5,Medium
P02314,73,Female,98.0,154.0,77,20,94.7,37.9,162.2,1.61,Yes,Yes,No,Hypertension,Normal,4,Medium
P02315,74,Female,67.0,152.0,78,22,95.5,36.5,63.0,2.09,No,No,No,None,Normal,1,Low
P02316,38,Male,69.0,145.0,81,17,97.9,37.2,106.4,2.4,No,Yes,No,Hypertension,Normal,2,Low
P02317,85,Female,98.0,138.0,88,18,100.0,37.0,91.0,2.24,Yes,No,No,Diabetes,Abnormal,6,Medium
P02318,67,Male,51.0,94.0,74,23,92.5,37.5,162.2,1.27,Yes,Yes,No,Multiple,Normal,10,High
P02319,50,Female,73.0,141.0,67,17,97.1,37.0,112.0,1.42,No,No,No,None,Normal,0,Low
P02320,24,Female,146.0,128.0,50,8,92.4,36.8,120.9,2.27,No,No,Yes,None,Normal,7,Medium
P02321,87,Female,66.0,157.0,80,26,97.0,37.3,134.3,1.69,No,No,No,None,Normal,3,Low
P02322,32,Female,108.0,145.0,76,13,96.9,37.3,66.4,1.18,No,No,No,Cardiac,Normal,2,Low
P02323,49,Female,73.0,139.0,67,19,94.6,36.2,127.0,1.84,No,No,No,Diabetes,Abnormal,3,Low
P02324,37,Female,95.0,83.0,79,11,96.7,36.9,74.6,2.42,Yes,Yes,Yes,Diabetes,Normal,9,High
P02325,32,Female,98.0,123.0,91,15,96.8,38.0,95.4,2.53,No,No,No,Diabetes,Abnormal,4,Medium
P02326,65,Male,108.0,111.0,95,16,95.8,39.0,97.3,2.62,Yes,Yes,No,Multiple,Abnormal,10,High
P02327,88,Male,81.0,131.0,55,19,95.4,35.6,134.4,1.83,Yes,Yes,Yes,None,Normal,8,High
P02328,38,Female,125.0,115.0,73,14,91.9,37.7,83.3,2.11,No,No,No,Respiratory,Abnormal,7,Medium
P02329,59,Female,73.0,118.0,92,28,92.7,37.1,96.0,2.68,No,No,No,Respiratory,Normal,5,Medium
P02330,43,Female,90.0,136.0,102,18,94.2,36.5,128.0,1.29,No,No,No,Hypertension,Abnormal,3,Low
P02331,31,Male,90.0,114.0,66,22,93.0,36.7,170.4,2.58,No,No,Yes,None,Abnormal,8,High
P02332,74,Female,63.0,,99,18,94.3,36.2,,2.36,Yes,Yes,No,Hypertension,Normal,4,Medium
P02333,54,Male,79.0,87.0,58,23,95.8,35.9,160.2,2.36,No,Yes,No,None,Normal,6,Medium
P02334,75,Female,88.0,104.0,95,8,96.3,37.3,50.0,0.5,No,No,No,Multiple,Abnormal,8,High
P02335,38,Female,76.0,141.0,74,14,97.7,38.4,172.4,1.36,No,No,No,Hypertension,Normal,1,Low
P02336,86,Female,134.0,94.0,101,15,96.5,37.3,80.7,1.31,No,No,No,None,Normal,6,Medium
P02337,20,Female,68.0,156.0,71,15,96.4,37.1,90.6,2.94,Yes,Yes,No,Cardiac,Abnormal,6,Medium
P02338,54,Female,109.0,149.0,73,21,97.6,36.5,192.7,1.09,No,No,No,None,Normal,1,Low
P02339,66,Male,102.0,118.0,76,21,93.2,36.3,121.8,0.95,Yes,No,Yes,None,Normal,8,High
P02340,36,Female,85.0,200.0,55,18,93.5,37.0,85.0,0.83,Yes,No,No,None,Normal,5,Medium
P02341,29,Male,68.0,156.0,52,18,94.9,36.2,90.5,1.5,Yes,Yes,No,Hypertension,Normal,3,Low
P02342,78,Male,70.0,101.0,86,30,93.9,37.9,59.7,2.12,Yes,No,No,Hypertension,Abnormal,11,High
P02343,58,Female,75.0,144.0,93,20,90.7,36.5,115.6,3.27,Yes,No,No,Multiple,Normal,6,Medium
P02344,50,Female,49.0,127.0,87,8,97.7,36.3,101.6,1.49,No,No,No,Diabetes,Normal,1,Low
P02345,67,Female,65.0,106.0,59,22,93.0,38.8,141.8,1.19,Yes,No,No,Respiratory,Abnormal,8,High
P02346,85,Male,55.0,98.0,85,21,,38.0,183.8,3.05,No,No,No,Diabetes,Abnormal,8,High
P02347,88,Male,112.0,150.0,63,24,96.5,36.0,64.8,3.17,No,No,No,Cardiac,Abnormal,8,High
P02348,50,Male,97.0,110.0,84,21,91.5,36.3,138.8,0.5,No,No,Yes,Hypertension,Abnormal,8,High
P02349,41,Female,101.0,122.0,95,13,98.0,36.8,53.7,1.39,No,No,No,Diabetes,Abnormal,6,Medium
P02350,78,Male,97.0,102.0,84,22,96.1,36.9,132.4,1.97,Yes,No,No,Diabetes,Normal,4,Medium
P02351,78,Male,88.0,106.0,100,18,96.9,36.6,68.1,1.95,No,No,No,None,Abnormal,4,Medium
P02352,45,Male,114.0,122.0,76,23,94.5,38.1,61.1,3.57,No,No,No,Respiratory,Normal,4,Medium
P02353,75,Female,73.0,135.0,75,26,93.2,37.2,217.0,1.36,Yes,Yes,No,Hypertension,Abnormal,10,High
P02354,60,Male,87.0,70.0,79,17,91.6,37.0,200.9,0.88,Yes,Yes,Yes,Diabetes,Normal,12,High
P02355,58,Male,100.0,125.0,58,22,92.2,36.5,86.7,1.18,No,No,No,Hypertension,Abnormal,5,Medium
P02356,56,Female,59.0,106.0,72,23,91.9,36.2,191.1,2.67,No,No,No,None,Normal,4,Medium
P02357,66,Female,147.0,160.0,73,19,94.9,36.5,113.4,1.79,Yes,Yes,No,Multiple,Abnormal,9,High
P02358,34,Female,86.0,,74,28,95.8,36.3,60.2,3.08,No,No,No,None,Abnormal,6,Medium
P02359,87,Male,88.0,116.0,82,23,91.4,36.0,141.0,2.32,No,No,No,None,Normal,5,Medium
P02360,87,Male,110.0,82.0,56,15,98.7,37.9,153.0,1.26,No,Yes,No,Hypertension,Abnormal,10,High
P02361,82,Male,103.0,128.0,61,19,96.4,37.7,145.1,2.49,No,No,No,Respiratory,Abnormal,6,Medium
P02362,22,Female,86.0,120.0,95,22,100.0,36.7,50.0,2.76,No,No,No,Hypertension,Normal,4,Medium
P02363,19,Male,88.0,174.0,48,28,,38.1,69.3,2.97,No,No,No,None,Normal,2,Low
P02364,39,Female,55.0,167.0,87,21,100.0,37.5,152.5,0.68,No,No,No,Diabetes,Abnormal,3,Low
P02365,74,Female,74.0,147.0,72,19,98.2,36.1,68.9,2.02,No,No,No,Cardiac,Normal,2,Low
P02366,83,Male,95.0,110.0,80,24,90.1,35.8,155.7,0.91,No,Yes,No,Cardiac,Normal,8,High
P02367,33,Male,94.0,142.0,101,17,92.4,37.2,100.5,1.56,No,No,No,Diabetes,Normal,3,Low
P02368,68,Male,109.0,132.0,76,13,97.0,37.4,50.0,1.61,Yes,Yes,Yes,None,Normal,9,High
P02369,56,Female,,131.0,87,22,90.8,36.0,62.2,2.03,Yes,No,No,Hypertension,Abnormal,6,Medium
P02370,57,Female,57.0,86.0,79,16,93.3,36.6,133.2,,No,No,No,Diabetes,Normal,6,Medium
P02371,55,Male,106.0,152.0,76,32,91.2,37.7,135.1,1.32,No,Yes,No,None,Abnormal,9,High
P02372,77,Female,114.0,128.0,75,19,100.0,38.3,177.5,2.77,No,No,No,Cardiac,Normal,5,Medium
P02373,76,Male,103.0,122.0,89,22,99.3,37.1,115.8,2.87,No,No,No,Diabetes,Normal,5,Medium
P02374,27,Male,82.0,110.0,67,15,95.0,37.0,107.0,1.95,Yes,No,No,Hypertension,Normal,2,Low
P02375,81,Male,106.0,105.0,61,24,100.0,36.6,186.9,3.18,No,Yes,No,None,Abnormal,8,High
P02376,80,Female,154.0,133.0,79,18,99.8,38.2,81.4,1.74,No,No,No,None,Normal,4,Medium
P02377,66,Female,87.0,81.0,81,17,99.9,37.4,103.7,0.5,No,No,Yes,Diabetes,Normal,8,High
P02378,81,Male,59.0,145.0,51,17,94.3,36.3,134.0,1.06,No,No,Yes,None,Normal,5,Medium
P02379,49,Male,73.0,99.0,78,12,95.1,37.6,79.2,1.44,No,No,No,Multiple,Abnormal,6,Medium
P02380,24,Female,98.0,74.0,60,17,92.7,36.4,132.9,2.54,No,No,No,Hypertension,Normal,7,Medium
P02381,38,Male,53.0,171.0,87,21,95.7,36.2,115.2,1.01,Yes,No,No,Hypertension,Normal,2,Low
P02382,37,Female,88.0,104.0,51,10,93.6,36.6,160.4,1.75,Yes,No,No,Cardiac,Normal,4,Medium
P02383,43,Male,93.0,107.0,107,23,92.8,36.3,98.3,3.78,No,No,No,Hypertension,Abnormal,7,Medium
P02384,85,Female,116.0,153.0,73,17,99.4,36.3,89.5,1.99,No,Yes,Yes,Hypertension,Normal,8,High
P02385,32,Male,111.0,171.0,65,19,98.0,35.9,191.8,3.09,Yes,No,Yes,None,Abnormal,9,High
P02386,31,Female,102.0,87.0,74,8,93.4,36.4,149.1,0.84,No,No,No,None,Normal,6,Medium
P02387,44,Male,45.0,101.0,86,19,98.8,36.6,158.5,0.5,No,No,No,None,Normal,0,Low
P02388,57,Female,103.0,103.0,91,13,96.9,35.9,148.4,0.51,No,No,No,Diabetes,Abnormal,5,Medium
P02389,75,Female,99.0,148.0,74,16,95.1,37.4,88.0,2.67,No,No,No,Diabetes,Normal,4,Medium
P02390,45,Female,90.0,166.0,56,10,100.0,35.6,76.6,1.61,No,No,No,Multiple,Normal,3,Low
P02391,43,Female,50.0,98.0,60,14,96.9,36.7,77.0,1.54,No,No,No,None,Normal,2,Low
P02392,80,Male,69.0,160.0,82,17,100.0,37.5,92.0,3.18,Yes,No,No,Hypertension,Normal,5,Medium
P02393,83,Female,62.0,107.0,93,17,97.7,37.9,163.0,2.67,No,No,No,None,Normal,3,Low
P02394,42,Female,45.0,133.0,95,22,98.0,36.5,114.0,2.17,No,No,Yes,Respiratory,Normal,4,Medium
P02395,20,Male,85.0,93.0,81,9,92.8,37.8,152.6,2.76,No,No,No,None,Abnormal,7,Medium
P02396,89,Female,69.0,122.0,93,18,94.3,36.7,147.9,1.68,No,No,No,None,Normal,2,Low
P02397,61,Male,138.0,122.0,107,18,100.0,38.8,179.1,2.08,No,No,Yes,None,Normal,7,Medium
P02398,59,Female,82.0,117.0,96,16,99.5,35.8,147.1,0.83,No,No,No,Respiratory,Abnormal,4,Medium
P02399,23,Female,111.0,135.0,92,13,94.9,36.2,123.5,1.19,No,Yes,No,None,Normal,2,Low
P02400,56,Female,54.0,100.0,66,24,91.9,37.1,63.0,1.59,No,No,No,None,Normal,3,Low
P02401,69,Female,74.0,103.0,92,28,100.0,36.0,192.7,1.78,No,No,No,Hypertension,Normal,3,Low
P02402,40,Female,87.0,136.0,85,9,99.2,36.4,157.6,2.59,No,Yes,No,Diabetes,Normal,3,Low
P02403,67,Female,67.0,159.0,88,13,92.6,37.4,132.0,2.79,No,Yes,No,Hypertension,Abnormal,8,High
P02404,60,Male,77.0,124.0,97,13,92.6,37.2,123.5,4.09,No,No,No,Cardiac,Normal,7,Medium
P02405,36,Male,81.0,138.0,83,17,100.0,37.0,50.0,3.64,No,No,Yes,None,Abnormal,8,High
P02406,86,Female,80.0,144.0,76,24,94.5,37.0,131.9,2.72,Yes,No,No,Diabetes,Normal,6,Medium
P02407,68,Female,122.0,146.0,62,21,94.5,35.0,93.8,0.61,No,Yes,No,None,Normal,5,Medium
P02408,28,Male,93.0,101.0,74,17,94.0,37.1,50.0,2.95,No,Yes,No,Cardiac,Abnormal,7,Medium
P02409,29,Male,95.0,106.0,81,18,97.1,36.5,95.6,3.31,No,No,No,Hypertension,Abnormal,4,Medium
P02410,25,Female,96.0,108.0,82,16,91.8,36.7,124.6,1.91,No,No,No,None,Normal,2,Low
P02411,41,Female,97.0,173.0,82,22,96.7,35.7,129.9,0.5,Yes,No,No,Cardiac,Normal,3,Low
P02412,58,Female,83.0,138.0,92,22,91.8,37.5,67.9,1.97,No,No,No,Respiratory,Normal,3,Low
P02413,53,Female,79.0,137.0,91,21,91.8,37.4,60.5,2.52,No,No,No,None,Normal,3,Low
P02414,89,Female,88.0,134.0,77,8,91.9,36.1,102.9,2.0,No,No,No,Hypertension,Normal,5,Medium
P02415,72,Female,108.0,92.0,65,18,92.0,37.1,137.8,1.48,No,Yes,No,Multiple,Normal,9,High
P02416,26,Male,108.0,173.0,84,17,98.2,38.3,83.3,1.74,No,No,No,None,Abnormal,3,Low
P02417,64,Female,80.0,137.0,112,23,98.2,37.1,97.2,2.83,Yes,No,No,Respiratory,Normal,5,Medium
P02418,32,Female,100.0,143.0,83,19,95.5,35.4,122.5,2.18,No,No,No,Multiple,Abnormal,5,Medium
P02419,65,Male,81.0,81.0,74,21,94.1,36.5,82.2,2.98,No,No,Yes,Diabetes,Normal,9,High
P02420,59,Male,86.0,144.0,86,16,100.0,37.1,50.0,2.67,No,Yes,No,None,Abnormal,6,Medium
P02421,77,Male,76.0,116.0,87,23,98.1,38.7,127.4,1.64,Yes,Yes,No,None,Normal,6,Medium
P02422,87,Male,81.0,92.0,87,24,92.5,36.0,50.0,2.47,Yes,No,No,Hypertension,Normal,11,High
P02423,29,Female,112.0,101.0,99,10,97.1,36.9,128.2,,No,No,No,Multiple,Normal,4,Medium
P02424,19,Male,87.0,93.0,84,12,96.9,36.1,106.2,1.92,No,No,No,Hypertension,Normal,3,Low
P02425,24,Male,88.0,93.0,98,22,98.2,37.7,105.8,2.34,No,No,No,Cardiac,Normal,3,Low
P02426,20,Female,56.0,127.0,81,17,100.0,36.7,70.9,0.58,No,No,No,Diabetes,Abnormal,3,Low
P02427,20,Male,79.0,115.0,101,23,93.5,34.8,101.7,1.45,Yes,No,Yes,None,Abnormal,11,High
P02428,44,Male,80.0,133.0,96,19,97.7,36.7,79.9,1.68,No,No,No,Multiple,Normal,2,Low
P02429,57,Female,68.0,167.0,92,21,100.0,36.9,228.9,,No,No,Yes,None,Normal,3,Low
P02430,50,Female,85.0,122.0,90,14,100.0,37.3,82.8,1.91,Yes,Yes,No,Multiple,Normal,4,Medium
P02431,18,Female,76.0,70.0,113,20,96.5,37.1,156.5,3.16,No,Yes,No,Multiple,Normal,7,Medium
P02432,25,Female,87.0,119.0,94,20,92.1,37.5,92.4,2.05,No,No,No,None,Normal,2,Low
P02433,49,Female,87.0,155.0,65,15,90.6,36.9,124.7,2.87,No,No,No,None,Normal,3,Low
P02434,65,Female,66.0,123.0,82,23,98.5,37.1,115.3,2.37,Yes,No,No,Respiratory,Normal,4,Medium
P02435,21,Female,77.0,163.0,74,9,97.0,37.0,108.4,3.18,No,Yes,No,None,Abnormal,4,Medium
P02436,87,Male,87.0,136.0,109,19,96.4,36.7,107.1,1.75,No,No,No,Hypertension,Normal,3,Low
P02437,36,Male,109.0,79.0,97,12,96.8,37.5,124.9,1.26,Yes,No,No,Hypertension,Abnormal,8,High
P02438,49,Female,90.0,128.0,108,13,98.9,37.7,170.1,2.43,No,No,No,Cardiac,Abnormal,3,Low
P02439,26,Male,72.0,132.0,67,23,97.6,37.0,69.8,,Yes,No,No,Multiple,Normal,4,Medium
P02440,29,Female,93.0,152.0,95,13,97.2,36.6,,2.28,Yes,Yes,No,None,Abnormal,6,Medium
P02441,28,Male,119.0,170.0,58,12,94.2,36.1,81.8,0.5,No,No,No,Multiple,Normal,3,Low
P02442,63,Female,103.0,148.0,54,21,,37.3,,1.1,No,No,No,Respiratory,Normal,3,Low
P02443,33,Male,96.0,136.0,72,12,94.3,36.2,103.2,2.08,No,Yes,No,None,Normal,1,Low
P02444,18,Female,100.0,142.0,101,23,98.9,37.1,176.7,0.78,No,No,No,Hypertension,Abnormal,4,Medium
P02445,80,Male,114.0,121.0,63,21,94.8,37.1,171.8,1.47,No,No,No,Hypertension,Normal,4,Medium
P02446,38,Female,107.0,88.0,78,14,97.8,37.9,96.8,0.75,No,No,Yes,None,Normal,7,Medium
P02447,47,Male,96.0,126.0,96,23,100.0,38.1,176.8,2.37,No,Yes,No,Cardiac,Normal,3,Low
P02448,30,Male,106.0,134.0,91,8,98.0,34.6,131.8,2.71,Yes,Yes,No,Respiratory,Abnormal,9,High
P02449,51,Female,63.0,95.0,111,20,100.0,36.8,85.8,1.8,No,No,No,None,Abnormal,4,Medium
P02450,21,Male,55.0,158.0,78,12,94.9,35.3,110.2,3.56,No,No,No,Respiratory,Abnormal,5,Medium
P02451,45,Male,88.0,150.0,71,15,96.3,37.9,107.3,1.61,No,No,No,Cardiac,Normal,1,Low
P02452,76,Male,86.0,91.0,62,16,94.9,37.0,85.6,0.73,No,No,No,None,Normal,4,Medium
P02453,44,Male,74.0,159.0,72,24,91.0,37.9,89.6,0.66,Yes,Yes,No,Cardiac,Normal,6,Medium
P02454,86,Male,102.0,117.0,61,15,99.2,37.2,133.1,1.68,No,Yes,No,None,Normal,4,Medium
P02455,42,Female,48.0,106.0,51,18,,35.9,99.0,2.06,No,No,No,None,Normal,1,Low
P02456,20,Female,74.0,152.0,107,16,97.5,36.2,103.7,3.8,Yes,No,No,None,Normal,2,Low
P02457,85,Male,75.0,124.0,79,13,99.7,36.9,106.7,0.94,No,No,No,Cardiac,Abnormal,5,Medium
P02458,42,Female,52.0,172.0,117,13,92.6,37.5,108.3,1.29,No,No,No,Multiple,Normal,4,Medium
P02459,37,Male,115.0,104.0,65,20,91.9,37.0,151.8,2.18,No,No,No,None,Abnormal,5,Medium
P02460,51,Female,58.0,82.0,72,18,99.7,37.1,81.9,1.88,No,Yes,No,Hypertension,Abnormal,7,Medium
P02461,43,Male,73.0,118.0,66,22,95.8,36.7,124.2,1.32,Yes,No,No,Diabetes,Abnormal,4,Medium
P02462,22,Male,103.0,145.0,68,17,96.6,37.9,54.5,1.77,Yes,No,No,None,Normal,4,Medium
P02463,78,Male,98.0,102.0,91,17,91.6,37.1,94.1,0.89,No,No,No,None,Abnormal,6,Medium
P02464,26,Male,63.0,92.0,86,22,100.0,37.0,62.7,1.44,No,No,No,None,Normal,2,Low
P02465,67,Female,99.0,131.0,91,16,98.0,37.2,179.7,0.91,No,No,No,None,Normal,1,Low
P02466,23,Female,91.0,88.0,98,11,94.3,36.7,120.4,2.63,Yes,No,No,None,Normal,5,Medium
P02467,77,Female,132.0,133.0,95,22,100.0,36.7,98.0,2.39,No,No,No,Hypertension,Normal,5,Medium
P02468,61,Male,93.0,116.0,63,15,91.9,37.4,50.0,1.76,No,No,No,Cardiac,Normal,6,Medium
P02469,28,Female,82.0,137.0,70,18,95.0,37.6,61.4,1.81,No,No,No,Multiple,Abnormal,4,Medium
P02470,83,Female,68.0,90.0,80,15,99.0,37.7,149.1,1.98,No,No,No,Cardiac,Normal,5,Medium
P02471,64,Male,70.0,157.0,130,13,99.5,36.8,129.2,1.44,No,Yes,Yes,None,Normal,5,Medium
P02472,90,Male,68.0,120.0,90,9,91.5,37.1,57.4,0.5,No,No,No,Diabetes,Normal,7,Medium
P02473,20,Male,112.0,144.0,80,20,95.1,36.5,57.5,1.53,No,No,No,Hypertension,Abnormal,6,Medium
P02474,47,Female,85.0,149.0,88,8,98.2,37.6,188.9,2.19,Yes,Yes,No,Diabetes,Normal,3,Low
P02475,38,Female,96.0,96.0,69,24,100.0,36.2,169.2,2.56,No,Yes,No,None,Normal,5,Medium
P02476,45,Male,115.0,147.0,82,23,100.0,37.2,126.8,1.86,No,No,No,None,Normal,2,Low
P02477,79,Female,45.0,89.0,92,13,98.1,37.7,119.6,1.32,No,No,No,Diabetes,Normal,6,Medium
P02478,50,Male,111.0,91.0,78,26,96.3,37.1,108.3,2.25,No,No,No,None,Abnormal,6,Medium
P02479,52,Female,86.0,174.0,67,28,95.5,37.2,64.7,1.94,Yes,Yes,No,Respiratory,Normal,4,Medium
P02480,69,Male,94.0,153.0,77,17,97.5,36.8,149.4,0.97,Yes,No,No,None,Abnormal,4,Medium
P02481,51,Female,68.0,177.0,73,20,100.0,35.5,107.2,0.5,Yes,No,No,Multiple,Abnormal,6,Medium
P02482,58,Female,70.0,116.0,58,19,95.4,36.5,144.2,1.37,No,Yes,No,Respiratory,Normal,2,Low
P02483,68,Female,95.0,128.0,69,26,95.2,37.0,98.8,3.02,Yes,No,No,None,Normal,4,Medium
P02484,64,Male,133.0,138.0,57,11,99.4,36.4,129.5,2.24,Yes,No,No,None,Normal,4,Medium
P02485,75,Male,105.0,125.0,59,17,99.2,37.4,95.8,2.99,Yes,No,No,Diabetes,Abnormal,8,High
P02486,74,Male,110.0,106.0,61,23,94.5,35.8,117.8,1.77,No,No,No,Hypertension,Abnormal,7,Medium
P02487,40,Female,81.0,103.0,92,22,92.0,35.5,146.9,1.77,No,No,No,None,Normal,3,Low
P02488,65,Male,73.0,130.0,100,18,90.9,37.6,93.6,0.5,Yes,Yes,No,None,Normal,5,Medium
P02489,39,Female,69.0,98.0,55,25,96.4,36.8,195.8,0.5,Yes,No,No,Multiple,Abnormal,8,High
P02490,34,Male,75.0,98.0,102,19,92.7,37.3,91.9,2.17,No,Yes,Yes,None,Normal,8,High
P02491,86,Male,45.0,135.0,61,19,98.7,36.6,120.5,1.95,No,Yes,No,Multiple,Abnormal,7,Medium
P02492,28,Female,71.0,123.0,89,21,90.8,37.5,170.3,0.5,Yes,No,No,None,Normal,3,Low
P02493,32,Female,74.0,148.0,82,18,100.0,38.1,173.0,1.91,No,Yes,Yes,Hypertension,Normal,5,Medium
P02494,52,Male,81.0,114.0,88,18,95.0,38.1,133.7,2.6,Yes,No,No,Hypertension,Normal,3,Low
P02495,50,Male,88.0,110.0,61,14,93.6,36.5,125.8,2.05,Yes,No,No,Respiratory,Normal,4,Medium
P02496,33,Female,92.0,136.0,51,33,94.4,36.7,117.8,1.37,Yes,No,No,Multiple,Abnormal,8,High
P02497,51,Female,85.0,105.0,66,16,93.4,37.1,169.3,0.5,Yes,No,No,Diabetes,Normal,4,Medium
P02498,83,Male,73.0,109.0,84,22,100.0,38.5,153.3,2.12,Yes,Yes,No,Diabetes,Normal,5,Medium
P02499,57,Female,46.0,110.0,107,28,98.0,36.1,158.6,1.09,No,No,No,Respiratory,Normal,2,Low
P02500,45,Male,73.0,,63,11,96.3,36.1,180.4,2.21,No,Yes,No,None,Abnormal,3,Low
P02501,64,Male,66.0,169.0,77,21,92.4,37.7,133.3,,No,No,No,None,Abnormal,5,Medium
P02502,56,Male,94.0,91.0,67,18,95.8,36.5,98.7,2.54,No,Yes,No,None,Normal,4,Medium
P02503,87,Female,103.0,157.0,78,27,93.7,37.5,129.1,2.1,No,Yes,No,None,Normal,7,Medium
P02504,90,Male,104.0,143.0,49,13,88.1,36.5,117.2,1.52,Yes,Yes,Yes,Hypertension,Abnormal,15,High
P02505,37,Male,100.0,164.0,100,14,93.9,37.3,107.4,2.27,Yes,No,No,Cardiac,Normal,4,Medium
P02506,18,Female,82.0,203.0,78,18,97.8,36.6,98.8,0.99,No,No,No,None,Normal,2,Low
P02507,89,Female,75.0,161.0,92,16,94.7,36.2,136.9,2.86,Yes,No,No,Cardiac,Normal,5,Medium
P02508,80,Female,70.0,148.0,75,16,95.6,37.1,140.5,1.25,No,No,No,Diabetes,Normal,3,Low
P02509,84,Male,,92.0,81,28,99.1,36.0,87.2,3.25,No,No,No,Cardiac,Normal,7,Medium
P02510,21,Female,105.0,95.0,95,19,98.6,37.4,127.6,1.6,No,Yes,No,Hypertension,Normal,5,Medium
P02511,75,Female,82.0,134.0,80,14,100.0,36.8,179.9,2.2,Yes,Yes,No,Respiratory,Normal,5,Medium
P02512,42,Male,60.0,83.0,81,16,89.4,35.9,85.1,1.9,No,Yes,Yes,Respiratory,Normal,13,High
P02513,64,Male,68.0,140.0,66,20,93.5,37.2,169.8,0.5,Yes,No,No,Diabetes,Normal,5,Medium
P02514,55,Male,68.0,72.0,70,20,98.7,37.2,80.0,2.23,No,Yes,No,Respiratory,Abnormal,7,Medium
P02515,32,Male,86.0,154.0,63,15,97.3,35.1,129.5,1.18,No,Yes,No,Hypertension,Abnormal,5,Medium
P02516,80,Female,106.0,117.0,67,10,96.3,37.0,50.0,1.7,No,Yes,No,None,Abnormal,8,High
P02517,38,Male,78.0,128.0,97,18,94.2,37.0,140.6,1.84,No,Yes,No,None,Normal,1,Low
P02518,74,Female,45.0,106.0,105,18,96.7,37.1,106.2,0.98,No,No,No,None,Normal,1,Low
P02519,70,Male,81.0,78.0,59,15,96.5,35.5,50.0,1.32,Yes,No,No,None,Normal,8,High
P02520,63,Male,82.0,156.0,84,24,90.4,37.3,96.2,2.8,Yes,No,No,None,Normal,6,Medium
P02521,31,Female,81.0,158.0,73,21,96.6,37.4,,0.75,Yes,Yes,No,None,Normal,2,Low
P02522,34,Female,72.0,116.0,99,19,,36.2,137.8,2.27,Yes,Yes,No,Diabetes,Normal,3,Low
P02523,56,Female,89.0,142.0,80,16,98.5,35.9,119.5,1.5,No,Yes,Yes,None,Abnormal,7,Medium
P02524,26,Male,86.0,115.0,78,27,97.0,36.2,136.2,2.6,Yes,No,No,Cardiac,Abnormal,6,Medium
P02525,23,Male,85.0,132.0,67,12,100.0,37.1,155.4,2.36,Yes,No,No,None,Normal,1,Low
P02526,40,Female,93.0,144.0,55,16,96.0,36.0,175.9,1.24,No,No,No,Multiple,Normal,2,Low
P02527,76,Female,76.0,139.0,89,16,92.7,35.9,103.4,2.35,No,No,No,Diabetes,Normal,6,Medium
P02528,63,Male,75.0,159.0,83,19,88.5,38.7,138.7,1.34,No,No,No,None,Abnormal,8,High
P02529,55,Female,113.0,138.0,84,21,93.2,37.0,134.0,3.17,No,Yes,No,None,Normal,5,Medium
P02530,31,Female,96.0,126.0,69,11,97.1,36.8,119.3,1.9,No,Yes,No,Multiple,Abnormal,5,Medium
P02531,89,Male,102.0,106.0,76,15,97.9,36.5,,1.53,No,No,No,Diabetes,Abnormal,6,Medium
P02532,79,Female,110.0,113.0,90,20,94.2,36.7,179.2,1.46,No,No,No,Respiratory,Normal,4,Medium
P02533,52,Male,96.0,145.0,93,15,94.7,38.4,125.5,1.52,No,No,No,Hypertension,Normal,1,Low
P02534,36,Male,104.0,87.0,60,16,96.2,37.7,66.3,1.57,No,No,Yes,None,Abnormal,9,High
P02535,47,Male,53.0,153.0,68,19,97.1,38.9,50.0,2.37,No,Yes,No,Hypertension,Normal,5,Medium
P02536,42,Female,89.0,118.0,57,13,99.1,37.3,153.2,1.4,Yes,No,No,Cardiac,Normal,2,Low
P02537,57,Female,81.0,105.0,81,19,94.2,36.2,97.8,1.13,Yes,No,No,Hypertension,Abnormal,4,Medium
P02538,31,Female,119.0,98.0,91,21,93.8,37.2,108.9,2.66,Yes,No,No,None,Normal,7,Medium
P02539,43,Female,104.0,142.0,74,18,100.0,37.4,131.3,2.89,No,No,No,Respiratory,Abnormal,5,Medium
P02540,39,Male,72.0,125.0,68,25,100.0,37.5,213.4,1.18,Yes,No,No,None,Normal,2,Low
P02541,65,Male,92.0,165.0,73,22,94.4,36.6,169.1,1.57,Yes,No,No,Hypertension,Normal,3,Low
P02542,68,Female,88.0,93.0,113,18,99.4,38.4,105.9,2.79,No,No,No,Respiratory,Abnormal,7,Medium
P02543,20,Female,94.0,111.0,96,16,100.0,36.0,144.2,2.17,No,No,No,Diabetes,Normal,1,Low
P02544,59,Female,65.0,123.0,89,27,100.0,37.3,90.9,3.08,No,No,No,Diabetes,Normal,3,Low
P02545,36,Female,92.0,106.0,83,15,93.7,36.8,146.0,2.36,Yes,No,No,None,Abnormal,5,Medium
P02546,90,Male,80.0,125.0,78,17,96.3,36.4,82.1,2.19,Yes,No,No,Diabetes,Normal,4,Medium
P02547,45,Female,91.0,133.0,64,16,90.7,37.2,122.3,1.51,No,Yes,No,None,Normal,3,Low
P02548,62,Male,71.0,137.0,62,20,93.1,38.0,123.6,1.02,No,No,No,Diabetes,Abnormal,6,Medium
P02549,88,Female,73.0,163.0,69,29,96.0,37.3,72.9,0.83,No,No,No,None,Normal,3,Low
P02550,80,Female,108.0,92.0,64,19,96.7,37.2,91.5,1.78,No,No,No,None,Normal,5,Medium
P02551,90,Female,64.0,133.0,69,16,93.9,35.4,50.0,2.93,No,No,No,Multiple,Abnormal,12,High
P02552,36,Male,65.0,109.0,76,19,87.7,37.7,99.8,0.96,No,No,Yes,Diabetes,Normal,8,High
P02553,64,Female,84.0,136.0,78,11,96.6,36.7,159.6,1.7,No,No,No,Multiple,Normal,3,Low
P02554,31,Male,70.0,136.0,69,17,98.2,37.4,195.0,0.5,No,Yes,Yes,None,Normal,4,Medium
P02555,55,Male,67.0,100.0,85,27,98.3,37.7,174.7,2.91,No,No,No,Hypertension,Abnormal,5,Medium
P02556,70,Female,87.0,102.0,75,21,95.4,37.2,99.6,1.15,Yes,No,No,Diabetes,Normal,3,Low
P02557,78,Male,55.0,138.0,81,24,95.6,35.4,114.7,3.61,No,Yes,No,None,Normal,6,Medium
P02558,53,Male,65.0,126.0,67,23,96.7,38.1,112.2,2.17,No,No,Yes,Hypertension,Normal,5,Medium
P02559,57,Male,126.0,120.0,88,14,97.2,38.4,106.6,3.03,Yes,No,No,None,Normal,4,Medium
P02560,47,Female,94.0,141.0,70,28,95.7,37.7,154.0,0.5,Yes,No,No,Cardiac,Normal,3,Low
P02561,26,Male,70.0,143.0,102,9,89.0,36.4,92.9,0.5,No,No,No,Respiratory,Abnormal,7,Medium
P02562,81,Male,93.0,112.0,75,20,100.0,38.0,173.1,1.49,No,No,No,None,Normal,2,Low
P02563,50,Female,96.0,104.0,77,8,,36.8,120.5,1.83,No,No,No,None,Normal,0,Low
P02564,69,Female,105.0,93.0,87,9,92.3,36.9,68.4,2.3,No,No,No,None,Normal,6,Medium
P02565,31,Male,82.0,126.0,90,23,94.8,38.0,111.1,3.03,No,No,No,Multiple,Normal,4,Medium
P02566,70,Male,105.0,89.0,92,15,96.3,37.5,134.2,1.55,No,No,No,Cardiac,Normal,6,Medium
P02567,76,Male,45.0,127.0,105,24,94.2,35.1,154.1,1.46,No,No,Yes,None,Normal,7,Medium
P02568,58,Male,64.0,155.0,88,8,94.4,37.2,145.2,1.62,No,No,No,None,Abnormal,2,Low
P02569,85,Female,88.0,116.0,77,18,95.0,37.9,102.4,2.09,No,Yes,No,Hypertension,Abnormal,6,Medium
P02570,85,Female,92.0,112.0,70,12,97.1,35.9,94.3,0.81,No,No,No,None,Normal,3,Low
P02571,25,Male,67.0,175.0,76,16,93.6,37.8,184.2,0.5,No,No,No,Multiple,Normal,4,Medium
P02572,19,Female,90.0,163.0,100,26,97.0,35.7,116.1,2.06,No,No,No,None,Normal,2,Low
P02573,58,Male,73.0,106.0,57,27,91.9,36.8,69.7,0.72,No,No,No,None,Abnormal,5,Medium
P02574,72,Female,79.0,128.0,66,21,100.0,37.4,91.6,2.71,No,No,No,Diabetes,Normal,3,Low
P02575,33,Female,105.0,133.0,75,10,99.2,36.8,50.0,0.5,No,No,No,Multiple,Normal,5,Medium
P02576,79,Male,103.0,130.0,66,12,95.2,37.9,50.0,1.17,No,No,No,Diabetes,Abnormal,8,High
P02577,65,Male,65.0,,72,19,97.0,35.9,93.8,0.72,No,No,No,None,Abnormal,4,Medium
P02578,47,Male,64.0,127.0,105,14,92.5,37.7,83.2,1.26,No,No,No,Hypertension,Abnormal,5,Medium
P02579,29,Male,77.0,131.0,74,21,97.7,37.0,87.5,1.1,No,No,No,Multiple,Normal,2,Low
P02580,52,Female,84.0,142.0,84,26,98.5,36.3,145.8,2.7,No,Yes,Yes,None,Normal,6,Medium
P02581,28,Female,72.0,155.0,53,13,96.8,37.4,150.0,4.05,No,No,No,Respiratory,Normal,4,Medium
P02582,81,Male,106.0,148.0,61,14,,36.9,68.4,0.82,Yes,No,No,Diabetes,Normal,5,Medium
P02583,67,Female,92.0,138.0,92,12,96.0,38.2,190.7,,No,Yes,No,Respiratory,Normal,3,Low
P02584,38,Female,93.0,86.0,103,17,95.7,37.5,119.0,1.68,No,No,No,Diabetes,Abnormal,6,Medium
P02585,86,Male,60.0,113.0,81,18,,37.3,115.3,0.95,Yes,No,Yes,Diabetes,Abnormal,9,High
P02586,65,Male,108.0,145.0,73,18,97.7,36.5,83.3,,No,No,No,Diabetes,Normal,3,Low
P02587,37,Female,45.0,131.0,85,22,93.5,37.1,103.0,0.69,No,No,No,Hypertension,Normal,3,Low
P02588,84,Male,102.0,146.0,40,20,97.2,36.5,196.1,2.29,No,Yes,No,None,Normal,4,Medium
P02589,61,Male,104.0,172.0,81,18,96.9,37.0,71.7,1.87,No,Yes,No,Respiratory,Normal,4,Medium
P02590,50,Female,76.0,96.0,62,18,100.0,38.0,125.7,2.4,No,No,No,Diabetes,Abnormal,5,Medium
P02591,90,Female,110.0,153.0,90,18,97.8,36.8,93.3,1.79,Yes,No,No,None,Abnormal,6,Medium
P02592,78,Male,84.0,117.0,45,18,90.7,35.8,50.0,2.39,Yes,No,No,Respiratory,Abnormal,11,High
P02593,26,Female,86.0,148.0,69,15,94.0,37.4,53.6,2.23,No,No,No,None,Normal,2,Low
P02594,85,Male,92.0,124.0,77,12,93.9,37.6,139.4,1.66,Yes,No,No,Cardiac,Normal,6,Medium
P02595,52,Male,149.0,178.0,67,19,93.8,38.3,50.0,2.25,No,Yes,No,None,Abnormal,9,High
P02596,82,Female,112.0,128.0,72,16,98.9,37.7,65.6,2.94,No,No,No,Hypertension,Normal,5,Medium
P02597,25,Female,99.0,109.0,92,21,89.4,36.8,147.9,0.5,No,No,No,Hypertension,Abnormal,7,Medium
P02598,62,Male,67.0,135.0,78,18,100.0,37.2,143.0,0.5,No,Yes,No,Hypertension,Normal,3,Low
P02599,64,Male,88.0,133.0,64,18,99.0,37.3,117.3,2.84,No,No,No,Hypertension,Abnormal,5,Medium
P02600,57,Male,69.0,153.0,92,23,96.6,37.3,67.9,2.52,Yes,Yes,No,Cardiac,Abnormal,7,Medium
P02601,71,Female,101.0,136.0,82,11,97.0,35.0,67.7,2.94,No,No,No,Diabetes,Normal,5,Medium
P02602,63,Male,88.0,187.0,82,27,96.2,36.5,62.0,1.71,Yes,Yes,No,Diabetes,Normal,7,Medium
P02603,64,Female,63.0,122.0,65,8,96.5,37.4,109.7,3.2,Yes,Yes,No,Cardiac,Normal,5,Medium
P02604,32,Male,87.0,123.0,40,25,99.4,37.9,140.6,4.11,No,No,No,None,Normal,4,Medium
P02605,36,Female,,110.0,64,19,95.3,36.5,98.0,2.72,No,No,No,Cardiac,Normal,2,Low
P02606,43,Male,88.0,127.0,63,15,97.8,36.7,150.4,2.27,Yes,No,No,None,Normal,1,Low
P02607,69,Female,68.0,131.0,69,11,93.4,36.8,179.4,2.39,No,No,No,Hypertension,Abnormal,6,Medium
P02608,39,Male,86.0,132.0,65,15,97.6,36.9,130.6,1.93,Yes,Yes,No,Diabetes,Normal,3,Low
P02609,38,Male,100.0,127.0,80,17,95.2,37.7,64.9,2.06,Yes,Yes,No,Hypertension,Normal,3,Low
P02610,68,Male,84.0,110.0,91,19,97.3,36.4,118.4,2.16,No,No,No,Diabetes,Normal,2,Low
P02611,55,Male,77.0,103.0,94,25,93.4,37.7,169.1,3.62,No,No,No,Respiratory,Normal,5,Medium
P02612,37,Female,89.0,116.0,91,18,97.3,38.1,89.8,1.19,No,No,No,None,Normal,0,Low
P02613,46,Female,99.0,154.0,65,20,95.9,36.7,88.7,1.62,Yes,No,No,None,Normal,1,Low
P02614,68,Female,63.0,159.0,79,20,100.0,36.7,160.6,1.8,No,No,No,Hypertension,Abnormal,4,Medium
P02615,21,Female,90.0,123.0,101,16,96.8,37.1,57.6,2.3,No,No,No,None,Normal,2,Low
P02616,72,Female,111.0,101.0,54,17,97.5,36.5,122.9,2.0,No,Yes,No,Multiple,Abnormal,7,Medium
P02617,88,Male,96.0,123.0,98,17,94.7,36.9,90.3,0.77,No,No,No,Respiratory,Normal,3,Low
P02618,45,Female,86.0,177.0,63,21,96.9,35.8,97.7,1.86,No,Yes,No,Cardiac,Abnormal,5,Medium
P02619,21,Female,98.0,150.0,82,13,97.4,37.7,183.1,1.72,No,No,Yes,Cardiac,Normal,4,Medium
P02620,39,Female,94.0,139.0,84,15,94.9,38.3,95.8,1.79,No,No,Yes,Hypertension,Normal,4,Medium
P02621,62,Female,,149.0,81,20,94.7,36.5,119.9,2.47,No,No,No,Cardiac,Normal,2,Low
P02622,84,Male,45.0,164.0,111,13,93.6,35.7,156.3,2.76,No,No,No,None,Abnormal,8,High
P02623,83,Male,54.0,96.0,73,19,95.8,37.7,63.7,1.13,No,No,No,Hypertension,Normal,5,Medium
P02624,51,Male,105.0,115.0,53,15,94.0,36.7,148.4,3.34,No,Yes,No,None,Normal,3,Low
P02625,72,Male,55.0,112.0,83,21,96.9,36.5,97.1,0.6,No,Yes,No,None,Normal,2,Low
P02626,18,Female,93.0,140.0,75,25,93.6,36.9,63.8,1.23,No,No,No,Multiple,Normal,5,Medium
P02627,89,Female,78.0,129.0,86,15,95.6,36.0,95.3,1.62,No,No,Yes,Multiple,Normal,7,Medium
P02628,55,Male,65.0,144.0,91,22,93.2,37.4,117.5,2.36,No,No,No,Multiple,Normal,4,Medium
P02629,23,Male,92.0,112.0,77,19,99.4,36.0,124.6,0.5,No,No,No,Hypertension,Abnormal,3,Low
P02630,42,Female,89.0,159.0,85,16,96.1,36.1,,3.57,Yes,No,No,None,Normal,2,Low
P02631,34,Female,127.0,123.0,80,18,96.0,36.0,106.4,0.5,No,No,No,None,Normal,2,Low
P02632,78,Male,73.0,142.0,105,24,97.8,37.1,59.3,3.04,No,Yes,No,None,Abnormal,9,High
P02633,29,Male,114.0,155.0,72,17,100.0,35.5,86.7,1.47,No,No,No,None,Abnormal,4,Medium
P02634,23,Male,92.0,153.0,68,25,96.2,38.7,60.5,1.88,Yes,No,No,None,Normal,3,Low
P02635,44,Male,72.0,134.0,91,17,91.5,36.7,111.8,0.5,No,Yes,No,Hypertension,Normal,4,Medium
P02636,25,Female,101.0,145.0,64,11,99.5,35.3,81.5,2.39,No,No,No,None,Abnormal,4,Medium
P02637,82,Female,96.0,169.0,84,17,91.9,36.2,198.0,1.68,No,No,No,None,Normal,4,Medium
P02638,74,Female,86.0,138.0,75,11,94.5,37.5,130.3,2.74,No,No,No,Multiple,Abnormal,6,Medium
P02639,57,Male,90.0,107.0,76,16,99.6,38.1,,0.69,Yes,No,Yes,None,Normal,6,Medium
P02640,31,Female,73.0,140.0,115,16,95.0,37.1,85.1,2.94,No,No,No,Diabetes,Normal,2,Low
P02641,52,Female,68.0,124.0,97,27,94.3,37.1,143.1,0.5,Yes,No,No,None,Normal,2,Low
P02642,65,Male,100.0,70.0,93,26,96.8,35.8,124.8,2.0,No,No,No,Cardiac,Abnormal,9,High
P02643,73,Male,81.0,137.0,86,18,96.0,38.2,52.2,0.63,No,Yes,No,None,Normal,4,Medium
P02644,66,Male,83.0,128.0,68,24,93.9,37.4,83.5,3.37,No,No,No,None,Normal,5,Medium
P02645,30,Male,91.0,154.0,82,16,98.6,37.3,140.7,2.56,No,No,No,Multiple,Normal,3,Low
P02646,78,Male,90.0,106.0,87,11,99.7,37.0,129.8,3.08,No,Yes,No,None,Normal,4,Medium
P02647,66,Male,56.0,87.0,81,21,100.0,37.4,138.0,1.59,No,No,No,None,Normal,4,Medium
P02648,63,Female,111.0,129.0,79,20,97.7,36.4,103.8,1.55,Yes,Yes,No,None,Abnormal,6,Medium
P02649,79,Female,87.0,135.0,72,13,93.9,37.8,80.7,1.77,No,No,No,Diabetes,Normal,5,Medium
P02650,25,Female,81.0,127.0,82,14,92.2,37.6,64.0,1.69,Yes,No,No,Diabetes,Normal,4,Medium
P02651,60,Female,94.0,,70,23,89.0,36.9,153.0,1.48,Yes,No,No,Diabetes,Normal,8,High
P02652,37,Female,90.0,98.0,89,10,99.1,36.8,192.7,1.63,No,No,No,None,Abnormal,4,Medium
P02653,56,Female,100.0,122.0,48,21,96.6,35.3,126.1,2.74,No,No,No,None,Abnormal,4,Medium
P02654,66,Male,96.0,116.0,98,16,94.7,35.6,152.4,2.58,No,Yes,No,Hypertension,Normal,5,Medium
P02655,81,Male,99.0,152.0,58,21,90.2,37.4,83.0,0.86,No,No,No,Multiple,Normal,6,Medium
P02656,79,Male,112.0,134.0,62,23,92.5,37.7,114.2,2.37,No,Yes,No,Cardiac,Normal,8,High
P02657,71,Female,103.0,118.0,84,14,90.7,37.9,112.5,0.68,No,Yes,Yes,Cardiac,Abnormal,11,High
P02658,26,Female,82.0,168.0,86,12,100.0,35.9,130.4,2.99,Yes,Yes,No,Diabetes,Normal,5,Medium
P02659,54,Male,,118.0,109,25,97.9,38.8,118.1,1.04,No,No,No,Diabetes,Normal,3,Low
P02660,66,Male,118.0,139.0,82,18,92.1,37.8,,2.44,Yes,No,No,Respiratory,Abnormal,8,High
P02661,58,Male,80.0,121.0,77,20,100.0,36.5,147.0,2.31,No,No,No,Cardiac,Normal,1,Low
P02662,34,Male,76.0,166.0,81,23,93.8,37.1,167.0,1.56,No,No,No,Diabetes,Normal,4,Medium
P02663,38,Male,50.0,127.0,102,13,97.0,35.6,125.8,1.49,No,Yes,No,Cardiac,Normal,3,Low
P02664,68,Female,92.0,128.0,114,23,97.1,36.5,50.0,1.62,No,Yes,No,None,Normal,5,Medium
P02665,76,Female,88.0,122.0,75,21,95.7,37.4,132.9,2.19,No,Yes,No,None,Normal,3,Low
P02666,56,Female,55.0,130.0,86,25,95.1,37.1,158.8,2.47,Yes,No,No,Cardiac,Normal,3,Low
P02667,72,Male,94.0,155.0,77,25,96.1,38.4,170.7,3.57,No,No,No,Multiple,Abnormal,7,Medium
P02668,58,Female,75.0,146.0,77,18,95.2,35.8,112.3,3.19,Yes,Yes,No,None,Abnormal,6,Medium
P02669,56,Male,139.0,126.0,106,22,96.7,36.9,57.6,2.26,No,No,No,Multiple,Abnormal,8,High
P02670,30,Female,74.0,168.0,64,18,96.9,36.1,,2.01,No,Yes,No,Multiple,Normal,3,Low
P02671,81,Male,76.0,147.0,43,19,94.4,38.2,57.0,1.37,No,No,No,None,Normal,4,Medium
P02672,28,Male,68.0,114.0,83,12,99.3,37.2,166.5,2.32,No,No,No,Diabetes,Normal,1,Low
P02673,36,Female,111.0,90.0,96,17,93.5,37.0,133.2,2.9,No,No,No,Diabetes,Normal,7,Medium
P02674,28,Female,78.0,115.0,81,9,97.2,36.9,94.5,2.72,No,No,No,None,Normal,1,Low
P02675,63,Female,71.0,135.0,86,17,95.0,36.3,144.7,2.03,Yes,No,No,Diabetes,Normal,3,Low
P02676,62,Female,99.0,140.0,89,25,93.4,38.0,173.8,1.32,No,Yes,No,Respiratory,Abnormal,8,High
P02677,18,Female,57.0,159.0,80,22,95.2,37.1,146.4,,No,Yes,No,Multiple,Abnormal,5,Medium
P02678,57,Male,98.0,98.0,86,19,94.0,37.2,195.0,2.38,No,No,No,None,Normal,2,Low
P02679,36,Female,121.0,114.0,86,17,98.0,37.5,79.6,2.75,No,Yes,No,None,Normal,4,Medium
P02680,89,Female,96.0,96.0,49,15,95.7,36.3,153.9,1.99,No,Yes,No,Hypertension,Normal,6,Medium
P02681,89,Male,98.0,92.0,80,13,100.0,38.6,56.6,2.56,No,No,No,None,Normal,8,High
P02682,78,Female,102.0,109.0,54,22,93.1,38.3,190.8,2.65,No,No,No,Hypertension,Normal,7,Medium
P02683,29,Male,,134.0,77,10,89.4,37.0,144.1,1.57,No,Yes,No,Hypertension,Normal,7,Medium
P02684,78,Female,109.0,144.0,71,10,97.2,36.8,100.1,1.34,No,No,No,Respiratory,Abnormal,6,Medium
P02685,50,Female,94.0,101.0,94,23,100.0,37.5,68.8,3.16,No,No,No,Hypertension,Normal,3,Low
P02686,62,Male,103.0,105.0,82,19,97.5,37.9,93.4,2.37,Yes,No,No,Hypertension,Abnormal,6,Medium
P02687,86,Female,67.0,81.0,85,18,93.2,38.4,104.6,2.25,Yes,No,No,Hypertension,Abnormal,11,High
P02688,25,Female,101.0,130.0,75,19,92.9,37.5,123.6,1.37,No,No,No,None,Normal,3,Low
P02689,42,Female,65.0,107.0,94,28,100.0,37.1,114.3,0.5,No,No,No,Multiple,Normal,3,Low
P02690,63,Female,78.0,167.0,54,18,94.9,37.1,89.7,2.18,No,No,No,Hypertension,Abnormal,4,Medium
P02691,47,Male,45.0,135.0,65,19,93.0,35.5,161.3,2.19,Yes,Yes,No,Respiratory,Abnormal,8,High
P02692,64,Male,93.0,121.0,97,28,99.6,36.7,,2.35,No,No,No,None,Normal,4,Medium
P02693,66,Female,72.0,109.0,71,18,95.6,37.3,137.9,1.8,Yes,No,Yes,Cardiac,Normal,6,Medium
P02694,64,Female,107.0,,46,27,89.9,35.2,122.4,1.35,No,No,No,None,Normal,11,High
P02695,35,Male,93.0,91.0,100,8,100.0,37.1,114.7,2.02,Yes,Yes,No,None,Normal,4,Medium
P02696,83,Male,107.0,109.0,94,12,97.8,36.4,140.2,2.81,Yes,No,No,None,Abnormal,7,Medium
P02697,85,Female,63.0,108.0,89,15,91.5,38.3,88.3,2.24,Yes,No,No,Multiple,Normal,7,Medium
P02698,50,Male,106.0,100.0,79,21,100.0,36.8,84.2,0.73,No,No,No,Diabetes,Normal,2,Low
P02699,53,Male,127.0,134.0,103,27,92.9,36.8,103.4,1.66,Yes,No,No,Hypertension,Normal,7,Medium
P02700,36,Male,100.0,138.0,97,15,92.7,36.9,93.9,1.28,Yes,No,No,Multiple,Normal,5,Medium
P02701,45,Male,101.0,114.0,101,23,93.3,37.0,105.5,3.08,Yes,Yes,No,Respiratory,Normal,8,High
P02702,57,Female,88.0,173.0,88,29,100.0,37.6,143.8,1.63,No,No,No,Hypertension,Abnormal,4,Medium
P02703,32,Male,75.0,,80,26,100.0,36.7,119.4,3.0,Yes,No,No,None,Normal,6,Medium
P02704,58,Female,100.0,126.0,72,16,94.4,37.0,116.2,1.98,No,No,No,None,Normal,0,Low
P02705,56,Female,55.0,,59,22,100.0,37.6,124.2,1.47,No,No,No,Cardiac,Abnormal,3,Low
P02706,19,Male,77.0,111.0,86,20,89.1,37.0,101.8,1.03,No,No,No,None,Normal,4,Medium
P02707,80,Female,50.0,108.0,87,15,98.7,37.5,151.1,1.52,No,No,No,Diabetes,Normal,3,Low
P02708,46,Female,71.0,125.0,73,20,100.0,36.6,137.6,1.81,No,No,No,Hypertension,Normal,1,Low
P02709,83,Male,98.0,119.0,87,16,100.0,37.3,115.2,0.91,Yes,Yes,No,Respiratory,Normal,5,Medium
P02710,68,Male,95.0,115.0,73,19,96.2,38.0,69.7,2.31,No,Yes,Yes,Hypertension,Normal,6,Medium
P02711,27,Male,86.0,93.0,91,11,97.7,37.5,167.4,1.12,No,No,No,Respiratory,Normal,3,Low
P02712,31,Female,88.0,85.0,65,9,93.8,35.5,141.6,0.63,No,No,No,Respiratory,Normal,7,Medium
P02713,68,Female,47.0,118.0,62,17,96.1,37.4,137.7,0.74,No,No,Yes,Hypertension,Normal,5,Medium
P02714,90,Female,78.0,115.0,74,20,95.5,36.1,183.0,1.42,Yes,No,Yes,None,Abnormal,8,High
P02715,56,Female,71.0,120.0,90,12,95.3,36.3,142.8,2.24,No,Yes,No,Cardiac,Abnormal,4,Medium
P02716,45,Male,72.0,122.0,61,21,99.4,37.4,113.1,3.11,No,Yes,No,Diabetes,Normal,3,Low
P02717,20,Female,,112.0,94,18,96.6,36.2,94.6,1.61,No,No,Yes,Cardiac,Normal,4,Medium
P02718,87,Male,68.0,120.0,53,21,100.0,36.1,93.0,2.07,No,Yes,No,None,Abnormal,5,Medium
P02719,44,Male,73.0,104.0,74,23,96.7,37.0,126.0,1.74,No,No,No,Diabetes,Normal,2,Low
P02720,19,Male,45.0,163.0,57,25,100.0,36.5,153.7,0.5,No,Yes,No,Diabetes,Normal,3,Low
P02721,55,Male,79.0,105.0,40,21,99.7,35.7,154.1,2.1,No,Yes,No,None,Normal,2,Low
P02722,20,Female,63.0,116.0,83,17,95.7,37.4,59.8,1.78,No,No,No,Hypertension,Normal,3,Low
P02723,33,Male,87.0,107.0,75,19,96.5,37.8,152.0,0.54,No,Yes,No,Hypertension,Normal,2,Low
P02724,57,Female,66.0,106.0,57,30,93.5,37.7,103.1,3.15,No,No,No,Diabetes,Normal,5,Medium
P02725,19,Male,87.0,126.0,70,23,96.5,36.3,91.5,2.28,No,Yes,Yes,None,Normal,5,Medium
P02726,58,Male,82.0,122.0,85,18,93.1,37.3,129.6,0.5,Yes,No,No,Multiple,Normal,5,Medium
P02727,29,Male,118.0,114.0,72,17,100.0,36.6,146.5,2.22,No,Yes,Yes,Respiratory,Normal,6,Medium
P02728,52,Female,95.0,118.0,75,15,95.0,36.0,65.7,4.22,Yes,No,No,Respiratory,Normal,5,Medium
P02729,82,Male,48.0,107.0,72,12,97.1,36.4,123.7,1.81,No,No,No,None,Normal,2,Low
P02730,72,Male,60.0,135.0,69,27,89.2,34.7,50.2,2.35,No,No,Yes,Multiple,Normal,15,High
P02731,62,Male,86.0,176.0,69,20,95.2,36.2,146.7,1.35,No,No,No,None,Normal,1,Low
P02732,79,Male,66.0,103.0,69,12,94.9,35.8,70.6,1.44,Yes,Yes,No,None,Abnormal,7,Medium
P02733,66,Female,45.0,135.0,67,17,98.8,37.2,122.6,,No,Yes,No,Respiratory,Normal,4,Medium
P02734,42,Female,112.0,126.0,63,24,97.6,37.2,100.3,2.31,No,No,No,None,Normal,2,Low
P02735,40,Male,99.0,142.0,72,16,99.1,35.6,92.2,2.66,No,No,No,Multiple,Normal,4,Medium
P02736,41,Male,95.0,,68,14,97.3,37.7,50.0,1.61,Yes,Yes,Yes,None,Normal,7,Medium
P02737,55,Female,73.0,130.0,62,20,99.7,36.5,59.0,2.16,No,No,No,None,Normal,2,Low
P02738,45,Female,94.0,124.0,89,21,97.3,36.1,112.0,1.74,No,No,No,None,Normal,0,Low
P02739,38,Female,71.0,114.0,96,16,91.9,35.6,77.8,,No,No,No,None,Abnormal,5,Medium
P02740,71,Male,89.0,106.0,78,15,95.7,36.4,,1.71,No,Yes,No,None,Normal,2,Low
P02741,35,Female,67.0,123.0,79,20,95.9,36.9,83.5,3.22,No,No,No,Respiratory,Normal,2,Low
P02742,53,Male,115.0,93.0,68,12,86.2,37.8,103.9,1.61,No,No,No,None,Normal,7,Medium
P02743,62,Female,54.0,110.0,94,15,93.0,36.9,66.9,2.14,No,No,No,Respiratory,Normal,4,Medium
P02744,90,Female,110.0,153.0,104,17,100.0,36.7,,0.5,No,No,No,None,Normal,3,Low
P02745,70,Male,86.0,127.0,76,22,95.2,37.5,104.3,2.75,No,No,No,Multiple,Normal,4,Medium
P02746,47,Female,75.0,147.0,70,16,95.7,37.1,116.2,0.86,No,No,Yes,Diabetes,Normal,4,Medium
P02747,77,Male,88.0,162.0,83,21,89.5,35.8,50.0,1.28,No,No,No,Cardiac,Abnormal,12,High
P02748,49,Female,100.0,121.0,80,24,92.0,36.7,117.0,0.81,No,No,No,None,Normal,3,Low
P02749,84,Male,112.0,130.0,70,15,97.5,36.5,70.5,0.66,No,No,No,Hypertension,Normal,4,Medium
P02750,84,Female,91.0,117.0,85,34,94.6,36.9,60.4,2.58,No,No,No,None,Abnormal,8,High
P02751,45,Female,67.0,105.0,92,25,92.7,36.6,164.3,1.17,No,No,No,None,Normal,3,Low
P02752,61,Male,86.0,101.0,66,19,99.9,36.4,144.2,0.63,Yes,Yes,No,Hypertension,Abnormal,6,Medium
P02753,58,Male,121.0,146.0,116,17,93.9,38.2,137.0,0.58,No,No,No,Multiple,Normal,6,Medium
P02754,80,Male,112.0,130.0,55,15,92.1,37.0,106.2,2.69,Yes,Yes,No,Hypertension,Normal,9,High
P02755,40,Male,103.0,171.0,65,26,96.1,37.4,91.8,1.51,Yes,Yes,No,Multiple,Normal,6,Medium
P02756,65,Female,101.0,149.0,82,19,93.6,36.9,174.5,1.76,No,Yes,No,Diabetes,Normal,6,Medium
P02757,49,Female,99.0,107.0,112,11,93.6,37.7,120.4,2.54,No,Yes,Yes,Hypertension,Normal,8,High
P02758,74,Female,,146.0,70,9,95.8,36.9,79.0,2.27,Yes,No,No,None,Normal,3,Low
P02759,50,Female,76.0,117.0,62,19,94.1,37.8,75.2,1.95,No,No,No,Multiple,Abnormal,4,Medium
P02760,41,Female,58.0,155.0,86,19,91.0,34.7,127.4,2.82,No,No,No,Cardiac,Abnormal,8,High
P02761,56,Female,86.0,113.0,74,13,97.7,37.1,101.1,0.77,Yes,No,No,Hypertension,Abnormal,4,Medium
P02762,51,Male,,99.0,88,10,98.6,37.2,156.3,1.55,No,No,No,Respiratory,Normal,3,Low
P02763,73,Female,64.0,105.0,77,8,95.2,37.2,117.9,2.53,No,No,No,Cardiac,Normal,3,Low
P02764,45,Female,71.0,106.0,65,14,97.9,36.1,67.0,3.28,No,No,No,Diabetes,Normal,2,Low
P02765,54,Male,135.0,104.0,113,16,94.9,36.4,189.4,3.36,No,No,Yes,Hypertension,Abnormal,9,High
P02766,24,Female,88.0,111.0,40,21,90.3,36.2,74.2,0.84,No,Yes,No,Hypertension,Normal,4,Medium
P02767,85,Female,92.0,146.0,105,17,98.7,37.4,66.1,1.86,No,No,Yes,Hypertension,Abnormal,8,High
P02768,54,Female,61.0,170.0,92,23,95.7,37.7,111.6,2.19,Yes,No,No,Cardiac,Abnormal,5,Medium
P02769,73,Male,48.0,92.0,67,21,96.5,35.7,133.6,1.67,No,No,No,Diabetes,Abnormal,7,Medium
P02770,82,Male,69.0,157.0,106,21,95.7,37.2,79.0,2.36,No,No,No,Cardiac,Abnormal,5,Medium
P02771,82,Female,114.0,113.0,57,23,95.5,36.3,142.8,3.61,No,Yes,No,None,Normal,6,Medium
P02772,64,Male,92.0,134.0,93,11,96.4,38.4,95.3,1.08,No,No,No,Diabetes,Normal,2,Low
P02773,37,Female,97.0,84.0,47,15,96.5,37.5,212.8,0.8,No,No,No,Diabetes,Normal,4,Medium
P02774,36,Female,100.0,138.0,61,30,99.8,36.7,128.3,2.31,Yes,No,No,None,Normal,2,Low
P02775,46,Female,73.0,75.0,61,8,97.3,36.9,71.6,1.43,No,No,No,None,Normal,3,Low
P02776,77,Male,113.0,133.0,67,17,,38.0,86.9,2.34,No,No,No,Multiple,Normal,5,Medium
P02777,35,Female,72.0,131.0,78,20,100.0,37.0,134.7,1.96,No,No,No,Hypertension,Normal,1,Low
P02778,52,Female,113.0,130.0,66,9,91.2,35.6,82.5,1.65,No,No,No,None,Normal,4,Medium
P02779,60,Female,94.0,107.0,47,14,99.8,38.2,111.9,1.25,No,No,No,Diabetes,Abnormal,4,Medium
P02780,28,Female,49.0,139.0,85,28,98.0,37.7,193.8,1.88,Yes,No,Yes,Diabetes,Normal,6,Medium
P02781,66,Female,70.0,135.0,79,19,97.5,36.6,140.6,1.49,No,No,No,Diabetes,Normal,2,Low
P02782,55,Male,49.0,120.0,84,15,99.0,37.5,138.8,2.69,No,No,No,Diabetes,Normal,2,Low
P02783,81,Female,108.0,142.0,81,19,95.2,36.5,194.4,1.88,No,Yes,No,Respiratory,Normal,5,Medium
P02784,86,Male,85.0,123.0,92,15,97.8,36.5,84.6,0.78,Yes,No,No,Diabetes,Normal,4,Medium
P02785,25,Female,45.0,138.0,77,27,92.8,36.9,114.3,2.92,No,No,No,Hypertension,Abnormal,7,Medium
P02786,51,Male,93.0,122.0,93,13,91.8,37.5,102.9,1.69,Yes,No,No,Diabetes,Normal,4,Medium
P02787,65,Female,74.0,130.0,66,15,97.6,37.4,89.9,3.47,No,No,Yes,Diabetes,Normal,6,Medium
P02788,73,Female,55.0,139.0,67,11,95.8,37.8,104.8,1.58,No,No,No,Multiple,Abnormal,5,Medium
P02789,82,Male,119.0,115.0,99,17,,37.4,96.8,1.16,No,No,No,None,Normal,3,Low
P02790,48,Male,87.0,94.0,98,17,93.6,38.2,88.7,1.56,No,Yes,Yes,None,Normal,8,High
P02791,21,Female,79.0,132.0,87,24,97.2,38.4,103.2,1.72,Yes,No,No,Diabetes,Abnormal,5,Medium
P02792,67,Male,77.0,155.0,65,13,94.7,37.2,88.8,1.59,No,No,No,None,Abnormal,3,Low
P02793,86,Male,55.0,132.0,63,20,95.9,36.7,128.0,1.29,No,Yes,No,Respiratory,Normal,4,Medium
P02794,47,Female,59.0,133.0,98,18,,36.9,76.8,1.44,No,Yes,No,None,Abnormal,3,Low
P02795,76,Female,111.0,124.0,97,9,93.6,35.5,155.7,3.12,Yes,No,No,Hypertension,Normal,9,High
P02796,84,Female,76.0,143.0,77,14,95.4,37.0,144.0,1.6,Yes,Yes,No,None,Normal,4,Medium
P02797,62,Female,85.0,120.0,113,14,99.6,36.5,132.8,3.52,Yes,No,No,None,Normal,3,Low
P02798,21,Female,45.0,114.0,85,26,94.6,36.4,96.7,2.64,No,No,No,None,Abnormal,4,Medium
P02799,43,Male,59.0,153.0,61,21,95.6,37.0,116.8,1.75,No,No,No,Multiple,Normal,2,Low
P02800,44,Female,97.0,112.0,74,19,95.2,35.3,110.0,2.33,No,No,No,Multiple,Normal,3,Low
P02801,63,Male,93.0,147.0,78,8,94.1,36.9,116.1,1.38,No,Yes,Yes,Diabetes,Normal,6,Medium
P02802,81,Female,,153.0,79,8,99.7,37.2,61.4,2.65,No,Yes,No,Diabetes,Normal,6,Medium
P02803,68,Female,112.0,139.0,97,22,91.9,35.8,119.2,2.86,No,No,No,Multiple,Normal,8,High
P02804,67,Male,80.0,94.0,64,22,95.7,38.1,128.0,2.28,No,No,No,Diabetes,Normal,4,Medium
P02805,23,Female,94.0,126.0,58,14,93.5,37.4,172.8,1.4,No,No,No,None,Normal,2,Low
P02806,76,Male,79.0,120.0,87,18,97.7,38.0,74.7,2.28,Yes,No,No,Multiple,Normal,5,Medium
P02807,32,Male,126.0,113.0,70,18,96.4,37.3,67.6,1.24,No,No,No,Respiratory,Abnormal,5,Medium
P02808,47,Male,108.0,129.0,114,19,99.5,37.3,154.3,0.69,No,No,No,Cardiac,Normal,2,Low
P02809,59,Female,88.0,144.0,92,16,98.2,38.2,54.5,2.01,No,No,No,Respiratory,Normal,3,Low
P02810,54,Female,89.0,114.0,70,22,96.2,38.1,173.2,0.5,No,Yes,No,None,Abnormal,3,Low
P02811,59,Female,114.0,121.0,96,24,98.2,38.6,162.3,1.47,No,No,No,None,Normal,3,Low
P02812,52,Female,97.0,119.0,89,13,98.5,36.9,138.2,,No,No,No,None,Abnormal,2,Low
P02813,23,Female,116.0,154.0,88,12,93.3,36.4,54.3,,No,Yes,No,Multiple,Normal,9,High
P02814,85,Female,45.0,119.0,76,14,98.3,36.1,108.6,1.29,No,Yes,No,None,Normal,3,Low
P02815,35,Male,94.0,94.0,84,18,96.9,36.2,112.9,0.99,No,Yes,No,Multiple,Normal,5,Medium
P02816,90,Female,75.0,86.0,46,20,97.5,37.5,126.6,2.43,No,Yes,No,Diabetes,Normal,7,Medium
P02817,46,Female,120.0,134.0,98,22,94.8,39.2,137.2,1.97,No,Yes,No,Cardiac,Normal,4,Medium
P02818,76,Female,116.0,106.0,40,23,93.4,38.2,85.0,1.86,No,No,No,Cardiac,Normal,7,Medium
P02819,64,Female,86.0,142.0,71,20,92.9,36.9,157.4,0.61,No,No,No,None,Abnormal,5,Medium
P02820,34,Male,116.0,92.0,54,19,85.8,37.6,135.8,2.67,Yes,Yes,No,Diabetes,Abnormal,13,High
P02821,39,Male,121.0,112.0,70,26,93.9,36.6,135.4,0.5,Yes,No,No,Multiple,Abnormal,10,High
P02822,85,Male,86.0,92.0,77,18,100.0,36.6,106.1,1.96,Yes,No,Yes,Respiratory,Normal,9,High
P02823,86,Male,134.0,136.0,60,21,98.5,36.2,130.5,2.78,Yes,No,No,Hypertension,Normal,7,Medium
P02824,54,Male,84.0,141.0,40,20,97.0,36.2,50.0,1.89,No,Yes,No,Diabetes,Normal,4,Medium
P02825,66,Female,81.0,133.0,81,17,98.9,37.4,130.9,1.6,Yes,No,No,Multiple,Normal,4,Medium
P02826,30,Male,102.0,98.0,109,17,95.2,38.2,181.3,0.97,No,No,No,None,Normal,3,Low
P02827,51,Male,78.0,106.0,73,25,94.8,37.8,146.2,1.34,No,No,No,Cardiac,Abnormal,4,Medium
P02828,70,Female,87.0,131.0,92,18,95.1,38.2,141.6,3.55,Yes,Yes,No,Hypertension,Normal,5,Medium
P02829,68,Female,113.0,,101,16,93.8,37.6,145.9,1.36,No,No,No,Multiple,Normal,9,High
P02830,20,Male,85.0,119.0,49,14,94.0,37.0,163.4,2.16,No,No,No,Cardiac,Normal,1,Low
P02831,59,Female,51.0,163.0,71,20,96.0,36.6,107.0,1.13,No,Yes,Yes,None,Normal,4,Medium
P02832,49,Female,92.0,121.0,59,15,96.2,37.5,154.4,1.56,No,No,No,Respiratory,Normal,1,Low
P02833,68,Male,71.0,88.0,66,20,100.0,35.7,133.3,0.5,No,No,No,None,Normal,5,Medium
P02834,63,Female,102.0,,104,19,99.1,36.5,117.6,1.76,No,Yes,No,None,Normal,3,Low
P02835,38,Male,99.0,109.0,81,16,91.5,36.4,169.0,1.51,No,No,No,Diabetes,Abnormal,5,Medium
P02836,61,Male,114.0,179.0,90,11,95.1,38.0,87.5,2.88,No,No,No,Hypertension,Abnormal,6,Medium
P02837,28,Female,103.0,167.0,77,13,92.7,35.9,89.0,1.12,No,No,No,None,Normal,4,Medium
P02838,85,Male,107.0,143.0,60,14,88.2,37.7,50.0,1.46,Yes,No,No,Multiple,Normal,12,High
P02839,18,Male,72.0,116.0,88,13,96.3,37.3,77.8,2.52,No,No,No,Hypertension,Normal,2,Low
P02840,80,Female,101.0,155.0,97,20,97.7,37.3,97.4,1.77,No,Yes,No,Diabetes,Abnormal,7,Medium
P02841,41,Female,124.0,97.0,83,29,96.2,36.6,113.0,1.67,No,No,No,Hypertension,Normal,6,Medium
P02842,30,Female,71.0,152.0,85,15,97.3,35.8,133.0,1.66,No,No,No,Cardiac,Normal,2,Low
P02843,28,Female,121.0,148.0,59,16,95.0,37.4,150.2,1.01,No,No,No,None,Normal,2,Low
P02844,68,Male,74.0,121.0,89,15,92.9,37.7,61.8,1.45,No,No,No,None,Normal,3,Low
P02845,34,Female,68.0,153.0,98,22,94.9,37.4,119.4,1.86,No,No,No,Hypertension,Abnormal,3,Low
P02846,41,Female,91.0,114.0,84,20,100.0,36.9,75.7,0.87,Yes,No,No,Diabetes,Normal,2,Low
P02847,36,Male,99.0,93.0,51,18,97.1,36.1,61.8,0.95,Yes,No,No,Diabetes,Abnormal,6,Medium
P02848,54,Male,103.0,149.0,103,12,91.4,36.5,128.0,2.77,No,No,No,None,Normal,4,Medium
P02849,25,Male,66.0,123.0,64,13,96.4,37.4,119.1,2.2,No,No,No,Multiple,Normal,2,Low
P02850,45,Male,94.0,140.0,84,19,99.8,36.4,134.7,2.04,No,Yes,No,Diabetes,Normal,2,Low
P02851,22,Female,71.0,171.0,92,19,98.3,36.2,138.2,1.37,Yes,No,No,None,Abnormal,3,Low
P02852,34,Female,55.0,107.0,94,18,99.9,35.8,95.7,1.98,No,No,No,Hypertension,Normal,2,Low
P02853,53,Male,66.0,121.0,51,21,,37.4,158.8,0.5,No,No,No,Hypertension,Normal,3,Low
P02854,36,Male,70.0,164.0,80,12,96.4,37.4,78.3,0.83,Yes,Yes,No,Hypertension,Abnormal,5,Medium
P02855,81,Male,95.0,142.0,79,20,95.0,37.9,72.8,2.3,Yes,No,No,None,Normal,3,Low
P02856,28,Male,108.0,108.0,100,19,97.8,35.3,130.9,1.26,No,No,No,Cardiac,Abnormal,5,Medium
P02857,71,Female,56.0,101.0,85,13,93.5,37.9,,1.63,No,Yes,Yes,None,Normal,7,Medium
P02858,62,Male,92.0,112.0,100,15,93.4,37.9,82.6,2.09,Yes,No,No,Multiple,Abnormal,8,High
P02859,64,Female,61.0,107.0,86,21,96.0,38.0,81.7,1.2,No,No,No,Hypertension,Normal,2,Low
P02860,29,Male,98.0,131.0,77,12,93.2,37.1,130.2,1.3,Yes,No,Yes,Hypertension,Normal,7,Medium
P02861,38,Female,73.0,127.0,81,30,96.8,37.2,125.0,1.51,No,No,No,Hypertension,Abnormal,4,Medium
P02862,28,Female,64.0,132.0,101,21,89.9,37.2,73.5,1.92,No,No,No,Diabetes,Normal,5,Medium
P02863,22,Female,101.0,104.0,59,18,99.5,36.3,89.3,0.5,No,No,No,None,Normal,1,Low
P02864,73,Female,73.0,123.0,92,17,87.6,36.3,78.6,2.04,No,No,No,None,Normal,5,Medium
P02865,37,Male,79.0,74.0,69,22,98.7,37.2,50.0,1.78,No,Yes,No,Hypertension,Abnormal,9,High
P02866,58,Female,45.0,129.0,65,16,94.3,36.8,169.6,1.89,No,No,No,Multiple,Normal,2,Low
P02867,63,Male,104.0,154.0,93,16,91.7,37.6,124.5,1.21,No,No,No,Diabetes,Abnormal,7,Medium
P02868,29,Female,101.0,89.0,65,25,96.5,36.7,161.3,1.76,Yes,Yes,Yes,None,Abnormal,12,High
P02869,87,Female,85.0,137.0,84,16,98.7,35.8,102.8,2.56,No,No,No,Respiratory,Abnormal,7,Medium
P02870,34,Male,54.0,110.0,71,19,99.5,35.9,76.1,2.34,Yes,No,Yes,Multiple,Normal,7,Medium
P02871,36,Male,109.0,145.0,43,14,99.4,36.4,80.0,2.78,No,No,No,Multiple,Abnormal,6,Medium
P02872,43,Female,72.0,129.0,85,19,93.4,37.6,80.0,1.08,Yes,No,No,Respiratory,Normal,4,Medium
P02873,65,Female,76.0,135.0,80,21,96.6,36.6,94.3,2.35,No,No,No,Hypertension,Normal,2,Low
P02874,69,Male,131.0,127.0,49,26,90.7,37.2,53.1,1.3,Yes,No,No,Respiratory,Normal,10,High
P02875,87,Female,71.0,158.0,68,13,96.2,35.7,99.5,0.5,No,Yes,No,None,Normal,4,Medium
P02876,72,Male,100.0,134.0,51,11,97.0,37.1,92.0,2.55,Yes,No,No,Respiratory,Abnormal,6,Medium
P02877,50,Male,96.0,107.0,89,17,94.9,37.0,149.9,2.42,No,No,No,None,Abnormal,2,Low
P02878,79,Male,93.0,127.0,99,15,90.5,38.0,136.5,2.99,Yes,No,No,Hypertension,Normal,7,Medium
P02879,40,Female,91.0,116.0,91,18,94.2,37.1,,0.63,No,No,Yes,None,Abnormal,5,Medium
P02880,32,Female,93.0,129.0,93,21,100.0,37.6,134.0,1.93,No,No,No,Hypertension,Normal,1,Low
P02881,44,Male,90.0,115.0,70,29,97.2,38.6,71.2,1.62,Yes,No,No,None,Normal,3,Low
P02882,81,Male,84.0,108.0,86,16,94.5,37.0,64.5,2.72,No,No,No,None,Normal,3,Low
P02883,68,Male,115.0,130.0,78,8,95.5,38.2,111.2,0.69,No,No,No,Respiratory,Normal,3,Low
P02884,70,Male,59.0,126.0,81,17,97.2,37.1,119.1,1.6,No,No,No,None,Normal,1,Low
P02885,68,Female,105.0,152.0,92,20,91.4,36.6,109.4,1.88,No,No,No,Hypertension,Normal,5,Medium
P02886,64,Male,101.0,115.0,96,13,91.5,36.9,169.2,2.39,No,No,No,None,Abnormal,6,Medium
P02887,21,Female,99.0,75.0,72,19,93.8,36.6,142.5,2.13,No,No,No,Hypertension,Normal,6,Medium
P02888,24,Male,107.0,116.0,57,19,94.5,36.6,156.4,1.77,Yes,No,No,Diabetes,Abnormal,5,Medium
P02889,52,Female,83.0,84.0,75,19,100.0,36.5,92.9,1.55,No,No,No,Respiratory,Normal,4,Medium
P02890,65,Female,48.0,135.0,75,22,96.2,36.8,128.3,1.73,Yes,No,No,Cardiac,Normal,3,Low
P02891,90,Female,84.0,83.0,82,18,94.4,37.6,73.3,2.4,No,No,Yes,None,Normal,8,High
P02892,89,Female,65.0,100.0,90,21,96.2,35.6,85.7,1.14,No,No,No,Multiple,Abnormal,7,Medium
P02893,62,Female,70.0,116.0,49,9,89.9,37.2,128.2,1.61,No,No,No,None,Abnormal,7,Medium
P02894,89,Male,60.0,164.0,68,13,93.3,37.1,79.4,1.61,No,No,No,None,Normal,4,Medium
P02895,36,Male,75.0,98.0,64,16,93.8,38.1,,0.5,No,No,No,Multiple,Abnormal,8,High
P02896,80,Female,73.0,125.0,97,13,92.9,36.7,132.2,0.5,No,No,No,None,Abnormal,6,Medium
P02897,55,Male,45.0,139.0,75,18,99.7,37.9,84.4,0.61,Yes,Yes,No,Diabetes,Normal,3,Low
P02898,84,Male,99.0,162.0,70,16,98.0,36.3,153.5,1.63,Yes,No,No,Hypertension,Normal,4,Medium
P02899,76,Male,129.0,144.0,86,16,92.4,36.6,106.4,2.2,Yes,No,No,Multiple,Abnormal,11,High
P02900,86,Male,97.0,152.0,69,22,92.2,37.3,108.1,1.31,No,No,No,None,Normal,4,Medium
P02901,30,Male,81.0,147.0,78,18,92.2,37.5,125.1,0.5,No,Yes,No,Hypertension,Normal,4,Medium
P02902,64,Male,,95.0,105,13,95.4,36.8,109.6,2.56,No,Yes,No,None,Normal,5,Medium
P02903,78,Male,77.0,134.0,105,15,96.6,37.2,126.2,2.02,No,No,No,Cardiac,Normal,3,Low
P02904,48,Female,87.0,146.0,72,22,97.2,36.9,78.3,1.62,No,No,No,Multiple,Normal,2,Low
P02905,39,Male,84.0,101.0,75,19,93.0,37.6,50.0,1.99,Yes,Yes,No,None,Normal,6,Medium
P02906,60,Male,68.0,111.0,69,24,95.5,36.9,58.5,0.96,No,No,No,Cardiac,Abnormal,7,Medium
P02907,84,Male,119.0,105.0,49,22,95.8,36.8,96.8,,No,No,No,Hypertension,Normal,5,Medium
P02908,71,Female,55.0,144.0,94,16,99.6,37.8,134.6,2.06,Yes,No,No,Hypertension,Normal,3,Low
P02909,27,Female,99.0,123.0,114,25,98.3,37.2,201.3,1.68,No,No,Yes,Cardiac,Normal,5,Medium
P02910,59,Male,83.0,117.0,71,26,91.7,37.5,91.3,,No,Yes,No,Cardiac,Normal,5,Medium
P02911,81,Female,123.0,93.0,66,9,,39.0,88.8,1.86,No,Yes,No,Diabetes,Abnormal,13,High
P02912,38,Female,92.0,123.0,74,18,95.7,35.4,128.5,2.19,Yes,No,No,Diabetes,Abnormal,5,Medium
P02913,83,Male,78.0,111.0,79,15,94.1,36.2,123.9,0.5,Yes,No,No,None,Normal,3,Low
P02914,58,Female,80.0,131.0,61,17,93.1,36.3,125.2,1.17,No,No,No,None,Abnormal,4,Medium
P02915,41,Male,86.0,96.0,71,14,93.7,36.3,104.8,1.54,No,Yes,No,Respiratory,Normal,6,Medium
P02916,52,Female,62.0,129.0,93,13,97.7,38.1,50.0,1.5,No,No,No,Respiratory,Normal,3,Low
P02917,73,Male,70.0,114.0,80,23,91.5,34.9,122.9,1.23,No,No,No,Respiratory,Abnormal,9,High
P02918,47,Female,49.0,,97,12,100.0,37.4,113.1,2.42,No,No,No,Multiple,Normal,4,Medium
P02919,74,Male,67.0,92.0,83,18,,35.8,51.4,1.25,No,Yes,No,Diabetes,Normal,10,High
P02920,64,Male,87.0,96.0,62,11,97.9,37.0,138.3,0.94,Yes,No,No,Diabetes,Abnormal,7,Medium
P02921,52,Female,91.0,120.0,69,24,94.0,37.2,144.2,1.43,No,No,No,Multiple,Normal,3,Low
P02922,36,Male,45.0,128.0,82,18,91.4,37.7,137.3,3.01,No,No,No,None,Abnormal,5,Medium
P02923,25,Male,82.0,132.0,61,22,95.6,36.8,98.7,1.81,No,Yes,No,Hypertension,Abnormal,4,Medium
P02924,43,Female,96.0,133.0,59,19,92.2,36.9,123.8,1.41,Yes,No,No,Cardiac,Normal,4,Medium
P02925,88,Male,82.0,106.0,60,17,96.4,35.4,79.1,1.54,No,No,No,Cardiac,Normal,4,Medium
P02926,47,Male,72.0,151.0,86,18,95.9,38.8,59.6,0.5,Yes,No,No,Respiratory,Normal,5,Medium
P02927,24,Female,77.0,114.0,73,26,93.9,37.2,111.0,1.65,No,No,No,None,Normal,3,Low
P02928,84,Male,74.0,136.0,96,14,96.5,37.4,54.9,1.99,No,Yes,No,Hypertension,Normal,6,Medium
P02929,82,Female,72.0,121.0,65,8,99.1,37.9,109.7,2.15,No,Yes,No,Multiple,Normal,5,Medium
P02930,53,Male,88.0,134.0,41,14,95.7,36.9,112.9,1.67,No,No,No,Multiple,Normal,2,Low
P02931,42,Female,131.0,120.0,76,12,93.8,37.3,82.3,,No,No,No,Hypertension,Normal,5,Medium
P02932,54,Female,70.0,135.0,103,23,97.2,37.6,192.6,2.52,Yes,No,No,None,Normal,3,Low
P02933,18,Male,,125.0,79,17,97.3,35.8,91.1,1.5,Yes,No,No,Hypertension,Abnormal,5,Medium
P02934,32,Female,84.0,145.0,57,22,95.1,37.4,123.5,1.02,Yes,No,Yes,Diabetes,Abnormal,7,Medium
P02935,54,Male,71.0,105.0,54,18,100.0,38.7,107.4,1.18,No,No,No,Cardiac,Normal,2,Low
P02936,30,Male,107.0,81.0,96,18,95.1,38.4,152.6,1.53,No,No,No,Hypertension,Normal,5,Medium
P02937,25,Female,45.0,101.0,66,19,100.0,38.2,101.6,1.56,No,No,No,None,Normal,0,Low
P02938,22,Male,74.0,152.0,101,25,94.0,38.5,64.3,1.37,No,No,No,Diabetes,Normal,2,Low
P02939,77,Male,101.0,121.0,88,19,98.6,36.0,131.6,2.05,No,No,No,Multiple,Normal,5,Medium
P02940,90,Female,79.0,127.0,66,24,95.3,36.6,54.9,1.73,Yes,Yes,No,Respiratory,Normal,8,High
P02941,18,Male,69.0,99.0,96,23,96.8,36.3,81.1,2.51,No,No,No,Diabetes,Abnormal,7,Medium
P02942,53,Male,94.0,127.0,64,17,89.9,39.8,94.6,1.86,No,Yes,No,Respiratory,Normal,8,High
P02943,52,Female,103.0,99.0,56,18,100.0,37.2,96.1,1.51,No,No,No,Diabetes,Normal,4,Medium
P02944,83,Male,89.0,103.0,65,16,97.0,35.9,101.1,1.4,Yes,No,No,Diabetes,Normal,5,Medium
P02945,80,Male,69.0,115.0,90,24,,36.1,98.0,1.48,Yes,No,No,Respiratory,Abnormal,7,Medium
P02946,40,Female,94.0,136.0,95,13,91.9,37.1,120.0,0.94,Yes,No,Yes,Cardiac,Normal,7,Medium
P02947,26,Male,77.0,139.0,72,14,96.5,35.9,87.8,1.61,No,No,Yes,None,Normal,4,Medium
P02948,51,Male,100.0,139.0,50,17,95.5,38.5,132.4,2.18,No,Yes,No,Diabetes,Normal,2,Low
P02949,63,Female,115.0,85.0,55,12,92.8,37.6,81.3,2.42,No,No,Yes,None,Abnormal,12,High
P02950,21,Male,45.0,125.0,62,15,99.9,37.3,64.2,1.94,Yes,No,No,Hypertension,Abnormal,4,Medium
P02951,47,Male,87.0,120.0,59,24,96.4,36.2,69.7,4.51,No,No,No,Diabetes,Normal,5,Medium
P02952,89,Female,50.0,87.0,82,21,95.8,35.9,98.5,2.06,No,No,No,None,Abnormal,8,High
P02953,20,Female,134.0,125.0,107,16,97.9,37.3,153.8,0.5,No,No,No,Multiple,Abnormal,6,Medium
P02954,31,Male,76.0,119.0,90,22,93.4,37.1,113.9,2.13,No,No,No,None,Normal,2,Low
P02955,77,Male,100.0,138.0,61,28,96.5,36.0,96.6,2.7,No,No,No,Multiple,Normal,6,Medium
P02956,62,Female,84.0,127.0,68,20,96.3,37.0,113.4,1.59,No,No,No,Multiple,Normal,3,Low
P02957,51,Male,69.0,111.0,71,25,96.4,37.0,66.6,0.63,Yes,Yes,No,Multiple,Normal,5,Medium
P02958,62,Male,,148.0,84,22,99.1,37.6,50.0,0.5,No,No,No,Diabetes,Normal,4,Medium
P02959,78,Male,117.0,70.0,102,17,94.7,38.7,75.5,1.72,Yes,No,No,Multiple,Abnormal,12,High
P02960,33,Female,104.0,123.0,71,19,94.4,35.3,73.0,0.99,Yes,No,No,None,Normal,3,Low
P02961,83,Male,124.0,81.0,101,21,94.2,37.6,211.0,1.63,Yes,No,No,None,Normal,8,High
P02962,57,Male,86.0,102.0,110,14,94.0,36.4,191.9,1.5,No,No,No,None,Normal,0,Low
P02963,34,Female,,138.0,73,8,99.3,37.3,191.5,2.97,No,No,No,None,Abnormal,3,Low
P02964,51,Female,80.0,93.0,72,14,95.8,37.1,66.4,2.47,No,No,No,Cardiac,Normal,3,Low
P02965,33,Female,79.0,89.0,73,8,99.1,37.4,185.2,1.35,Yes,No,No,None,Abnormal,6,Medium
P02966,77,Male,64.0,185.0,79,14,96.8,36.0,86.5,1.47,Yes,No,No,Diabetes,Normal,6,Medium
P02967,83,Male,87.0,91.0,73,9,93.4,37.8,180.8,2.54,Yes,No,No,Hypertension,Abnormal,11,High
P02968,83,Female,69.0,166.0,91,22,91.5,37.0,,1.9,Yes,No,No,Respiratory,Normal,6,Medium
P02969,30,Male,94.0,121.0,55,12,91.6,38.1,75.3,2.05,Yes,No,No,None,Normal,3,Low
P02970,73,Male,88.0,112.0,70,21,93.3,38.3,181.2,2.74,Yes,No,No,Respiratory,Normal,6,Medium
P02971,48,Male,91.0,139.0,83,22,99.1,37.2,179.6,1.18,Yes,No,No,Hypertension,Normal,2,Low
P02972,51,Male,119.0,158.0,91,22,99.9,37.8,72.6,2.56,No,No,No,Cardiac,Abnormal,5,Medium
P02973,56,Female,84.0,96.0,111,9,96.3,37.7,128.0,1.48,No,No,No,Cardiac,Normal,3,Low
P02974,84,Female,100.0,112.0,59,24,98.8,38.1,50.0,0.5,Yes,Yes,No,Multiple,Normal,9,High
P02975,25,Male,126.0,146.0,68,20,94.3,38.0,99.2,0.87,Yes,No,Yes,Respiratory,Normal,7,Medium
P02976,72,Female,111.0,132.0,44,22,94.1,36.1,99.5,1.06,No,No,No,Respiratory,Normal,3,Low
P02977,44,Male,108.0,153.0,61,27,98.3,37.2,98.6,,No,No,No,Hypertension,Normal,4,Medium
P02978,70,Male,79.0,138.0,51,22,96.5,35.9,179.5,1.7,No,Yes,No,None,Normal,3,Low
P02979,56,Female,90.0,170.0,70,12,98.2,36.6,61.6,1.56,No,No,No,None,Normal,0,Low
P02980,82,Female,59.0,129.0,75,21,96.2,36.6,106.0,3.0,Yes,No,No,Respiratory,Normal,5,Medium
P02981,34,Male,95.0,131.0,85,10,94.9,37.5,145.2,1.18,Yes,No,No,Hypertension,Normal,2,Low
P02982,47,Male,90.0,133.0,74,18,95.4,36.8,62.4,1.48,No,No,No,None,Normal,0,Low
P02983,70,Male,85.0,121.0,85,15,96.9,36.9,79.7,1.82,Yes,No,No,None,Normal,2,Low
P02984,30,Male,106.0,146.0,80,18,96.7,37.8,159.6,1.76,Yes,No,No,Respiratory,Abnormal,5,Medium
P02985,38,Female,61.0,131.0,63,10,93.2,37.7,168.8,2.07,No,No,No,Hypertension,Abnormal,5,Medium
P02986,36,Female,118.0,145.0,53,11,95.6,37.2,97.7,2.24,No,No,No,None,Normal,1,Low
P02987,70,Male,103.0,149.0,87,16,91.4,37.6,149.3,1.14,No,Yes,No,None,Normal,5,Medium
P02988,36,Male,84.0,136.0,103,17,95.0,37.5,177.3,0.5,Yes,No,No,Multiple,Abnormal,5,Medium
P02989,74,Female,82.0,138.0,116,16,93.2,38.6,98.7,2.12,No,No,No,None,Normal,4,Medium
P02990,42,Male,95.0,100.0,92,25,86.9,36.8,146.7,0.5,No,No,No,Hypertension,Abnormal,8,High
P02991,48,Female,115.0,111.0,100,20,100.0,36.4,98.1,2.06,No,No,No,None,Abnormal,3,Low
P02992,72,Male,87.0,146.0,85,20,93.7,37.2,60.9,2.39,No,No,No,Cardiac,Normal,4,Medium
P02993,40,Female,88.0,161.0,83,16,93.2,36.2,115.1,2.7,Yes,No,No,Multiple,Normal,6,Medium
P02994,49,Male,85.0,76.0,80,11,100.0,36.7,105.2,1.7,No,Yes,No,Diabetes,Abnormal,7,Medium
P02995,79,Male,121.0,111.0,76,18,92.5,37.4,77.9,3.41,No,No,No,Multiple,Normal,9,High
P02996,27,Male,78.0,126.0,87,27,91.6,36.6,101.4,0.69,Yes,Yes,No,None,Normal,5,Medium
P02997,89,Female,84.0,103.0,70,19,95.4,36.8,105.9,2.96,No,No,No,Hypertension,Normal,4,Medium
P02998,71,Female,114.0,104.0,76,24,94.5,36.8,126.1,1.19,No,Yes,No,None,Normal,4,Medium
P02999,69,Male,88.0,137.0,60,24,94.1,36.7,156.6,1.83,No,No,Yes,None,Normal,5,Medium
P03000,37,Male,108.0,165.0,85,21,93.2,36.1,156.6,1.93,No,No,No,Respiratory,Normal,4,Medium
P03001,49,Male,67.0,74.0,64,19,95.4,37.8,111.5,2.88,Yes,No,No,Multiple,Abnormal,9,High
P03002,31,Male,81.0,121.0,79,13,100.0,38.1,93.1,0.92,Yes,No,No,Cardiac,Abnormal,4,Medium
P03003,67,Female,115.0,137.0,86,17,91.2,37.8,168.6,3.51,No,No,No,None,Normal,5,Medium
P03004,45,Female,71.0,145.0,87,16,98.5,37.8,111.0,0.5,No,No,No,None,Abnormal,2,Low
P03005,70,Female,82.0,133.0,90,20,100.0,36.7,91.1,1.74,No,No,Yes,None,Normal,4,Medium
P03006,41,Male,90.0,169.0,75,11,94.1,37.1,121.8,2.26,Yes,No,No,None,Abnormal,3,Low
P03007,39,Male,65.0,126.0,85,15,97.1,36.4,50.0,2.63,No,No,No,None,Abnormal,5,Medium
P03008,47,Female,77.0,158.0,71,20,95.6,36.9,96.2,0.66,No,No,No,None,Normal,0,Low
P03009,80,Male,87.0,109.0,48,14,90.8,37.0,93.5,0.5,No,Yes,No,Multiple,Abnormal,9,High
P03010,21,Female,86.0,126.0,86,13,99.7,35.9,83.4,2.85,No,No,No,Hypertension,Normal,3,Low
P03011,76,Female,111.0,95.0,82,14,96.1,37.1,130.2,1.99,No,Yes,No,None,Normal,6,Medium
P03012,25,Female,116.0,148.0,93,17,94.4,36.6,158.1,0.5,No,No,No,Hypertension,Normal,2,Low
P03013,29,Female,68.0,122.0,78,8,91.4,37.2,182.7,,No,Yes,No,Respiratory,Normal,4,Medium
P03014,48,Male,87.0,134.0,54,14,97.6,36.8,95.2,1.21,No,No,Yes,None,Normal,3,Low
P03015,51,Female,98.0,,77,23,96.5,37.3,103.7,2.71,No,Yes,No,Respiratory,Normal,4,Medium
P03016,66,Male,115.0,140.0,91,20,97.8,37.6,87.8,1.51,No,No,No,Multiple,Abnormal,6,Medium
P03017,74,Female,99.0,135.0,85,20,97.7,36.0,136.5,1.65,No,Yes,No,None,Normal,2,Low
P03018,43,Female,91.0,100.0,76,9,93.6,36.7,50.0,1.6,No,No,No,Diabetes,Normal,5,Medium
P03019,35,Female,98.0,102.0,53,16,85.7,36.5,99.4,3.14,No,Yes,No,None,Normal,6,Medium
P03020,55,Female,98.0,124.0,63,17,95.7,37.9,126.7,2.53,Yes,No,No,None,Normal,2,Low
P03021,67,Male,66.0,141.0,85,20,95.5,38.4,90.1,2.35,Yes,No,No,Cardiac,Normal,3,Low
P03022,25,Male,89.0,172.0,53,24,96.5,37.0,97.8,1.96,Yes,No,Yes,None,Normal,5,Medium
P03023,58,Male,114.0,133.0,73,23,100.0,37.3,154.7,1.95,No,No,Yes,Hypertension,Normal,6,Medium
P03024,23,Male,81.0,150.0,79,15,95.9,35.8,112.7,1.07,No,No,No,Diabetes,Normal,2,Low
P03025,86,Female,88.0,85.0,95,15,98.1,37.2,162.8,2.5,No,No,Yes,Diabetes,Normal,9,High
P03026,61,Male,80.0,175.0,87,25,97.1,36.8,180.5,1.5,No,No,No,Multiple,Normal,4,Medium
P03027,81,Male,45.0,140.0,92,16,91.8,38.1,136.2,0.78,Yes,No,No,Hypertension,Normal,6,Medium
P03028,46,Female,85.0,124.0,83,13,92.1,36.8,103.4,1.68,No,No,Yes,Multiple,Abnormal,9,High
P03029,45,Male,91.0,121.0,65,17,99.5,36.3,178.3,1.81,No,Yes,No,Cardiac,Normal,2,Low
P03030,28,Male,75.0,97.0,69,25,93.4,35.9,50.0,2.88,No,No,No,Diabetes,Normal,10,High
P03031,82,Male,62.0,104.0,64,13,97.1,37.1,52.9,2.49,No,No,No,None,Normal,4,Medium
P03032,36,Male,67.0,173.0,87,16,,36.6,145.8,1.01,No,No,No,Hypertension,Normal,3,Low
P03033,26,Female,100.0,100.0,68,14,98.2,38.0,214.0,2.63,No,No,No,Cardiac,Normal,2,Low
P03034,44,Female,124.0,100.0,72,23,96.7,37.5,142.3,0.5,No,No,No,Multiple,Normal,5,Medium
P03035,51,Male,113.0,107.0,78,19,95.1,36.9,122.4,2.13,No,No,No,None,Normal,1,Low
P03036,61,Female,58.0,95.0,103,23,98.0,37.5,96.3,1.25,No,No,No,Multiple,Normal,6,Medium
P03037,85,Male,102.0,125.0,88,26,96.8,38.4,137.2,0.68,No,No,No,None,Normal,4,Medium
P03038,32,Male,72.0,152.0,66,10,93.8,36.1,161.3,0.86,No,Yes,No,None,Normal,3,Low
P03039,68,Male,73.0,110.0,80,14,96.0,36.5,144.9,2.97,No,No,No,Multiple,Normal,4,Medium
P03040,30,Female,76.0,91.0,103,16,98.0,38.6,117.5,2.16,No,Yes,No,Diabetes,Abnormal,7,Medium
P03041,66,Female,99.0,132.0,87,18,,36.4,156.3,2.1,No,No,No,Multiple,Normal,3,Low
P03042,87,Female,104.0,124.0,54,21,95.6,37.5,127.2,2.58,No,No,No,Multiple,Normal,6,Medium
P03043,73,Female,83.0,150.0,64,16,100.0,37.9,135.4,1.61,No,Yes,No,None,Normal,2,Low
P03044,68,Female,83.0,114.0,63,15,93.8,37.0,153.8,2.9,No,Yes,No,Diabetes,Normal,6,Medium
P03045,54,Female,94.0,118.0,100,23,91.3,37.6,77.6,1.62,No,Yes,No,None,Normal,4,Medium
P03046,34,Male,96.0,121.0,97,21,91.8,36.8,114.1,0.5,No,Yes,No,Respiratory,Normal,4,Medium
P03047,75,Female,109.0,127.0,69,20,96.0,38.5,119.6,3.09,No,No,No,None,Normal,4,Medium
P03048,46,Male,59.0,115.0,68,8,96.0,36.6,67.0,0.5,No,No,No,None,Normal,0,Low
P03049,50,Male,85.0,111.0,79,24,96.4,36.2,71.4,1.59,No,No,No,Respiratory,Normal,2,Low
P03050,77,Female,64.0,79.0,79,19,94.0,37.7,90.0,2.4,No,No,No,Cardiac,Normal,6,Medium
P03051,72,Male,84.0,111.0,64,17,100.0,37.6,156.7,0.5,No,Yes,No,Respiratory,Abnormal,5,Medium
P03052,27,Male,80.0,143.0,74,14,100.0,37.1,107.2,1.68,No,No,No,None,Normal,0,Low
P03053,64,Male,84.0,146.0,56,15,92.6,37.0,120.2,1.67,No,No,Yes,Cardiac,Normal,7,Medium
P03054,40,Female,69.0,113.0,97,14,95.7,36.6,127.3,2.53,Yes,No,No,Diabetes,Abnormal,5,Medium
P03055,38,Female,55.0,157.0,52,8,96.1,36.4,140.2,2.19,No,No,No,Hypertension,Abnormal,3,Low
P03056,30,Male,45.0,124.0,51,14,98.1,36.5,135.0,0.73,Yes,No,No,None,Abnormal,3,Low
P03057,50,Female,82.0,92.0,85,10,91.4,37.3,117.7,1.28,No,No,Yes,Multiple,Normal,9,High
P03058,41,Male,76.0,84.0,59,18,90.9,36.8,109.5,0.94,Yes,No,No,Hypertension,Normal,7,Medium
P03059,28,Female,71.0,155.0,70,12,92.3,35.8,158.8,0.5,Yes,No,No,Cardiac,Normal,5,Medium
P03060,34,Male,111.0,116.0,79,22,100.0,36.7,95.3,1.28,Yes,No,No,Diabetes,Normal,3,Low
P03061,85,Male,68.0,95.0,88,10,94.0,36.8,169.4,2.99,No,No,No,Respiratory,Normal,6,Medium
P03062,64,Female,113.0,70.0,75,24,98.4,37.4,92.2,2.16,Yes,No,No,Diabetes,Normal,8,High
P03063,42,Female,117.0,115.0,105,22,97.8,37.2,103.7,2.14,Yes,No,No,None,Normal,2,Low
P03064,90,Female,46.0,135.0,78,13,95.5,38.4,143.3,0.83,No,No,No,Multiple,Normal,4,Medium
P03065,38,Female,87.0,108.0,96,18,98.5,36.2,209.6,0.5,No,No,No,Diabetes,Normal,1,Low
P03066,29,Female,77.0,99.0,82,14,92.3,37.4,50.0,2.25,No,No,No,Diabetes,Abnormal,9,High
P03067,54,Male,45.0,111.0,110,21,94.6,37.5,149.6,2.61,Yes,No,No,Hypertension,Normal,3,Low
P03068,59,Male,56.0,156.0,94,27,89.3,37.2,133.9,1.93,No,Yes,No,Respiratory,Normal,7,Medium
P03069,34,Male,100.0,90.0,79,24,96.3,36.8,96.9,2.41,No,No,No,Hypertension,Normal,4,Medium
P03070,65,Female,125.0,109.0,87,15,93.6,36.5,129.4,1.53,No,No,No,Hypertension,Abnormal,8,High
P03071,45,Female,103.0,155.0,74,19,100.0,37.0,67.0,1.84,No,Yes,No,Hypertension,Abnormal,5,Medium
P03072,58,Male,91.0,137.0,74,26,96.2,35.6,83.3,1.22,No,No,Yes,Diabetes,Normal,6,Medium
P03073,64,Male,85.0,129.0,58,21,98.5,36.3,132.1,2.11,Yes,No,No,Cardiac,Normal,3,Low
P03074,35,Male,119.0,109.0,66,23,98.0,36.2,74.7,1.65,No,Yes,No,Respiratory,Abnormal,6,Medium
P03075,88,Male,128.0,126.0,109,21,95.8,37.4,121.0,2.28,Yes,No,No,Hypertension,Normal,6,Medium
P03076,30,Female,73.0,,60,18,99.0,37.5,88.4,2.43,Yes,Yes,No,None,Abnormal,4,Medium
P03077,30,Male,45.0,104.0,68,18,96.1,36.1,96.9,1.52,Yes,No,No,Respiratory,Normal,2,Low
P03078,48,Female,45.0,98.0,77,12,97.4,36.0,,2.21,No,No,No,None,Normal,2,Low
P03079,19,Male,111.0,145.0,77,14,100.0,35.8,68.4,1.24,No,Yes,No,Diabetes,Abnormal,6,Medium
P03080,33,Female,84.0,123.0,84,13,96.6,37.8,113.6,3.24,No,No,No,Respiratory,Abnormal,4,Medium
P03081,26,Female,89.0,133.0,71,16,94.4,37.7,134.1,2.93,Yes,No,No,Cardiac,Normal,3,Low
P03082,90,Female,49.0,129.0,85,18,93.9,37.5,125.3,2.04,No,No,No,Multiple,Abnormal,8,High
P03083,55,Female,70.0,136.0,95,17,95.8,38.2,91.3,1.19,No,No,No,Diabetes,Abnormal,3,Low
P03084,71,Male,79.0,119.0,97,19,96.4,38.4,129.6,2.0,Yes,No,Yes,Hypertension,Abnormal,8,High
P03085,73,Male,89.0,113.0,74,21,96.2,36.2,73.8,0.83,No,No,No,Respiratory,Normal,2,Low
P03086,62,Male,77.0,105.0,87,16,91.3,36.7,95.5,2.13,Yes,No,No,Hypertension,Normal,5,Medium
P03087,51,Female,64.0,90.0,61,22,89.2,37.6,178.6,0.5,No,No,No,None,Abnormal,8,High
P03088,26,Male,69.0,97.0,67,24,93.1,34.8,140.6,0.94,No,Yes,No,None,Abnormal,10,High
P03089,25,Male,109.0,116.0,60,20,96.2,36.8,115.1,2.09,No,No,No,None,Abnormal,3,Low
P03090,24,Male,90.0,85.0,77,15,96.2,37.8,133.0,2.91,No,Yes,No,None,Normal,5,Medium
P03091,53,Female,97.0,90.0,65,23,97.4,36.7,82.8,2.09,No,Yes,No,None,Abnormal,6,Medium
P03092,35,Female,67.0,151.0,55,20,97.1,37.6,126.3,1.54,No,No,Yes,None,Abnormal,5,Medium
P03093,20,Female,45.0,131.0,72,21,94.5,35.4,96.9,1.03,No,Yes,No,None,Normal,2,Low
P03094,45,Male,,,52,26,92.9,37.2,91.8,1.39,Yes,No,No,Diabetes,Abnormal,7,Medium
P03095,87,Male,68.0,182.0,98,22,97.6,36.6,110.0,0.5,No,No,No,Diabetes,Abnormal,7,Medium
P03096,61,Male,92.0,84.0,70,26,96.7,36.8,90.9,1.48,Yes,No,No,Hypertension,Normal,7,Medium
P03097,38,Female,151.0,149.0,93,17,92.7,36.2,120.6,3.56,Yes,No,No,Respiratory,Normal,7,Medium
P03098,45,Male,99.0,122.0,71,16,97.9,38.3,131.7,1.9,Yes,No,Yes,None,Normal,4,Medium
P03099,71,Female,140.0,145.0,60,24,98.9,37.1,104.1,2.13,No,Yes,No,None,Normal,5,Medium
P03100,71,Female,96.0,128.0,96,13,98.4,37.1,50.0,0.5,No,No,No,Diabetes,Normal,4,Medium
P03101,82,Female,72.0,78.0,79,27,98.9,38.6,80.3,2.92,No,No,No,Hypertension,Abnormal,11,High
P03102,38,Female,92.0,127.0,106,25,93.7,36.3,71.7,3.02,No,No,No,None,Normal,4,Medium
P03103,30,Male,121.0,133.0,71,18,98.6,37.1,129.8,1.97,No,Yes,No,None,Normal,3,Low
P03104,74,Male,122.0,70.0,71,24,95.5,36.5,85.8,2.29,No,No,No,None,Abnormal,9,High
P03105,66,Female,73.0,174.0,93,21,100.0,36.4,95.0,1.26,No,No,No,Hypertension,Abnormal,4,Medium
P03106,71,Male,90.0,133.0,93,12,98.7,37.2,148.6,1.58,No,No,No,Hypertension,Normal,2,Low
P03107,27,Female,56.0,142.0,80,14,97.3,36.8,83.8,3.95,No,No,No,Hypertension,Abnormal,4,Medium
P03108,70,Male,101.0,96.0,128,19,,38.6,123.1,1.43,No,Yes,No,Multiple,Normal,8,High
P03109,61,Male,116.0,142.0,74,19,94.5,38.4,90.3,3.26,Yes,No,No,Diabetes,Normal,5,Medium
P03110,64,Female,86.0,152.0,59,25,97.7,36.9,96.2,3.44,Yes,No,No,Respiratory,Normal,5,Medium
P03111,70,Female,72.0,131.0,63,20,100.0,35.8,68.5,2.15,Yes,No,No,Diabetes,Normal,4,Medium
P03112,63,Female,92.0,125.0,74,12,98.4,36.8,94.1,1.7,Yes,No,No,Cardiac,Normal,3,Low
P03113,30,Female,93.0,103.0,101,15,96.5,37.8,135.3,0.74,Yes,Yes,No,Respiratory,Normal,3,Low
P03114,54,Male,87.0,120.0,75,22,95.2,36.3,76.4,2.23,No,No,No,None,Normal,0,Low
P03115,41,Female,89.0,112.0,101,9,93.1,38.3,86.4,1.81,No,No,No,None,Normal,2,Low
P03116,19,Male,82.0,139.0,85,11,95.1,37.5,202.6,1.72,No,Yes,No,Multiple,Abnormal,5,Medium
P03117,31,Female,,104.0,94,16,93.5,36.1,125.3,1.42,Yes,No,Yes,Diabetes,Normal,8,High
P03118,27,Male,100.0,139.0,84,23,95.3,36.5,128.5,2.04,Yes,Yes,No,Cardiac,Normal,4,Medium
P03119,52,Female,65.0,104.0,84,17,95.7,36.6,90.0,2.17,No,No,No,Hypertension,Normal,1,Low
P03120,42,Male,65.0,118.0,89,20,99.0,36.4,156.7,1.77,No,Yes,No,Hypertension,Normal,2,Low
P03121,20,Male,80.0,140.0,69,18,94.8,36.1,163.2,2.74,No,No,No,None,Normal,1,Low
P03122,34,Male,100.0,107.0,70,17,94.2,36.5,90.8,1.78,No,No,No,None,Normal,0,Low
P03123,29,Female,88.0,,83,15,98.7,36.7,157.7,1.68,No,No,Yes,Hypertension,Normal,4,Medium
P03124,71,Female,72.0,139.0,107,22,98.1,38.0,168.6,0.9,No,No,No,Multiple,Abnormal,5,Medium
P03125,41,Female,90.0,118.0,55,12,95.3,37.4,50.0,1.63,Yes,Yes,No,Hypertension,Normal,5,Medium
P03126,46,Female,78.0,154.0,48,17,97.8,37.4,149.4,1.75,Yes,No,No,Cardiac,Abnormal,4,Medium
P03127,60,Male,103.0,127.0,74,24,95.2,37.3,84.4,0.5,No,No,No,None,Abnormal,5,Medium
P03128,42,Male,92.0,153.0,93,14,95.4,36.4,168.0,2.21,No,Yes,No,Multiple,Normal,3,Low
P03129,77,Male,79.0,170.0,79,10,100.0,37.9,83.0,2.53,No,No,No,Hypertension,Normal,4,Medium
P03130,82,Female,90.0,119.0,60,8,95.6,36.7,139.3,3.56,Yes,Yes,No,Cardiac,Normal,6,Medium
P03131,45,Male,111.0,141.0,79,21,94.8,36.7,50.0,1.06,No,No,No,Respiratory,Abnormal,6,Medium
P03132,33,Male,74.0,109.0,52,22,96.1,37.3,159.6,1.71,No,No,No,Hypertension,Normal,1,Low
P03133,64,Female,93.0,99.0,87,16,90.1,39.0,117.9,2.16,No,No,No,None,Normal,6,Medium
P03134,75,Female,84.0,120.0,73,12,95.5,36.5,166.7,1.76,No,No,No,Hypertension,Normal,3,Low
P03135,44,Male,94.0,91.0,77,17,96.8,35.7,86.3,1.2,No,Yes,No,None,Normal,4,Medium
P03136,70,Female,72.0,102.0,84,24,100.0,37.2,123.5,0.62,No,No,No,Respiratory,Normal,3,Low
P03137,59,Female,87.0,140.0,81,12,96.3,37.5,175.8,1.86,Yes,No,No,Diabetes,Normal,2,Low
P03138,76,Female,,112.0,70,23,97.3,36.7,114.0,2.78,No,No,No,None,Normal,5,Medium
P03139,64,Female,66.0,143.0,94,10,97.0,36.5,132.2,1.8,No,No,No,Diabetes,Normal,2,Low
P03140,51,Male,58.0,132.0,90,12,100.0,36.0,143.0,1.75,Yes,Yes,No,Diabetes,Normal,3,Low
P03141,54,Male,59.0,171.0,51,19,99.0,37.3,52.9,2.11,No,No,No,Multiple,Normal,4,Medium
P03142,23,Male,62.0,138.0,75,23,91.6,38.6,94.2,2.4,No,Yes,No,None,Abnormal,7,Medium
P03143,24,Male,97.0,153.0,62,25,99.7,38.4,160.5,2.06,No,No,No,None,Normal,1,Low
P03144,42,Male,57.0,135.0,59,23,93.2,37.2,50.0,0.81,No,Yes,No,Respiratory,Normal,7,Medium
P03145,50,Female,79.0,133.0,86,26,94.0,36.7,159.7,2.17,Yes,No,Yes,None,Normal,5,Medium
P03146,72,Male,97.0,154.0,72,19,92.1,37.3,91.5,1.3,No,No,No,Multiple,Normal,5,Medium
P03147,75,Male,93.0,142.0,76,15,100.0,36.7,197.2,1.22,Yes,No,No,None,Abnormal,5,Medium
P03148,24,Female,77.0,130.0,68,24,99.6,36.5,132.5,0.94,No,No,No,Respiratory,Abnormal,4,Medium
P03149,74,Female,89.0,130.0,84,25,99.7,37.1,83.0,1.73,Yes,No,Yes,Hypertension,Normal,7,Medium
P03150,29,Female,87.0,138.0,88,23,99.1,38.0,154.2,,No,No,No,None,Normal,1,Low
P03151,33,Male,81.0,108.0,111,21,98.1,36.8,172.3,1.57,No,No,No,Hypertension,Normal,1,Low
P03152,60,Female,81.0,107.0,75,25,95.0,36.8,139.2,1.0,No,No,No,Diabetes,Abnormal,5,Medium
P03153,24,Female,130.0,161.0,56,20,96.6,36.8,97.2,2.52,No,No,No,Multiple,Abnormal,7,Medium
P03154,68,Female,101.0,172.0,70,18,94.5,37.6,172.5,1.49,No,No,No,Multiple,Abnormal,6,Medium
P03155,90,Male,135.0,102.0,91,22,93.4,37.7,77.8,1.22,No,No,No,Multiple,Abnormal,10,High
P03156,49,Female,75.0,108.0,66,20,,36.1,157.9,0.5,Yes,No,No,Respiratory,Normal,2,Low
P03157,25,Female,83.0,154.0,56,22,100.0,36.9,50.0,3.15,Yes,No,Yes,Multiple,Normal,9,High
P03158,89,Male,58.0,138.0,67,17,94.9,37.9,119.7,0.56,Yes,No,No,Hypertension,Normal,4,Medium
P03159,62,Female,69.0,142.0,70,23,99.0,36.7,92.7,2.03,No,Yes,No,Diabetes,Normal,4,Medium
P03160,76,Male,123.0,147.0,62,22,100.0,38.1,60.1,2.33,No,No,No,Hypertension,Normal,5,Medium
P03161,21,Male,75.0,119.0,81,19,98.3,37.5,167.2,1.49,Yes,Yes,No,Respiratory,Normal,3,Low
P03162,84,Female,,133.0,77,14,93.6,38.4,50.0,2.14,Yes,Yes,No,Cardiac,Normal,11,High
P03163,46,Male,60.0,131.0,90,24,93.8,36.8,170.4,2.2,Yes,No,No,None,Normal,4,Medium
P03164,46,Female,64.0,104.0,71,12,96.4,37.6,53.7,2.47,Yes,No,No,Hypertension,Abnormal,6,Medium
P03165,45,Female,78.0,133.0,86,13,100.0,37.6,157.1,2.28,No,No,No,Diabetes,Normal,1,Low
P03166,61,Female,84.0,156.0,71,19,100.0,37.9,83.8,1.55,No,Yes,No,None,Normal,2,Low
P03167,21,Female,103.0,117.0,61,8,97.6,37.3,50.0,1.48,No,Yes,No,Diabetes,Normal,5,Medium
P03168,26,Male,94.0,129.0,70,26,95.4,37.9,96.9,3.44,Yes,No,No,None,Normal,3,Low
P03169,22,Female,77.0,130.0,54,18,,36.5,137.6,2.67,No,No,No,None,Normal,1,Low
P03170,73,Female,82.0,118.0,105,26,96.6,37.0,79.1,1.24,No,No,No,Hypertension,Abnormal,5,Medium
P03171,67,Female,79.0,142.0,80,27,96.5,35.8,125.4,2.06,No,Yes,No,Multiple,Abnormal,8,High
P03172,32,Male,67.0,108.0,66,17,93.4,36.8,142.6,2.12,No,No,No,None,Abnormal,4,Medium
P03173,49,Male,67.0,158.0,72,25,93.3,36.3,174.7,1.79,No,No,No,None,Abnormal,5,Medium
P03174,45,Female,106.0,141.0,41,13,97.0,37.3,117.5,3.21,No,No,No,Hypertension,Normal,3,Low
P03175,39,Male,48.0,102.0,100,20,92.5,37.8,161.6,1.72,No,No,Yes,None,Abnormal,7,Medium
P03176,34,Male,117.0,167.0,98,16,94.1,37.5,149.0,1.73,No,No,No,Cardiac,Normal,2,Low
P03177,76,Female,78.0,129.0,80,21,96.1,37.6,111.3,2.46,Yes,No,No,Hypertension,Normal,4,Medium
P03178,88,Female,70.0,107.0,83,22,97.0,37.1,160.9,1.04,No,No,Yes,Multiple,Normal,7,Medium
P03179,74,Female,100.0,153.0,59,17,99.3,36.9,150.8,1.38,No,Yes,No,None,Normal,2,Low
P03180,43,Female,115.0,137.0,60,21,92.2,36.1,108.4,2.98,No,No,Yes,Respiratory,Normal,8,High
P03181,42,Female,107.0,81.0,53,23,92.2,35.5,143.5,1.78,No,Yes,No,Cardiac,Abnormal,12,High
P03182,27,Male,95.0,112.0,76,19,99.9,35.8,125.9,1.16,Yes,No,Yes,Diabetes,Normal,6,Medium
P03183,62,Female,107.0,132.0,94,31,100.0,36.5,136.9,1.94,Yes,No,No,None,Normal,6,Medium
P03184,28,Female,51.0,71.0,72,17,92.9,37.7,190.3,1.91,No,No,No,None,Abnormal,7,Medium
P03185,70,Female,75.0,127.0,83,26,93.5,36.0,82.8,2.87,No,No,No,Diabetes,Normal,6,Medium
P03186,89,Female,67.0,129.0,93,24,97.6,36.3,125.2,2.67,No,No,No,None,Normal,4,Medium
P03187,85,Female,109.0,95.0,54,9,96.1,36.6,116.2,1.96,No,No,No,Hypertension,Abnormal,8,High
P03188,45,Male,77.0,132.0,106,25,96.2,38.0,146.5,3.13,Yes,No,No,Diabetes,Abnormal,6,Medium
P03189,82,Female,102.0,125.0,95,23,93.7,37.0,96.9,2.82,No,Yes,No,None,Normal,8,High
P03190,66,Male,96.0,95.0,86,19,98.2,37.1,92.3,2.09,No,No,No,Respiratory,Abnormal,6,Medium
P03191,64,Female,68.0,148.0,92,20,95.3,37.3,112.4,1.12,No,Yes,No,Diabetes,Abnormal,5,Medium
P03192,69,Female,73.0,146.0,93,20,95.2,38.1,134.0,3.23,No,No,No,Hypertension,Abnormal,5,Medium
P03193,71,Female,111.0,118.0,82,25,92.6,37.1,96.7,2.81,No,Yes,Yes,Hypertension,Abnormal,13,High
P03194,77,Male,69.0,120.0,99,16,98.4,35.6,50.0,0.83,No,No,No,None,Normal,5,Medium
P03195,74,Female,,143.0,71,26,94.9,37.1,76.9,1.32,No,No,No,None,Normal,2,Low
P03196,64,Female,69.0,120.0,85,13,95.9,38.2,171.6,0.73,No,No,No,None,Normal,1,Low
P03197,48,Female,79.0,77.0,98,9,99.6,37.5,176.9,0.94,No,Yes,No,Hypertension,Normal,5,Medium
P03198,63,Female,84.0,137.0,40,21,92.9,37.2,,2.81,Yes,No,No,Respiratory,Normal,6,Medium
P03199,43,Female,69.0,105.0,85,24,95.7,37.3,186.9,1.87,No,Yes,No,Diabetes,Normal,3,Low
P03200,22,Female,66.0,115.0,89,17,91.3,35.5,101.9,1.27,No,No,No,None,Abnormal,5,Medium
P03201,69,Female,91.0,161.0,52,8,94.4,35.4,53.6,2.4,No,No,No,Cardiac,Abnormal,7,Medium
P03202,71,Male,68.0,122.0,82,11,99.9,37.7,102.8,2.47,No,No,No,Multiple,Abnormal,5,Medium
P03203,50,Female,69.0,125.0,66,20,91.4,38.0,144.0,2.87,No,No,No,None,Normal,3,Low
P03204,67,Female,66.0,138.0,84,18,96.7,36.5,92.4,2.29,No,No,No,None,Normal,1,Low
P03205,55,Female,83.0,138.0,77,24,100.0,37.2,139.1,2.31,Yes,No,No,Respiratory,Normal,3,Low
P03206,44,Male,104.0,102.0,64,18,97.6,37.5,125.7,1.14,No,No,No,Diabetes,Normal,2,Low
P03207,32,Male,115.0,123.0,95,14,94.2,38.3,103.5,1.88,No,Yes,No,Cardiac,Normal,3,Low
P03208,78,Female,70.0,126.0,72,20,92.7,36.9,146.1,1.78,Yes,No,No,None,Normal,5,Medium
P03209,38,Male,128.0,132.0,82,23,90.2,37.6,164.2,0.5,No,No,Yes,Cardiac,Abnormal,11,High
P03210,63,Female,65.0,132.0,98,25,100.0,38.6,122.3,2.09,No,No,No,Cardiac,Abnormal,6,Medium
P03211,86,Female,107.0,,64,17,94.7,36.8,138.6,0.5,No,No,No,Respiratory,Normal,6,Medium
P03212,23,Male,71.0,96.0,78,18,90.6,37.1,56.7,2.38,Yes,No,No,Respiratory,Normal,8,High
P03213,55,Female,68.0,150.0,71,22,92.9,36.1,170.7,1.49,No,No,No,None,Abnormal,4,Medium
P03214,79,Male,70.0,155.0,74,14,92.8,36.2,93.7,1.51,No,No,Yes,Hypertension,Normal,8,High
P03215,79,Male,84.0,137.0,110,22,94.5,37.7,80.5,1.4,Yes,No,No,Diabetes,Abnormal,6,Medium
P03216,63,Male,97.0,109.0,85,17,100.0,38.0,150.5,1.31,Yes,No,No,Cardiac,Normal,3,Low
P03217,30,Female,98.0,167.0,83,18,98.8,37.9,99.6,1.62,Yes,No,No,Multiple,Abnormal,5,Medium
P03218,20,Female,66.0,70.0,86,18,97.5,36.2,87.2,2.54,No,Yes,No,Diabetes,Normal,6,Medium
P03219,23,Female,65.0,108.0,84,19,99.6,36.8,103.3,0.93,Yes,No,No,None,Normal,1,Low
P03220,25,Female,67.0,154.0,51,28,100.0,37.4,66.4,1.81,No,No,No,Hypertension,Abnormal,4,Medium
P03221,61,Female,83.0,116.0,112,16,97.6,35.2,,3.49,No,Yes,No,None,Abnormal,6,Medium
P03222,50,Female,81.0,165.0,56,16,100.0,37.4,155.9,1.26,Yes,No,No,None,Normal,1,Low
P03223,67,Female,66.0,87.0,104,25,94.1,38.5,161.6,1.79,Yes,No,No,Multiple,Normal,8,High
P03224,28,Male,90.0,97.0,87,20,93.4,37.9,117.6,2.47,Yes,No,No,None,Abnormal,7,Medium
P03225,45,Female,130.0,112.0,81,22,92.9,35.1,87.8,3.55,Yes,No,No,Hypertension,Normal,8,High
P03226,87,Female,75.0,135.0,73,13,96.9,37.3,131.6,3.04,Yes,No,No,Respiratory,Normal,5,Medium
P03227,58,Female,,119.0,117,19,88.1,37.2,50.0,1.69,No,No,No,Diabetes,Normal,7,Medium
P03228,33,Male,96.0,113.0,87,22,100.0,37.2,161.8,2.11,Yes,Yes,No,Cardiac,Normal,3,Low
P03229,85,Male,74.0,161.0,78,15,94.5,37.1,112.2,1.63,Yes,No,No,Hypertension,Normal,4,Medium
P03230,65,Male,98.0,163.0,70,21,98.5,36.7,73.6,2.67,No,No,No,Multiple,Normal,4,Medium
P03231,73,Female,71.0,115.0,68,17,91.8,35.1,174.5,1.7,No,No,No,None,Normal,4,Medium
P03232,81,Male,122.0,82.0,79,15,99.3,37.2,116.7,3.16,Yes,Yes,No,None,Normal,10,High
P03233,76,Male,92.0,71.0,64,23,100.0,37.5,98.0,0.5,Yes,No,No,Hypertension,Normal,8,High
P03234,79,Female,73.0,131.0,88,24,96.3,36.6,197.0,2.29,No,No,No,Hypertension,Abnormal,6,Medium
P03235,28,Female,73.0,141.0,68,19,97.6,38.0,94.0,2.4,No,No,No,None,Abnormal,2,Low
P03236,35,Female,75.0,127.0,93,20,92.9,35.7,144.9,0.5,No,No,No,Hypertension,Normal,4,Medium
P03237,36,Male,112.0,123.0,93,25,96.1,35.6,142.7,0.5,No,No,No,None,Abnormal,5,Medium
P03238,72,Female,60.0,105.0,77,16,98.9,37.1,81.1,2.85,No,No,No,Cardiac,Normal,3,Low
P03239,43,Female,72.0,141.0,87,20,95.1,36.5,109.4,2.22,No,No,No,Hypertension,Normal,1,Low
P03240,23,Female,74.0,167.0,87,16,100.0,37.8,104.9,2.43,Yes,No,No,None,Normal,1,Low
P03241,21,Female,85.0,70.0,56,13,90.7,36.7,50.0,3.14,No,No,No,Diabetes,Normal,9,High
P03242,46,Female,80.0,123.0,104,16,95.0,38.1,50.0,1.52,No,No,No,Cardiac,Abnormal,5,Medium
P03243,76,Female,55.0,101.0,74,12,90.2,36.4,50.0,3.14,Yes,No,No,Respiratory,Normal,9,High
P03244,34,Male,77.0,88.0,88,20,96.9,37.1,97.0,4.14,No,No,No,None,Normal,6,Medium
P03245,60,Female,83.0,97.0,89,14,95.4,35.4,75.3,2.81,No,No,No,Diabetes,Abnormal,8,High
P03246,83,Male,72.0,134.0,41,11,95.5,37.0,77.7,,No,No,No,Multiple,Abnormal,6,Medium
P03247,51,Male,99.0,135.0,68,22,98.2,37.1,98.2,1.76,No,Yes,No,Diabetes,Abnormal,4,Medium
P03248,25,Female,103.0,,91,21,95.1,38.0,115.1,1.97,No,No,No,Hypertension,Normal,2,Low
P03249,30,Male,83.0,125.0,79,16,100.0,35.8,102.5,1.94,Yes,No,No,None,Abnormal,4,Medium
P03250,25,Male,90.0,81.0,88,22,98.4,36.8,86.8,1.82,Yes,No,No,None,Abnormal,6,Medium
P03251,82,Male,45.0,119.0,79,14,96.1,38.2,192.2,0.92,Yes,No,No,Multiple,Normal,5,Medium
P03252,60,Female,77.0,,96,16,,38.3,107.0,2.14,Yes,No,No,Hypertension,Normal,5,Medium
P03253,56,Male,105.0,95.0,80,20,93.3,36.3,154.9,1.99,No,No,No,Hypertension,Normal,6,Medium
P03254,76,Male,77.0,140.0,99,23,97.3,36.5,65.5,2.89,No,No,No,Respiratory,Normal,5,Medium
P03255,61,Male,70.0,130.0,63,16,,35.6,168.4,2.26,No,Yes,No,None,Normal,3,Low
P03256,26,Male,131.0,140.0,76,15,99.0,35.3,93.1,1.21,Yes,No,No,Respiratory,Abnormal,7,Medium
P03257,54,Female,121.0,116.0,69,23,95.8,36.7,227.1,0.92,No,Yes,No,Hypertension,Abnormal,7,Medium
P03258,53,Female,94.0,145.0,84,21,95.8,36.5,62.5,1.8,No,Yes,No,Cardiac,Abnormal,4,Medium
P03259,45,Male,108.0,115.0,74,19,96.3,38.6,,1.11,No,No,No,Hypertension,Abnormal,5,Medium
P03260,59,Female,45.0,153.0,75,24,95.5,37.3,107.5,1.92,Yes,No,No,Respiratory,Normal,3,Low
P03261,60,Female,69.0,134.0,67,28,96.8,36.8,100.8,1.26,No,No,No,Respiratory,Abnormal,5,Medium
P03262,59,Male,76.0,120.0,71,20,100.0,37.5,,2.82,Yes,Yes,No,Hypertension,Normal,4,Medium
P03263,83,Female,80.0,130.0,78,15,97.6,37.8,174.0,2.27,Yes,Yes,No,Respiratory,Abnormal,7,Medium
P03264,72,Female,75.0,125.0,48,20,97.3,38.0,169.8,2.59,No,No,No,Respiratory,Normal,3,Low
P03265,89,Male,45.0,165.0,43,14,98.4,37.2,101.4,1.67,No,No,No,Hypertension,Abnormal,5,Medium
P03266,65,Male,93.0,131.0,79,24,95.7,37.0,155.4,1.96,Yes,No,No,None,Normal,3,Low
P03267,39,Female,96.0,125.0,40,14,93.1,37.1,171.9,2.53,No,No,No,Respiratory,Normal,4,Medium
P03268,44,Female,117.0,119.0,75,17,86.9,37.0,114.6,2.09,No,No,No,Diabetes,Abnormal,8,High
P03269,84,Female,69.0,146.0,72,14,89.8,36.6,88.2,2.37,Yes,No,No,Respiratory,Abnormal,10,High
P03270,30,Female,68.0,143.0,86,19,98.2,37.8,166.3,1.26,Yes,No,No,Cardiac,Abnormal,4,Medium
P03271,62,Male,45.0,118.0,68,19,97.1,36.8,160.0,2.49,Yes,No,No,None,Normal,2,Low
P03272,27,Male,79.0,96.0,102,22,95.6,36.2,64.9,1.33,Yes,Yes,No,None,Normal,4,Medium
P03273,26,Male,103.0,102.0,91,19,100.0,37.0,171.6,3.47,No,No,No,Respiratory,Normal,3,Low
P03274,71,Male,73.0,,55,18,95.9,37.6,74.2,1.96,Yes,No,No,Hypertension,Abnormal,5,Medium
P03275,44,Male,128.0,159.0,74,15,88.9,35.8,130.2,2.68,Yes,Yes,No,None,Normal,10,High
P03276,51,Female,80.0,119.0,101,17,98.3,36.8,82.4,1.45,No,No,Yes,None,Abnormal,5,Medium
P03277,18,Female,88.0,110.0,68,11,99.5,36.4,121.6,1.63,No,No,Yes,Diabetes,Normal,4,Medium
P03278,49,Male,58.0,81.0,77,25,98.2,38.7,119.6,1.59,No,No,No,Hypertension,Normal,6,Medium
P03279,88,Male,91.0,163.0,99,18,99.5,37.1,204.3,0.5,No,No,Yes,Diabetes,Normal,6,Medium
P03280,84,Male,45.0,139.0,70,26,90.7,38.2,50.1,0.5,No,No,No,Hypertension,Abnormal,10,High
P03281,37,Female,99.0,145.0,95,17,96.3,37.2,84.2,1.57,Yes,No,No,Respiratory,Normal,2,Low
P03282,52,Female,99.0,149.0,64,8,93.5,37.3,96.4,0.5,Yes,Yes,No,None,Normal,4,Medium
P03283,34,Female,112.0,121.0,40,16,97.6,37.0,128.2,2.03,No,Yes,No,None,Normal,2,Low
P03284,35,Male,65.0,127.0,96,18,100.0,36.8,102.5,1.67,Yes,Yes,No,None,Normal,2,Low
P03285,62,Male,88.0,162.0,85,18,94.9,36.9,50.0,0.5,No,No,No,None,Normal,3,Low
P03286,70,Male,96.0,129.0,86,21,98.0,36.5,144.5,1.37,No,No,No,None,Abnormal,3,Low
P03287,85,Male,94.0,140.0,62,19,93.4,37.0,168.4,1.78,Yes,No,No,Diabetes,Abnormal,8,High
P03288,82,Male,68.0,147.0,63,16,,35.7,132.3,2.93,Yes,No,No,None,Normal,5,Medium
P03289,18,Female,45.0,141.0,95,13,94.5,37.1,96.7,1.43,Yes,No,No,Diabetes,Abnormal,4,Medium
P03290,75,Male,92.0,122.0,82,16,100.0,36.0,123.2,0.5,No,No,No,Diabetes,Normal,3,Low
P03291,43,Female,82.0,124.0,76,21,92.8,37.1,66.3,0.5,No,No,No,None,Normal,2,Low
P03292,37,Female,74.0,144.0,81,22,96.3,37.3,157.4,1.38,Yes,Yes,No,Hypertension,Normal,3,Low
P03293,27,Female,100.0,144.0,101,15,100.0,38.1,134.9,1.01,No,Yes,No,None,Abnormal,3,Low
P03294,76,Female,84.0,154.0,89,23,90.2,37.3,93.7,1.63,No,No,No,Multiple,Abnormal,9,High
P03295,58,Female,59.0,139.0,71,21,97.3,36.8,118.3,1.94,No,No,No,None,Normal,0,Low
P03296,22,Male,46.0,140.0,57,14,96.3,36.5,156.3,2.23,No,No,No,Multiple,Normal,2,Low
P03297,82,Male,62.0,114.0,87,19,94.0,37.6,161.6,2.25,Yes,No,Yes,None,Normal,6,Medium
P03298,34,Male,133.0,110.0,64,20,99.6,36.9,112.0,1.32,No,No,No,None,Normal,2,Low
P03299,39,Female,99.0,145.0,60,13,100.0,36.4,200.9,2.3,No,No,No,None,Abnormal,2,Low
P03300,58,Female,89.0,111.0,98,11,98.0,37.1,169.7,0.58,No,No,No,None,Abnormal,2,Low
P03301,85,Female,81.0,124.0,91,20,95.1,35.5,136.1,1.91,No,No,No,Respiratory,Abnormal,6,Medium
P03302,86,Female,80.0,159.0,84,16,91.7,37.1,99.2,1.97,No,Yes,No,Cardiac,Abnormal,8,High
P03303,28,Female,108.0,156.0,59,26,96.5,36.4,100.4,1.9,No,Yes,Yes,None,Abnormal,8,High
P03304,73,Female,75.0,133.0,105,27,95.5,36.7,123.0,0.97,Yes,No,No,Multiple,Normal,5,Medium
P03305,68,Male,97.0,118.0,93,20,95.7,38.6,110.6,1.06,Yes,No,No,Diabetes,Abnormal,6,Medium
P03306,38,Female,78.0,122.0,73,23,94.5,36.6,183.0,2.32,Yes,No,No,Multiple,Normal,4,Medium
P03307,43,Female,124.0,147.0,70,13,94.2,37.6,77.5,1.47,No,No,No,Multiple,Normal,4,Medium
P03308,36,Male,100.0,124.0,79,11,96.1,37.8,135.2,2.27,No,No,No,None,Normal,0,Low
P03309,77,Female,110.0,111.0,71,17,92.3,37.7,50.0,1.31,No,No,No,Diabetes,Normal,8,High
P03310,88,Male,73.0,155.0,111,12,99.1,37.3,130.1,4.08,No,No,No,Respiratory,Normal,6,Medium
P03311,64,Male,106.0,130.0,72,20,93.7,36.1,149.9,1.58,No,No,No,None,Normal,4,Medium
P03312,88,Male,79.0,111.0,62,14,96.3,36.5,172.6,2.76,Yes,No,No,Diabetes,Normal,5,Medium
P03313,43,Female,87.0,137.0,102,19,95.0,36.1,91.3,3.7,No,No,No,None,Normal,1,Low
P03314,57,Male,118.0,149.0,69,17,98.0,36.7,86.5,2.69,No,No,No,Diabetes,Normal,3,Low
P03315,22,Male,64.0,100.0,90,21,97.8,36.7,155.9,1.52,Yes,No,No,None,Normal,1,Low
P03316,38,Female,89.0,120.0,88,20,97.5,36.3,162.8,1.72,No,No,No,None,Normal,0,Low
P03317,21,Male,94.0,119.0,77,16,92.5,37.4,105.9,0.5,No,Yes,No,Cardiac,Abnormal,6,Medium
P03318,40,Female,95.0,136.0,63,11,95.4,36.6,50.0,0.5,Yes,No,No,Diabetes,Normal,4,Medium
P03319,32,Female,76.0,141.0,77,19,100.0,36.7,72.6,1.79,No,Yes,No,Hypertension,Abnormal,4,Medium
P03320,25,Male,127.0,111.0,60,9,95.0,35.7,111.3,1.33,Yes,No,No,Hypertension,Normal,5,Medium
P03321,58,Female,59.0,88.0,78,24,99.1,37.1,58.3,0.91,No,No,No,Hypertension,Normal,7,Medium
P03322,36,Female,114.0,151.0,90,21,96.0,36.9,144.1,1.83,No,No,Yes,Cardiac,Abnormal,7,Medium
P03323,63,Male,109.0,97.0,104,22,95.1,36.5,84.1,1.33,No,Yes,No,Cardiac,Normal,6,Medium
P03324,45,Male,123.0,132.0,62,13,96.6,37.3,112.1,1.02,No,No,No,Cardiac,Abnormal,5,Medium
P03325,85,Male,53.0,122.0,74,20,93.5,37.1,158.8,2.6,No,No,No,Respiratory,Normal,6,Medium
P03326,32,Male,68.0,129.0,70,15,98.7,37.5,129.7,0.77,No,No,No,Diabetes,Normal,1,Low
P03327,54,Female,115.0,166.0,82,19,93.4,37.5,192.8,2.36,No,No,No,Respiratory,Abnormal,6,Medium
P03328,18,Male,47.0,201.0,55,13,97.7,37.6,170.9,1.99,Yes,No,No,Diabetes,Normal,4,Medium
P03329,84,Male,53.0,84.0,64,18,99.2,38.3,73.4,2.89,No,No,No,Diabetes,Abnormal,9,High
P03330,41,Male,75.0,150.0,53,11,97.3,37.1,138.7,1.42,No,No,No,Multiple,Abnormal,4,Medium
P03331,44,Female,89.0,121.0,56,17,94.3,36.2,121.1,0.72,No,No,No,Hypertension,Abnormal,3,Low
P03332,57,Female,117.0,151.0,68,10,96.6,36.7,162.5,1.29,No,No,No,None,Normal,1,Low
P03333,80,Female,81.0,149.0,103,27,93.8,36.7,135.9,1.77,Yes,No,No,Hypertension,Normal,7,Medium
P03334,78,Female,73.0,160.0,83,19,95.4,36.3,95.0,2.59,No,Yes,No,None,Abnormal,6,Medium
P03335,53,Female,91.0,132.0,79,18,94.4,35.0,134.0,2.44,No,No,No,None,Normal,1,Low
P03336,41,Male,94.0,103.0,98,21,93.7,37.2,100.2,1.63,No,No,No,None,Normal,2,Low
P03337,41,Female,94.0,148.0,84,12,97.9,37.0,89.1,1.74,No,No,Yes,Cardiac,Abnormal,6,Medium
P03338,21,Female,81.0,128.0,85,14,99.0,38.5,110.5,2.36,No,No,No,Multiple,Normal,2,Low
P03339,84,Female,46.0,119.0,71,21,99.2,38.5,125.0,2.64,No,No,Yes,Multiple,Abnormal,10,High
P03340,51,Male,67.0,113.0,68,19,96.7,37.5,167.0,2.06,Yes,No,No,Respiratory,Normal,2,Low
P03341,74,Male,113.0,150.0,58,14,100.0,37.5,95.1,2.03,No,No,Yes,None,Normal,5,Medium
P03342,66,Female,89.0,165.0,69,21,94.0,36.3,50.0,1.99,Yes,No,No,Respiratory,Normal,5,Medium
P03343,70,Male,79.0,95.0,74,20,99.9,37.2,107.1,2.02,No,No,No,None,Abnormal,5,Medium
P03344,40,Female,107.0,141.0,83,21,98.7,36.9,125.3,2.02,No,Yes,No,Multiple,Abnormal,6,Medium
P03345,86,Male,62.0,116.0,77,20,96.1,37.1,122.3,1.0,No,No,No,Cardiac,Normal,3,Low
P03346,70,Male,80.0,88.0,73,15,96.7,36.4,104.9,0.51,Yes,Yes,No,None,Normal,6,Medium
P03347,79,Female,88.0,129.0,64,18,99.1,37.3,153.0,1.1,No,Yes,No,Hypertension,Normal,4,Medium
P03348,58,Male,76.0,104.0,84,9,98.0,35.9,127.5,1.43,No,No,No,Hypertension,Normal,2,Low
P03349,74,Female,87.0,86.0,71,15,96.8,39.4,139.1,2.33,No,No,No,None,Normal,5,Medium
P03350,77,Female,81.0,105.0,83,17,94.6,38.2,50.0,1.58,No,No,No,Respiratory,Abnormal,7,Medium
P03351,71,Female,57.0,99.0,49,21,93.2,38.1,108.1,1.96,No,No,No,Hypertension,Normal,6,Medium
P03352,87,Male,89.0,109.0,83,21,96.3,36.0,109.4,1.86,Yes,No,No,Hypertension,Normal,4,Medium
P03353,74,Male,58.0,92.0,89,14,92.6,35.7,182.4,2.2,Yes,No,No,Multiple,Normal,9,High
P03354,27,Female,88.0,115.0,87,14,98.2,37.2,110.8,1.46,No,No,No,Hypertension,Abnormal,3,Low
P03355,57,Female,112.0,107.0,75,25,90.7,36.8,88.6,1.22,No,No,Yes,Hypertension,Normal,8,High
P03356,24,Male,79.0,134.0,92,17,96.9,38.5,86.2,0.5,No,No,No,None,Abnormal,2,Low
P03357,55,Female,62.0,140.0,59,19,95.2,37.5,154.2,2.07,Yes,No,No,Hypertension,Normal,2,Low
P03358,78,Male,82.0,132.0,77,22,94.7,37.0,91.8,0.5,No,No,No,Multiple,Abnormal,6,Medium
P03359,20,Male,68.0,119.0,75,18,95.2,38.2,80.9,1.93,Yes,No,No,Hypertension,Abnormal,4,Medium
P03360,68,Male,97.0,118.0,94,17,87.4,37.1,151.7,2.51,No,No,No,None,Normal,6,Medium
P03361,64,Female,82.0,104.0,48,16,94.7,37.2,130.7,1.68,No,No,No,Respiratory,Abnormal,4,Medium
P03362,85,Female,119.0,105.0,62,15,93.4,37.8,105.6,,No,No,No,Diabetes,Normal,6,Medium
P03363,55,Male,108.0,143.0,104,19,93.4,36.5,61.9,1.46,No,No,No,None,Normal,3,Low
P03364,53,Female,82.0,81.0,42,9,100.0,37.8,137.2,1.8,No,No,No,Diabetes,Abnormal,6,Medium
P03365,58,Female,99.0,123.0,90,16,91.8,37.5,148.1,1.67,No,No,No,Cardiac,Normal,3,Low
P03366,86,Male,77.0,117.0,67,21,97.2,36.3,76.9,2.36,Yes,No,No,Multiple,Abnormal,7,Medium
P03367,30,Male,86.0,140.0,82,20,93.6,38.6,129.6,1.57,No,No,No,Hypertension,Normal,4,Medium
P03368,75,Female,78.0,89.0,99,25,93.3,36.6,111.0,0.85,Yes,No,Yes,Respiratory,Abnormal,15,High
P03369,67,Male,100.0,125.0,82,22,92.0,35.7,79.6,2.06,No,No,No,Cardiac,Abnormal,7,Medium
P03370,47,Female,114.0,134.0,100,20,99.4,36.4,97.2,1.7,No,No,No,None,Abnormal,3,Low
P03371,79,Male,101.0,77.0,71,18,99.6,36.2,113.1,1.24,No,No,Yes,Multiple,Normal,11,High
P03372,42,Male,103.0,98.0,73,16,94.1,37.2,62.3,2.32,No,Yes,No,None,Normal,4,Medium
P03373,44,Female,103.0,123.0,90,21,98.7,38.3,137.8,3.4,Yes,No,No,None,Abnormal,5,Medium
P03374,68,Female,96.0,138.0,71,20,92.9,37.2,86.6,2.18,No,Yes,No,Cardiac,Normal,5,Medium
P03375,74,Female,62.0,130.0,87,16,94.8,38.3,88.2,2.44,Yes,Yes,No,None,Normal,3,Low
P03376,64,Female,119.0,139.0,96,14,98.0,37.9,135.2,1.92,No,No,No,Hypertension,Abnormal,5,Medium
P03377,56,Female,121.0,98.0,91,18,93.0,34.9,96.9,2.94,Yes,No,No,Hypertension,Normal,11,High
P03378,33,Male,80.0,85.0,54,24,93.8,37.7,106.4,2.32,No,No,No,Cardiac,Normal,7,Medium
P03379,39,Male,78.0,127.0,73,19,96.1,36.5,110.8,1.35,No,No,Yes,None,Abnormal,5,Medium
P03380,71,Female,97.0,94.0,82,18,96.1,37.4,84.0,2.28,No,No,No,None,Normal,3,Low
P03381,38,Male,96.0,103.0,74,20,92.8,37.0,,2.15,Yes,Yes,No,None,Normal,4,Medium
P03382,89,Female,81.0,148.0,79,20,,39.2,114.3,1.48,Yes,No,Yes,None,Normal,7,Medium
P03383,33,Male,60.0,130.0,82,19,93.5,37.3,114.4,2.79,No,No,No,Respiratory,Abnormal,6,Medium
P03384,76,Male,,111.0,70,18,98.9,37.5,136.1,0.79,Yes,Yes,No,None,Normal,4,Medium
P03385,48,Female,96.0,108.0,75,15,97.8,37.9,137.9,2.1,No,Yes,No,Diabetes,Normal,2,Low
P03386,59,Female,100.0,141.0,60,23,93.6,35.8,163.7,1.45,No,No,No,None,Normal,4,Medium
P03387,49,Female,92.0,130.0,71,16,97.4,37.9,54.7,0.51,No,No,No,Cardiac,Abnormal,5,Medium
P03388,76,Male,80.0,95.0,55,26,93.5,36.8,151.5,1.89,Yes,Yes,No,Multiple,Normal,11,High
P03389,51,Female,105.0,76.0,80,19,96.2,36.4,101.4,1.47,Yes,No,No,None,Normal,5,Medium
P03390,26,Female,86.0,172.0,75,18,98.5,37.7,141.3,1.33,No,Yes,No,None,Abnormal,3,Low
P03391,28,Female,76.0,94.0,64,22,94.3,35.8,128.6,0.95,No,No,No,Hypertension,Normal,4,Medium
P03392,27,Female,,138.0,105,15,97.2,37.8,91.9,3.41,No,Yes,No,None,Abnormal,4,Medium
P03393,34,Female,50.0,163.0,74,21,94.3,36.9,175.8,0.5,No,No,Yes,Hypertension,Normal,4,Medium
P03394,85,Female,81.0,129.0,82,19,96.5,36.9,,0.5,No,No,No,Hypertension,Abnormal,5,Medium
P03395,65,Male,99.0,110.0,68,20,96.3,35.2,131.8,2.22,No,No,No,Diabetes,Normal,3,Low
P03396,69,Male,92.0,89.0,72,15,94.9,37.7,202.6,2.17,No,Yes,No,Cardiac,Abnormal,8,High
P03397,42,Male,115.0,89.0,83,15,90.5,37.2,76.0,0.69,Yes,No,No,Hypertension,Normal,8,High
P03398,38,Male,,134.0,73,9,98.3,36.6,,1.32,No,No,No,Respiratory,Normal,1,Low
P03399,82,Female,95.0,161.0,78,16,100.0,36.3,137.5,2.3,No,No,No,Cardiac,Normal,3,Low
P03400,80,Female,101.0,115.0,90,15,96.4,37.6,72.3,1.58,No,No,No,Hypertension,Normal,4,Medium
P03401,68,Male,132.0,111.0,70,15,94.2,37.3,88.4,2.44,No,No,No,None,Normal,3,Low
P03402,53,Male,88.0,142.0,58,17,96.6,37.0,154.9,1.76,Yes,Yes,No,None,Abnormal,4,Medium
P03403,83,Male,64.0,108.0,55,18,99.4,36.2,95.1,1.38,No,No,No,Diabetes,Abnormal,5,Medium
P03404,32,Female,102.0,132.0,100,20,99.8,37.2,149.9,0.63,No,No,No,Cardiac,Normal,2,Low
P03405,56,Female,122.0,126.0,92,21,98.7,37.2,,1.75,No,No,No,Multiple,Normal,4,Medium
P03406,87,Female,79.0,115.0,88,21,97.3,38.1,195.8,1.29,No,No,No,Respiratory,Normal,3,Low
P03407,18,Male,102.0,125.0,71,21,98.0,36.0,50.0,2.6,No,Yes,No,Diabetes,Normal,6,Medium
P03408,40,Male,110.0,169.0,58,19,96.4,36.4,155.3,2.56,No,Yes,No,None,Normal,3,Low
P03409,56,Male,105.0,140.0,74,18,93.1,38.6,125.0,1.6,No,Yes,No,Multiple,Normal,7,Medium
P03410,74,Male,88.0,152.0,77,23,,37.2,53.8,1.77,No,Yes,No,Cardiac,Normal,6,Medium
P03411,51,Male,71.0,102.0,61,21,95.0,37.2,106.1,1.5,No,No,No,Diabetes,Normal,1,Low
P03412,58,Female,83.0,152.0,56,11,96.9,37.8,50.0,1.38,No,No,No,Cardiac,Normal,3,Low
P03413,90,Female,94.0,141.0,52,17,90.7,38.4,129.1,,No,No,No,None,Abnormal,6,Medium
P03414,30,Female,103.0,88.0,88,9,97.5,36.1,91.1,1.85,Yes,No,Yes,None,Normal,8,High
P03415,87,Female,92.0,138.0,60,9,90.0,38.7,50.0,1.57,Yes,Yes,No,Cardiac,Normal,10,High
P03416,23,Female,77.0,112.0,83,15,97.2,37.0,121.6,2.99,No,No,No,None,Normal,1,Low
P03417,69,Male,96.0,86.0,72,17,99.5,37.2,120.8,1.52,No,No,No,None,Normal,4,Medium
P03418,20,Female,102.0,128.0,87,16,98.7,37.0,199.3,3.72,No,No,No,Cardiac,Abnormal,5,Medium
P03419,80,Male,93.0,138.0,83,9,93.3,38.2,148.1,3.25,No,No,Yes,Cardiac,Abnormal,11,High
P03420,66,Female,68.0,129.0,75,22,97.9,37.8,50.0,1.22,Yes,No,No,Diabetes,Normal,5,Medium
P03421,64,Male,81.0,122.0,80,14,98.1,36.9,93.9,1.74,Yes,No,No,Diabetes,Abnormal,5,Medium
P03422,72,Male,104.0,117.0,76,20,100.0,36.1,159.2,0.56,No,No,No,Diabetes,Normal,3,Low
P03423,81,Male,57.0,187.0,69,15,97.1,36.8,50.0,1.46,Yes,Yes,No,Diabetes,Abnormal,11,High
P03424,82,Male,45.0,95.0,93,16,99.1,35.9,84.1,2.1,Yes,No,No,Diabetes,Normal,7,Medium
P03425,84,Male,115.0,147.0,72,20,94.7,37.7,115.1,1.96,No,Yes,No,None,Abnormal,6,Medium
P03426,32,Male,95.0,125.0,77,16,93.4,36.5,93.9,1.15,No,No,No,Hypertension,Normal,3,Low
P03427,49,Female,97.0,104.0,57,19,98.6,36.9,178.6,1.74,Yes,Yes,No,Hypertension,Abnormal,5,Medium
P03428,85,Male,63.0,,82,19,98.6,37.9,122.3,2.2,No,No,No,Hypertension,Normal,3,Low
P03429,35,Male,100.0,90.0,69,11,94.1,37.6,116.3,1.7,No,Yes,No,None,Normal,3,Low
P03430,60,Female,91.0,110.0,71,20,92.4,37.3,78.3,2.88,No,No,Yes,None,Normal,7,Medium
P03431,52,Male,53.0,124.0,65,13,96.4,36.4,70.9,1.73,No,No,No,Respiratory,Normal,1,Low
P03432,75,Female,113.0,86.0,76,12,96.1,37.4,119.2,0.53,No,No,Yes,Multiple,Normal,11,High
P03433,50,Female,88.0,138.0,48,14,96.7,36.4,111.8,0.52,Yes,No,No,None,Normal,1,Low
P03434,31,Male,77.0,101.0,88,22,98.7,37.4,66.3,1.5,Yes,No,No,Diabetes,Abnormal,4,Medium
P03435,51,Male,77.0,89.0,77,10,99.1,36.0,124.4,0.85,No,No,No,Cardiac,Normal,4,Medium
P03436,78,Female,45.0,98.0,71,21,96.0,38.0,117.3,0.5,Yes,No,No,Hypertension,Abnormal,8,High
P03437,21,Male,97.0,179.0,55,20,93.0,37.2,102.7,1.46,Yes,No,No,Hypertension,Abnormal,6,Medium
P03438,76,Female,90.0,76.0,84,18,93.8,37.0,162.7,2.44,Yes,No,No,None,Normal,8,High
P03439,46,Male,81.0,136.0,68,19,94.2,37.3,114.5,1.43,No,No,No,None,Normal,0,Low
P03440,23,Female,111.0,106.0,98,17,95.6,36.9,105.5,2.06,No,No,No,Multiple,Normal,3,Low
P03441,66,Male,57.0,116.0,85,21,94.5,37.1,160.2,2.95,No,No,No,Cardiac,Normal,3,Low
P03442,57,Male,73.0,140.0,101,16,95.3,38.0,109.0,2.11,Yes,No,No,None,Abnormal,3,Low
P03443,82,Female,,139.0,80,10,96.2,37.8,98.9,1.05,No,No,No,Cardiac,Abnormal,5,Medium
P03444,86,Female,79.0,108.0,94,18,94.1,37.6,68.2,1.78,No,No,No,Diabetes,Normal,3,Low
P03445,44,Female,86.0,91.0,85,22,97.0,37.2,117.4,1.45,Yes,No,No,None,Normal,3,Low
P03446,23,Female,94.0,141.0,71,20,100.0,36.7,152.3,2.2,No,No,No,Hypertension,Abnormal,3,Low
P03447,30,Male,78.0,139.0,81,27,95.5,37.9,98.3,1.95,No,No,No,Diabetes,Normal,2,Low
P03448,81,Female,67.0,118.0,65,17,94.0,36.3,61.8,1.57,No,No,Yes,None,Normal,5,Medium
P03449,79,Female,119.0,136.0,109,17,96.9,38.4,155.4,1.86,Yes,Yes,No,None,Normal,5,Medium
P03450,36,Male,133.0,114.0,76,17,93.6,37.6,,1.54,No,Yes,No,Diabetes,Abnormal,8,High
P03451,60,Male,88.0,104.0,78,14,95.6,37.9,138.4,,Yes,Yes,No,Diabetes,Normal,4,Medium
P03452,37,Female,70.0,125.0,84,16,94.0,37.4,118.8,0.5,No,Yes,No,Hypertension,Abnormal,4,Medium
P03453,85,Male,115.0,138.0,62,13,92.8,36.9,131.8,2.5,No,No,No,Diabetes,Normal,6,Medium
P03454,61,Female,56.0,133.0,98,8,93.4,37.8,53.0,2.62,No,No,No,Cardiac,Normal,7,Medium
P03455,40,Male,78.0,138.0,63,15,94.0,35.9,91.7,1.95,No,No,No,Hypertension,Normal,2,Low
P03456,19,Female,71.0,106.0,59,18,92.9,36.5,142.0,2.55,No,Yes,No,Hypertension,Abnormal,7,Medium
P03457,39,Male,62.0,165.0,76,21,99.8,36.8,128.5,3.17,No,No,No,Cardiac,Normal,2,Low
P03458,74,Female,79.0,116.0,59,15,97.3,35.9,151.1,1.44,Yes,No,No,Multiple,Normal,5,Medium
P03459,89,Female,68.0,122.0,101,15,98.8,37.5,176.4,1.21,No,Yes,No,None,Normal,3,Low
P03460,24,Male,85.0,92.0,75,23,91.9,38.0,65.6,2.39,No,Yes,No,Respiratory,Abnormal,9,High
P03461,73,Male,86.0,120.0,40,11,95.1,35.6,134.3,2.92,No,No,No,Diabetes,Normal,4,Medium
P03462,84,Female,73.0,138.0,81,17,97.3,36.7,104.7,1.26,No,No,No,Hypertension,Normal,3,Low
P03463,33,Female,,144.0,86,23,100.0,36.9,97.1,2.98,No,No,Yes,Respiratory,Normal,6,Medium
P03464,68,Male,80.0,164.0,72,14,93.7,37.3,213.9,1.5,No,No,No,Hypertension,Abnormal,6,Medium
P03465,89,Male,101.0,138.0,58,10,92.1,37.7,52.2,1.98,No,No,No,None,Normal,7,Medium
P03466,29,Male,82.0,132.0,76,27,96.6,36.8,,1.51,No,No,No,Multiple,Normal,3,Low
P03467,70,Male,101.0,114.0,71,22,94.0,37.8,105.5,2.0,No,No,Yes,Respiratory,Normal,6,Medium
P03468,22,Male,97.0,108.0,63,22,100.0,37.1,116.9,0.96,No,No,No,None,Normal,0,Low
P03469,44,Male,96.0,149.0,62,18,97.6,36.5,50.0,2.62,Yes,Yes,No,None,Normal,5,Medium
P03470,29,Male,113.0,149.0,80,21,95.1,37.2,75.8,0.5,No,Yes,No,Diabetes,Normal,3,Low
P03471,34,Male,63.0,98.0,92,8,95.2,36.0,117.0,1.05,Yes,No,No,Diabetes,Normal,4,Medium
P03472,23,Male,76.0,143.0,85,16,95.6,36.8,59.2,2.84,No,No,No,None,Normal,3,Low
P03473,22,Female,120.0,141.0,52,23,90.5,36.9,153.1,3.61,Yes,No,No,Diabetes,Normal,7,Medium
P03474,74,Male,80.0,97.0,87,11,96.1,36.5,138.2,1.38,Yes,No,No,Diabetes,Abnormal,7,Medium
P03475,45,Male,45.0,139.0,90,16,94.5,39.0,51.5,3.03,Yes,No,No,None,Normal,5,Medium
P03476,86,Female,81.0,99.0,99,20,97.9,38.0,105.8,2.83,No,No,No,None,Normal,5,Medium
P03477,76,Female,88.0,70.0,64,14,93.3,37.2,,2.13,No,No,No,None,Normal,7,Medium
P03478,50,Female,45.0,121.0,77,18,98.0,37.3,60.0,1.42,Yes,No,No,Respiratory,Normal,2,Low
P03479,79,Female,112.0,131.0,87,20,97.6,37.4,51.9,2.92,No,No,No,Respiratory,Abnormal,9,High
P03480,67,Female,71.0,122.0,70,20,96.5,37.5,76.7,1.65,No,No,No,None,Normal,1,Low
P03481,36,Female,92.0,197.0,86,16,99.8,38.2,222.5,2.17,No,Yes,No,None,Normal,3,Low
P03482,86,Male,80.0,134.0,78,14,90.3,37.7,158.8,0.5,Yes,Yes,No,None,Abnormal,8,High
P03483,83,Female,59.0,129.0,65,20,97.3,35.4,90.7,1.48,Yes,No,No,None,Abnormal,6,Medium
P03484,64,Female,64.0,136.0,67,20,95.9,37.7,61.8,1.31,No,No,No,None,Normal,1,Low
P03485,56,Female,66.0,114.0,97,19,95.8,36.3,82.0,1.9,Yes,Yes,No,Cardiac,Abnormal,5,Medium
P03486,85,Male,107.0,148.0,63,19,93.1,36.6,175.9,1.55,Yes,No,No,Diabetes,Normal,7,Medium
P03487,50,Female,82.0,134.0,60,20,91.7,37.8,196.4,1.39,No,No,No,Cardiac,Abnormal,5,Medium
P03488,30,Male,75.0,133.0,83,22,98.7,35.5,82.5,1.8,No,No,No,Hypertension,Normal,2,Low
P03489,71,Female,66.0,109.0,78,20,98.4,38.4,127.4,1.18,No,No,No,None,Normal,1,Low
P03490,24,Female,109.0,86.0,58,18,100.0,37.7,104.5,0.5,No,No,No,Diabetes,Normal,5,Medium
P03491,31,Male,114.0,112.0,70,15,100.0,37.3,165.8,1.44,No,Yes,No,None,Normal,2,Low
P03492,36,Male,109.0,132.0,66,25,91.4,37.7,71.2,1.62,No,No,No,None,Abnormal,6,Medium
P03493,71,Female,95.0,114.0,68,12,95.5,37.9,154.2,2.4,No,No,No,Multiple,Abnormal,5,Medium
P03494,37,Male,91.0,132.0,116,17,96.8,37.2,61.4,1.64,Yes,No,No,Respiratory,Abnormal,4,Medium
P03495,46,Male,61.0,119.0,73,15,98.9,37.6,152.9,2.11,No,No,No,Diabetes,Abnormal,3,Low
P03496,41,Female,80.0,136.0,65,9,100.0,36.2,81.0,1.22,No,Yes,Yes,None,Abnormal,6,Medium
P03497,80,Female,71.0,101.0,108,20,92.9,37.6,102.4,1.79,No,No,No,None,Abnormal,6,Medium
P03498,74,Female,48.0,130.0,91,17,94.4,37.5,89.2,0.5,No,No,No,Hypertension,Normal,2,Low
P03499,25,Male,106.0,109.0,89,18,100.0,38.2,193.4,1.3,Yes,No,No,Diabetes,Normal,3,Low
P03500,79,Female,71.0,87.0,66,17,91.0,37.1,154.8,0.5,No,No,No,Hypertension,Normal,8,High
P03501,46,Female,109.0,121.0,96,22,92.8,37.2,98.5,0.85,No,No,No,None,Normal,3,Low
P03502,34,Male,103.0,163.0,90,22,97.3,36.3,82.0,0.78,Yes,No,No,Diabetes,Normal,3,Low
P03503,83,Male,96.0,89.0,80,12,100.0,37.0,167.5,2.29,Yes,No,No,Diabetes,Abnormal,9,High
P03504,23,Female,97.0,128.0,52,27,91.0,37.5,50.0,2.08,No,Yes,No,None,Normal,6,Medium
P03505,75,Male,73.0,145.0,78,17,96.2,37.6,134.2,2.65,No,Yes,No,Cardiac,Normal,5,Medium
P03506,86,Female,122.0,183.0,104,21,97.7,38.4,76.6,0.74,Yes,Yes,No,None,Abnormal,10,High
P03507,45,Male,86.0,113.0,81,19,100.0,37.4,205.2,2.46,Yes,Yes,No,Respiratory,Normal,3,Low
P03508,79,Female,91.0,109.0,72,19,97.3,36.9,224.2,1.34,No,Yes,No,None,Abnormal,5,Medium
P03509,58,Male,72.0,96.0,75,21,90.5,37.4,116.2,3.24,No,No,No,None,Abnormal,7,Medium
P03510,86,Male,66.0,154.0,76,25,92.1,36.6,100.4,,No,No,No,Hypertension,Abnormal,8,High
P03511,58,Male,95.0,,66,22,100.0,38.1,117.7,3.08,No,No,No,Hypertension,Abnormal,4,Medium
P03512,66,Male,89.0,116.0,77,17,97.3,36.4,90.1,4.1,No,No,No,Multiple,Abnormal,8,High
P03513,66,Female,69.0,79.0,100,18,92.6,36.7,83.2,2.14,No,No,No,Hypertension,Normal,7,Medium
P03514,88,Male,56.0,147.0,98,15,97.5,36.1,124.4,3.23,No,Yes,No,Hypertension,Abnormal,7,Medium
P03515,20,Female,60.0,154.0,67,22,96.9,37.1,140.0,1.54,Yes,No,No,None,Normal,1,Low
P03516,27,Male,109.0,146.0,97,21,88.5,37.5,120.3,2.85,Yes,Yes,No,None,Normal,8,High
P03517,52,Male,73.0,85.0,89,16,89.7,38.3,126.6,1.75,No,Yes,No,Respiratory,Normal,9,High
P03518,19,Female,78.0,140.0,88,25,96.9,37.0,89.7,2.25,No,No,No,Cardiac,Normal,2,Low
P03519,41,Male,114.0,83.0,84,23,100.0,36.8,77.6,2.2,Yes,No,No,Diabetes,Abnormal,9,High
P03520,55,Male,63.0,126.0,64,27,96.8,34.9,77.3,1.66,No,Yes,No,None,Normal,4,Medium
P03521,39,Female,70.0,130.0,72,14,88.7,37.2,145.9,0.61,No,No,Yes,Diabetes,Abnormal,10,High
P03522,43,Male,70.0,133.0,90,17,91.2,37.0,118.2,0.71,No,No,No,Diabetes,Normal,3,Low
P03523,60,Female,117.0,138.0,60,17,,37.0,123.1,2.73,No,No,No,Cardiac,Normal,4,Medium
P03524,72,Male,125.0,125.0,62,31,98.2,38.2,128.7,1.95,No,No,Yes,Hypertension,Abnormal,12,High
P03525,56,Male,100.0,76.0,83,18,95.4,37.4,112.7,2.58,No,No,No,None,Normal,4,Medium
P03526,46,Male,101.0,138.0,66,24,94.5,36.7,119.3,1.4,No,No,No,None,Abnormal,4,Medium
P03527,37,Female,73.0,127.0,90,23,98.4,36.3,166.8,1.52,Yes,No,No,None,Abnormal,4,Medium
P03528,58,Male,124.0,102.0,67,18,99.3,36.1,146.1,1.51,No,No,No,None,Normal,2,Low
P03529,71,Male,90.0,86.0,82,18,98.1,36.6,108.1,0.5,No,No,No,None,Normal,4,Medium
P03530,37,Male,102.0,164.0,83,21,93.1,37.3,96.1,1.52,Yes,No,No,None,Abnormal,6,Medium
P03531,36,Male,83.0,156.0,71,24,98.7,35.3,156.1,1.55,Yes,No,No,Diabetes,Normal,4,Medium
P03532,83,Male,80.0,143.0,74,17,94.9,36.9,128.3,1.79,No,Yes,No,Respiratory,Normal,4,Medium
P03533,47,Male,118.0,108.0,68,15,94.2,37.6,102.7,1.6,No,No,No,None,Normal,1,Low
P03534,70,Male,96.0,70.0,78,23,94.1,36.2,63.3,2.89,No,Yes,No,None,Normal,7,Medium
P03535,51,Male,114.0,144.0,64,12,96.1,36.9,,1.34,No,No,No,Diabetes,Normal,2,Low
P03536,39,Male,90.0,134.0,75,19,97.7,36.2,69.9,2.47,No,Yes,No,None,Abnormal,3,Low
P03537,84,Female,68.0,116.0,89,23,89.9,34.8,126.4,2.04,No,No,No,Hypertension,Abnormal,12,High
P03538,23,Male,73.0,153.0,61,20,93.8,36.4,188.0,1.82,No,Yes,No,None,Abnormal,5,Medium
P03539,44,Female,,146.0,71,15,94.6,36.1,101.4,2.4,Yes,No,No,None,Abnormal,3,Low
P03540,27,Female,72.0,129.0,86,13,99.1,37.6,113.2,1.53,No,No,No,Cardiac,Normal,1,Low
P03541,90,Female,63.0,126.0,47,24,93.4,37.4,149.1,1.38,Yes,No,No,Respiratory,Normal,7,Medium
P03542,65,Male,109.0,126.0,106,17,,36.2,67.3,1.51,No,No,No,Diabetes,Abnormal,5,Medium
P03543,87,Female,74.0,142.0,94,13,98.4,38.0,50.0,1.97,No,Yes,Yes,None,Abnormal,10,High
P03544,76,Female,88.0,104.0,55,24,96.1,37.6,100.7,0.5,No,No,No,Diabetes,Normal,4,Medium
P03545,76,Female,,136.0,46,22,100.0,36.8,118.2,1.67,Yes,Yes,No,Respiratory,Abnormal,7,Medium
P03546,19,Male,,102.0,78,13,95.5,37.3,117.8,2.35,No,No,No,Hypertension,Abnormal,3,Low
P03547,46,Female,114.0,158.0,61,31,100.0,36.2,171.7,1.78,No,No,No,None,Normal,4,Medium
P03548,85,Male,63.0,138.0,92,15,100.0,35.0,77.2,1.89,Yes,No,No,Cardiac,Abnormal,7,Medium
P03549,82,Female,90.0,108.0,84,22,97.4,37.1,109.3,2.17,Yes,No,No,Diabetes,Abnormal,6,Medium
P03550,43,Female,90.0,127.0,80,28,97.3,35.9,175.3,1.87,Yes,No,No,None,Normal,3,Low
P03551,27,Male,84.0,,69,22,97.7,36.8,103.9,0.5,No,Yes,Yes,None,Normal,4,Medium
P03552,70,Male,59.0,163.0,102,19,98.4,37.3,194.5,2.97,No,No,No,Multiple,Normal,4,Medium
P03553,76,Female,102.0,166.0,89,11,96.4,35.4,105.6,3.89,No,No,No,None,Abnormal,7,Medium
P03554,39,Female,100.0,142.0,87,28,99.5,37.2,87.2,3.02,Yes,No,No,Multiple,Normal,5,Medium
P03555,68,Female,71.0,164.0,96,22,97.5,37.7,113.4,1.63,No,Yes,No,Respiratory,Normal,3,Low
P03556,65,Male,99.0,129.0,63,11,100.0,35.3,125.4,1.09,No,No,No,Diabetes,Normal,3,Low
P03557,38,Male,92.0,144.0,97,26,91.6,37.6,98.5,3.01,No,No,No,Diabetes,Normal,5,Medium
P03558,39,Female,59.0,156.0,74,18,96.6,38.5,130.9,1.91,No,No,Yes,Hypertension,Normal,4,Medium
P03559,47,Female,68.0,125.0,83,17,99.0,36.8,109.0,2.54,No,No,No,Diabetes,Abnormal,4,Medium
P03560,42,Male,108.0,127.0,76,15,92.6,37.6,165.8,1.01,No,No,Yes,None,Normal,6,Medium
P03561,45,Male,91.0,148.0,50,19,97.3,36.2,135.3,2.21,No,No,No,Multiple,Normal,2,Low
P03562,82,Female,74.0,141.0,92,22,,37.7,115.4,2.11,No,Yes,No,Diabetes,Normal,4,Medium
P03563,62,Male,68.0,106.0,51,16,100.0,37.4,102.3,2.91,Yes,No,No,None,Normal,3,Low
P03564,85,Female,75.0,70.0,64,19,95.0,37.2,147.1,2.45,Yes,Yes,Yes,None,Normal,10,High
P03565,24,Male,76.0,121.0,71,35,96.6,37.1,116.2,1.93,Yes,No,No,Hypertension,Normal,5,Medium
P03566,66,Female,68.0,73.0,49,20,94.3,37.3,96.9,3.31,No,No,No,Diabetes,Normal,6,Medium
P03567,26,Female,50.0,100.0,61,23,95.6,36.9,86.1,1.59,No,Yes,No,Multiple,Normal,4,Medium
P03568,53,Female,108.0,103.0,82,13,100.0,36.2,143.0,3.03,Yes,No,No,None,Normal,3,Low
P03569,18,Male,104.0,111.0,73,11,,36.9,96.1,2.25,No,No,No,Multiple,Abnormal,5,Medium
P03570,27,Female,60.0,146.0,74,25,93.9,37.0,103.0,2.39,No,No,No,Multiple,Normal,5,Medium
P03571,53,Female,88.0,151.0,64,24,95.5,36.1,137.1,4.18,Yes,Yes,No,Diabetes,Abnormal,9,High
P03572,90,Male,67.0,138.0,79,27,94.4,36.9,157.8,0.5,No,No,No,Diabetes,Normal,4,Medium
P03573,63,Female,80.0,141.0,73,18,94.7,37.0,138.8,0.69,No,Yes,No,Diabetes,Abnormal,5,Medium
P03574,49,Female,78.0,141.0,53,24,94.4,36.6,149.1,2.74,Yes,Yes,No,None,Normal,4,Medium
P03575,49,Female,76.0,70.0,75,8,94.5,37.3,143.4,2.53,Yes,No,No,Cardiac,Abnormal,8,High
P03576,23,Male,125.0,125.0,59,21,92.4,37.5,115.3,1.9,No,No,No,Cardiac,Normal,5,Medium
P03577,65,Male,76.0,80.0,91,23,96.2,36.5,130.8,2.7,Yes,Yes,No,None,Normal,8,High
P03578,55,Male,69.0,138.0,72,15,93.1,37.1,188.0,0.91,No,No,No,Diabetes,Normal,3,Low
P03579,34,Male,70.0,73.0,116,23,99.4,37.7,107.2,3.36,No,No,No,None,Abnormal,7,Medium
P03580,44,Female,106.0,120.0,93,17,95.1,36.2,71.3,2.91,No,No,Yes,Respiratory,Normal,6,Medium
P03581,71,Male,52.0,139.0,76,18,97.2,35.7,50.0,3.15,Yes,No,No,None,Normal,6,Medium
P03582,67,Male,70.0,97.0,87,17,97.2,36.2,192.4,0.54,No,No,No,Hypertension,Normal,4,Medium
P03583,52,Male,114.0,149.0,47,26,90.5,37.4,194.2,2.65,No,No,No,Multiple,Abnormal,9,High
P03584,42,Female,90.0,138.0,92,16,95.2,36.6,75.4,1.8,No,Yes,No,None,Normal,1,Low
P03585,45,Female,89.0,135.0,66,15,100.0,36.0,166.4,3.71,No,Yes,No,Cardiac,Normal,3,Low
P03586,32,Female,128.0,142.0,79,14,93.7,38.0,156.3,2.01,No,No,No,Hypertension,Normal,5,Medium
P03587,21,Male,90.0,116.0,67,16,100.0,36.1,140.6,1.09,No,No,No,Diabetes,Normal,1,Low
P03588,90,Female,71.0,129.0,69,19,97.6,36.9,135.1,2.27,No,Yes,No,Respiratory,Abnormal,6,Medium
P03589,44,Female,79.0,125.0,75,21,,37.6,85.2,0.5,No,No,No,Cardiac,Normal,1,Low
P03590,43,Male,62.0,125.0,79,14,96.7,37.5,120.2,2.65,Yes,No,No,Cardiac,Normal,3,Low
P03591,36,Female,110.0,108.0,78,20,99.1,37.3,128.9,1.46,Yes,Yes,No,Hypertension,Normal,4,Medium
P03592,34,Male,96.0,94.0,78,21,99.3,36.5,117.8,1.66,No,Yes,No,None,Normal,3,Low
P03593,60,Male,107.0,117.0,54,13,95.9,37.4,112.8,2.0,No,No,No,Multiple,Normal,4,Medium
P03594,58,Female,109.0,115.0,113,18,94.7,37.0,167.0,1.55,Yes,No,No,Diabetes,Normal,3,Low
P03595,59,Male,77.0,107.0,81,18,91.7,37.3,155.6,3.1,No,Yes,No,Respiratory,Normal,5,Medium
P03596,67,Male,66.0,146.0,85,18,98.4,38.1,150.0,1.57,No,No,No,Hypertension,Normal,2,Low
P03597,57,Male,84.0,96.0,73,15,96.2,36.0,152.3,2.21,No,Yes,No,None,Abnormal,5,Medium
P03598,56,Male,68.0,121.0,65,17,93.5,37.3,124.2,2.25,Yes,No,No,Multiple,Normal,5,Medium
P03599,40,Male,88.0,154.0,80,18,94.3,37.1,161.6,1.83,No,No,No,None,Normal,0,Low
P03600,69,Male,108.0,148.0,82,27,95.8,37.8,67.1,1.17,Yes,Yes,No,Hypertension,Normal,6,Medium
P03601,64,Female,82.0,155.0,98,18,93.1,38.4,117.8,0.5,No,No,No,Hypertension,Normal,4,Medium
P03602,80,Male,88.0,110.0,109,25,96.1,38.4,143.3,2.69,No,Yes,No,Cardiac,Normal,6,Medium
P03603,86,Male,83.0,145.0,100,25,91.1,37.7,136.7,0.97,No,No,No,Hypertension,Normal,6,Medium
P03604,60,Male,101.0,98.0,52,11,94.4,36.5,130.0,3.41,Yes,Yes,No,None,Normal,7,Medium
P03605,65,Male,72.0,118.0,71,17,92.5,36.7,152.1,1.3,Yes,No,No,Hypertension,Abnormal,7,Medium
P03606,51,Female,45.0,120.0,83,25,96.6,37.6,172.6,2.82,No,Yes,No,Cardiac,Normal,4,Medium
P03607,57,Female,94.0,111.0,72,19,93.1,36.0,72.5,1.9,No,No,No,Respiratory,Abnormal,5,Medium
P03608,78,Male,105.0,116.0,77,17,94.3,36.8,127.0,3.07,Yes,No,No,Cardiac,Normal,6,Medium
P03609,67,Female,94.0,113.0,46,22,100.0,36.4,86.1,2.1,No,No,No,None,Normal,1,Low
P03610,84,Male,72.0,100.0,92,23,98.6,36.1,157.8,2.18,No,Yes,Yes,Hypertension,Normal,8,High
P03611,79,Male,62.0,146.0,50,18,97.8,37.2,144.0,0.87,No,No,No,Cardiac,Normal,3,Low
P03612,75,Male,95.0,120.0,54,17,99.9,37.6,76.2,2.41,No,No,No,Multiple,Normal,4,Medium
P03613,50,Male,88.0,130.0,63,8,97.5,37.5,114.7,2.54,No,No,Yes,None,Normal,4,Medium
P03614,33,Female,82.0,129.0,77,18,91.8,37.1,55.0,1.94,No,No,No,None,Normal,4,Medium
P03615,65,Female,121.0,126.0,54,16,92.1,36.7,153.0,2.68,No,No,No,Respiratory,Abnormal,9,High
P03616,27,Male,66.0,127.0,62,13,87.9,36.6,93.6,2.13,No,No,No,Hypertension,Abnormal,7,Medium
P03617,55,Male,121.0,117.0,95,17,96.6,37.7,69.8,2.77,Yes,Yes,No,None,Normal,5,Medium
P03618,36,Female,86.0,160.0,76,16,92.8,36.6,101.2,1.9,Yes,No,No,Cardiac,Normal,4,Medium
P03619,53,Female,48.0,144.0,85,19,94.3,36.6,138.4,2.69,Yes,No,No,None,Normal,2,Low
P03620,76,Male,81.0,,59,17,95.0,37.3,126.5,2.01,No,No,No,None,Abnormal,4,Medium
P03621,80,Female,104.0,114.0,77,20,94.2,36.2,95.4,3.45,No,Yes,No,None,Abnormal,7,Medium
P03622,63,Male,78.0,122.0,76,19,,37.1,110.8,1.53,Yes,Yes,No,Hypertension,Normal,4,Medium
P03623,20,Female,56.0,135.0,66,24,95.2,36.6,103.3,1.73,No,No,No,None,Normal,1,Low
P03624,82,Female,82.0,162.0,77,15,94.9,36.5,77.6,1.27,No,Yes,Yes,Hypertension,Normal,7,Medium
P03625,25,Female,68.0,91.0,50,27,91.4,36.8,50.0,1.49,No,No,No,Cardiac,Abnormal,10,High
P03626,68,Female,95.0,141.0,85,23,96.7,37.6,114.7,1.39,Yes,No,No,Respiratory,Abnormal,6,Medium
P03627,90,Male,100.0,153.0,72,25,100.0,37.1,138.4,3.45,No,No,No,Diabetes,Abnormal,7,Medium
P03628,23,Male,64.0,88.0,74,19,96.8,37.2,114.4,3.47,Yes,Yes,No,None,Normal,6,Medium
P03629,56,Female,71.0,120.0,91,17,100.0,37.6,197.0,1.71,Yes,No,No,None,Normal,1,Low
P03630,77,Male,100.0,98.0,84,15,,37.5,91.2,2.94,No,No,Yes,Diabetes,Normal,9,High
P03631,45,Female,68.0,136.0,73,27,,36.9,113.3,1.67,No,No,Yes,Hypertension,Normal,5,Medium
P03632,71,Female,63.0,116.0,61,23,95.9,37.4,134.4,2.15,No,Yes,No,Multiple,Normal,5,Medium
P03633,54,Male,61.0,122.0,98,13,95.5,36.9,132.6,3.03,No,No,No,Multiple,Abnormal,5,Medium
P03634,26,Male,92.0,115.0,58,23,99.5,37.4,104.8,1.61,No,No,Yes,None,Abnormal,6,Medium
P03635,73,Male,91.0,143.0,87,14,89.4,37.8,112.8,1.0,Yes,No,No,None,Normal,6,Medium
P03636,76,Female,71.0,131.0,54,20,94.6,37.4,111.7,2.18,Yes,Yes,No,Respiratory,Normal,5,Medium
P03637,19,Male,85.0,131.0,92,22,100.0,36.0,142.3,1.15,Yes,Yes,No,Cardiac,Normal,3,Low
P03638,78,Male,116.0,129.0,93,25,94.5,36.6,87.2,1.83,No,No,No,Diabetes,Abnormal,7,Medium
P03639,75,Male,66.0,139.0,49,19,98.8,37.5,50.0,2.06,No,No,No,None,Normal,4,Medium
P03640,77,Male,46.0,118.0,85,17,97.8,35.3,101.3,2.35,No,No,No,Diabetes,Normal,4,Medium
P03641,57,Female,94.0,168.0,83,18,95.8,37.3,182.5,2.35,No,No,Yes,None,Normal,3,Low
P03642,53,Female,83.0,94.0,89,23,96.9,37.2,147.1,2.05,No,Yes,No,Multiple,Abnormal,8,High
P03643,54,Female,71.0,82.0,83,22,95.7,39.2,52.3,2.49,No,No,No,Cardiac,Normal,7,Medium
P03644,35,Female,98.0,80.0,64,18,89.6,37.3,142.0,3.05,Yes,No,No,Hypertension,Normal,10,High
P03645,80,Female,102.0,73.0,75,9,97.4,36.9,123.3,2.48,No,No,No,Hypertension,Normal,7,Medium
P03646,39,Female,45.0,142.0,103,8,94.2,37.9,100.0,2.65,Yes,No,No,None,Normal,2,Low
P03647,28,Female,72.0,139.0,61,19,91.9,36.7,71.9,1.09,Yes,Yes,No,Multiple,Normal,6,Medium
P03648,75,Male,131.0,155.0,83,12,97.2,37.0,82.5,1.98,No,No,No,None,Normal,4,Medium
P03649,74,Female,97.0,99.0,95,15,97.0,37.1,92.6,2.14,No,No,No,None,Normal,3,Low
P03650,21,Female,99.0,144.0,63,17,98.9,37.5,188.4,3.66,No,No,No,Respiratory,Abnormal,4,Medium
P03651,24,Female,108.0,126.0,57,28,95.2,36.3,140.6,0.5,No,No,No,Hypertension,Normal,3,Low
P03652,78,Female,85.0,129.0,59,19,98.6,37.7,86.6,2.51,No,Yes,No,None,Normal,4,Medium
P03653,71,Male,101.0,141.0,84,22,96.1,36.6,93.3,2.24,No,No,No,None,Abnormal,4,Medium
P03654,85,Female,99.0,106.0,59,21,97.0,38.6,113.5,2.39,No,No,No,Cardiac,Normal,4,Medium
P03655,18,Female,96.0,190.0,76,8,97.3,35.8,97.7,0.71,Yes,Yes,No,Respiratory,Normal,6,Medium
P03656,72,Male,79.0,158.0,99,16,92.0,36.4,115.6,1.96,No,No,No,Hypertension,Abnormal,6,Medium
P03657,20,Female,88.0,112.0,77,12,97.1,35.4,109.2,3.3,Yes,No,No,Respiratory,Normal,4,Medium
P03658,55,Female,73.0,98.0,66,27,96.3,39.4,118.9,0.88,No,No,No,Hypertension,Abnormal,7,Medium
P03659,18,Female,85.0,123.0,80,9,95.2,36.0,50.0,2.38,No,No,No,Multiple,Normal,4,Medium
P03660,55,Female,62.0,130.0,77,16,96.3,37.6,147.0,1.33,No,Yes,No,Multiple,Normal,3,Low
P03661,46,Female,69.0,152.0,85,17,100.0,37.6,92.6,3.14,No,No,No,Respiratory,Normal,2,Low
P03662,22,Female,79.0,96.0,102,13,90.2,36.3,151.3,2.47,No,No,No,Hypertension,Normal,5,Medium
P03663,38,Female,66.0,132.0,84,19,95.6,37.6,202.8,2.18,Yes,No,No,None,Normal,1,Low
P03664,88,Male,75.0,87.0,109,18,98.4,36.1,56.9,1.21,Yes,Yes,No,Respiratory,Normal,10,High
P03665,84,Male,82.0,136.0,85,19,92.3,36.3,118.9,1.68,No,No,Yes,Cardiac,Normal,8,High
P03666,64,Female,93.0,122.0,66,21,97.1,35.8,98.2,1.51,Yes,No,No,Respiratory,Abnormal,6,Medium
P03667,52,Male,104.0,173.0,112,19,96.9,37.5,130.8,1.1,No,No,No,Multiple,Abnormal,5,Medium
P03668,85,Female,76.0,86.0,76,20,91.2,35.4,50.0,1.68,No,No,No,Multiple,Normal,12,High
P03669,86,Male,112.0,159.0,62,24,94.2,37.3,100.7,0.5,No,No,No,None,Normal,4,Medium
P03670,18,Female,104.0,82.0,113,10,100.0,36.9,82.3,2.38,Yes,No,No,None,Normal,5,Medium
P03671,85,Male,95.0,92.0,67,21,91.2,38.4,180.1,1.47,No,Yes,No,Cardiac,Normal,8,High
P03672,29,Female,88.0,83.0,66,13,94.7,37.0,189.4,,No,No,No,Multiple,Normal,5,Medium
P03673,77,Male,91.0,131.0,70,15,95.5,37.7,103.6,0.65,No,No,No,Hypertension,Normal,3,Low
P03674,44,Male,109.0,96.0,80,19,96.0,37.4,69.1,2.14,No,No,Yes,None,Normal,6,Medium
P03675,73,Female,109.0,91.0,92,20,94.8,36.9,,3.34,No,No,No,Respiratory,Normal,6,Medium
P03676,40,Female,112.0,130.0,40,21,96.2,37.9,116.6,1.56,Yes,No,No,None,Abnormal,4,Medium
P03677,42,Male,86.0,136.0,92,13,95.9,37.3,58.9,2.9,Yes,No,No,Diabetes,Abnormal,7,Medium
P03678,38,Male,96.0,126.0,70,26,98.1,37.7,135.8,2.26,No,No,No,Diabetes,Normal,2,Low
P03679,78,Female,112.0,121.0,72,16,98.5,36.3,107.1,1.67,Yes,No,No,Diabetes,Normal,5,Medium
P03680,80,Male,73.0,171.0,104,14,97.3,37.4,129.3,3.36,No,No,No,None,Normal,3,Low
P03681,69,Female,79.0,129.0,81,12,96.7,37.6,130.8,0.5,No,No,No,Hypertension,Normal,2,Low
P03682,42,Male,85.0,,85,11,91.3,36.1,170.2,1.92,No,Yes,No,Diabetes,Abnormal,6,Medium
P03683,72,Male,103.0,129.0,77,11,96.3,36.9,140.4,1.52,No,No,No,Diabetes,Normal,3,Low
P03684,63,Female,103.0,98.0,89,20,99.3,35.6,126.7,2.05,No,No,No,None,Normal,5,Medium
P03685,49,Female,80.0,139.0,102,21,91.2,35.7,125.0,0.87,No,No,No,Hypertension,Normal,4,Medium
P03686,72,Female,55.0,109.0,41,14,92.0,37.0,50.0,2.44,No,No,No,Hypertension,Abnormal,8,High
P03687,22,Male,90.0,123.0,94,12,100.0,38.4,122.2,0.5,No,No,No,None,Normal,0,Low
P03688,53,Male,67.0,133.0,101,17,91.5,38.5,139.5,2.32,Yes,No,No,Respiratory,Normal,4,Medium
P03689,66,Male,55.0,76.0,86,18,95.7,36.8,110.2,1.4,No,Yes,No,Multiple,Abnormal,9,High
P03690,75,Female,60.0,85.0,68,19,94.3,36.2,181.6,2.17,Yes,No,No,Multiple,Abnormal,10,High
P03691,56,Male,92.0,148.0,61,13,100.0,37.7,55.6,1.24,No,Yes,No,None,Normal,3,Low
P03692,78,Male,112.0,108.0,113,17,96.9,35.4,85.4,1.12,No,No,Yes,Hypertension,Normal,8,High
P03693,26,Female,86.0,110.0,64,26,98.4,36.7,89.6,3.07,No,No,No,None,Normal,2,Low
P03694,23,Male,89.0,129.0,101,12,96.2,36.4,115.4,3.16,No,No,No,Diabetes,Abnormal,4,Medium
P03695,52,Male,109.0,115.0,84,18,100.0,36.9,89.1,0.88,No,No,Yes,Respiratory,Normal,5,Medium
P03696,56,Female,54.0,135.0,109,20,93.8,38.1,65.4,1.93,No,No,No,Cardiac,Abnormal,5,Medium
P03697,39,Female,95.0,124.0,73,13,97.0,34.9,100.8,2.42,No,Yes,No,Hypertension,Normal,4,Medium
P03698,58,Female,85.0,130.0,54,21,99.8,37.2,155.6,1.75,No,No,No,Respiratory,Abnormal,3,Low
P03699,22,Female,96.0,107.0,78,11,100.0,37.3,145.2,1.77,No,No,No,Respiratory,Normal,1,Low
P03700,59,Female,75.0,130.0,56,21,95.2,37.0,87.2,2.38,No,No,No,Multiple,Abnormal,4,Medium
P03701,84,Female,69.0,153.0,118,18,89.9,37.2,100.1,2.24,No,No,No,None,Normal,6,Medium
P03702,47,Female,88.0,111.0,87,11,94.8,37.4,83.9,1.44,No,No,No,None,Abnormal,2,Low
P03703,74,Female,118.0,148.0,90,21,100.0,37.1,64.5,2.22,No,No,No,Multiple,Normal,4,Medium
P03704,90,Female,102.0,124.0,90,14,93.7,35.4,132.1,1.59,Yes,No,No,Hypertension,Abnormal,10,High
P03705,46,Male,75.0,143.0,68,17,96.9,36.3,63.8,1.52,Yes,No,No,Hypertension,Normal,2,Low
P03706,54,Female,58.0,128.0,76,21,95.1,38.3,141.5,1.21,No,No,No,Multiple,Normal,2,Low
P03707,30,Female,51.0,124.0,80,13,95.8,36.1,187.7,1.21,Yes,No,No,Hypertension,Normal,2,Low
P03708,49,Male,111.0,134.0,107,15,99.9,37.1,130.0,2.01,Yes,No,Yes,None,Abnormal,7,Medium
P03709,63,Female,66.0,155.0,61,24,96.8,36.4,139.9,0.58,No,No,No,Diabetes,Normal,3,Low
P03710,40,Male,78.0,131.0,67,8,100.0,37.5,138.8,0.55,Yes,Yes,No,Hypertension,Abnormal,5,Medium
P03711,62,Male,111.0,,73,25,98.9,36.8,95.5,1.67,No,No,No,Diabetes,Normal,4,Medium
P03712,34,Female,53.0,116.0,68,11,96.4,37.5,129.8,1.8,Yes,Yes,Yes,Multiple,Normal,7,Medium
P03713,83,Male,115.0,164.0,56,15,95.7,37.3,127.5,0.96,No,No,No,None,Abnormal,5,Medium
P03714,23,Female,80.0,141.0,40,19,97.0,36.7,90.0,3.2,Yes,Yes,No,Cardiac,Abnormal,6,Medium
P03715,35,Female,62.0,127.0,51,21,92.3,35.2,50.0,1.2,No,No,Yes,None,Abnormal,10,High
P03716,39,Male,80.0,122.0,94,19,92.8,36.3,73.1,1.28,No,Yes,No,Diabetes,Normal,4,Medium
P03717,50,Male,71.0,149.0,78,18,98.3,36.0,77.3,1.21,Yes,No,No,None,Abnormal,3,Low
P03718,47,Male,94.0,110.0,91,16,98.8,36.0,135.0,2.56,No,No,No,Hypertension,Normal,2,Low
P03719,49,Female,72.0,80.0,69,26,92.0,37.4,55.8,3.16,No,Yes,No,None,Abnormal,12,High
P03720,59,Female,47.0,127.0,77,22,98.6,38.6,189.8,1.03,Yes,No,No,Hypertension,Normal,3,Low
P03721,27,Male,81.0,155.0,102,24,95.5,35.0,180.2,2.47,No,No,No,Hypertension,Abnormal,5,Medium
P03722,53,Female,58.0,165.0,101,16,,35.8,157.1,2.01,No,Yes,No,Hypertension,Abnormal,7,Medium
P03723,51,Female,89.0,122.0,92,8,95.1,37.2,94.6,1.19,No,No,No,Respiratory,Normal,1,Low
P03724,90,Male,61.0,126.0,81,23,98.7,36.8,50.0,2.01,No,No,No,Diabetes,Abnormal,8,High
P03725,45,Male,75.0,138.0,86,20,97.8,37.4,148.3,0.74,No,Yes,No,Cardiac,Abnormal,4,Medium
P03726,28,Male,89.0,118.0,84,19,96.9,37.0,85.1,1.6,No,No,No,Diabetes,Abnormal,3,Low
P03727,56,Male,81.0,138.0,75,15,97.1,38.1,146.5,1.0,No,No,No,Multiple,Abnormal,4,Medium
P03728,64,Male,90.0,123.0,72,16,92.6,37.5,139.0,1.53,No,No,No,None,Normal,3,Low
P03729,36,Male,99.0,150.0,95,15,,37.7,97.4,1.86,No,No,Yes,Cardiac,Normal,4,Medium
P03730,32,Male,62.0,143.0,59,18,94.6,37.8,66.2,3.0,Yes,No,No,None,Normal,2,Low
P03731,45,Male,84.0,145.0,100,12,100.0,36.0,122.5,1.84,No,No,Yes,None,Normal,3,Low
P03732,41,Male,45.0,120.0,74,22,94.9,37.5,52.2,1.0,No,No,No,Hypertension,Normal,3,Low
P03733,89,Male,90.0,173.0,58,28,100.0,37.5,126.2,1.81,No,No,No,Diabetes,Normal,4,Medium
P03734,26,Female,79.0,137.0,70,15,95.5,36.7,133.8,0.5,Yes,No,No,Multiple,Abnormal,5,Medium
P03735,64,Female,65.0,131.0,65,10,95.7,36.7,88.6,2.48,Yes,Yes,No,None,Normal,3,Low
P03736,50,Male,91.0,106.0,69,17,95.1,36.7,54.9,1.15,Yes,No,No,Hypertension,Normal,4,Medium
P03737,79,Female,108.0,123.0,69,20,92.2,36.3,180.1,3.32,Yes,No,No,None,Normal,7,Medium
P03738,36,Female,75.0,128.0,68,20,100.0,35.9,93.6,2.53,Yes,Yes,No,Diabetes,Abnormal,7,Medium
P03739,84,Female,66.0,105.0,73,26,96.3,38.7,106.7,1.89,No,Yes,No,Hypertension,Normal,6,Medium
P03740,57,Female,88.0,118.0,77,22,97.9,37.9,158.7,1.56,No,No,No,Hypertension,Normal,1,Low
P03741,64,Female,58.0,121.0,89,9,100.0,37.0,92.3,1.46,No,No,No,Multiple,Normal,3,Low
P03742,82,Female,72.0,126.0,74,12,95.6,35.8,84.5,1.51,Yes,No,No,Multiple,Abnormal,8,High
P03743,46,Male,109.0,81.0,83,20,95.7,37.4,195.4,1.79,No,No,No,Hypertension,Abnormal,7,Medium
P03744,67,Male,86.0,122.0,78,16,96.4,36.7,85.7,1.48,No,No,No,Diabetes,Abnormal,4,Medium
P03745,30,Female,47.0,116.0,86,26,92.2,36.9,163.7,2.24,No,No,No,Cardiac,Normal,4,Medium
P03746,18,Female,49.0,124.0,79,13,90.5,38.8,121.1,2.98,No,Yes,No,Hypertension,Normal,6,Medium
P03747,51,Male,88.0,151.0,68,23,91.5,38.5,120.3,1.88,No,Yes,No,Cardiac,Abnormal,7,Medium
P03748,65,Female,102.0,176.0,64,15,99.7,35.1,94.7,2.68,No,Yes,No,Diabetes,Normal,6,Medium
P03749,65,Female,53.0,142.0,81,19,95.0,37.3,107.0,0.74,No,No,No,Diabetes,Abnormal,4,Medium
P03750,66,Female,94.0,94.0,97,14,98.4,37.1,186.5,2.09,Yes,Yes,No,None,Abnormal,7,Medium
P03751,81,Female,112.0,116.0,75,21,95.2,37.3,149.2,1.87,Yes,No,No,Hypertension,Normal,5,Medium
P03752,78,Female,123.0,140.0,67,23,91.3,36.6,60.5,0.68,No,No,No,Respiratory,Abnormal,10,High
P03753,46,Male,92.0,137.0,74,19,98.6,37.0,75.3,1.6,No,No,No,None,Normal,0,Low
P03754,56,Male,95.0,150.0,70,28,93.3,36.1,130.3,2.48,No,Yes,No,Multiple,Abnormal,8,High
P03755,43,Female,45.0,123.0,68,14,97.7,37.8,140.6,0.5,No,Yes,No,Multiple,Normal,3,Low
P03756,34,Male,127.0,116.0,56,18,98.8,37.8,145.7,1.64,No,No,No,Hypertension,Normal,3,Low
P03757,88,Female,73.0,169.0,74,22,95.9,38.3,111.9,1.44,Yes,No,No,None,Normal,3,Low
P03758,30,Female,66.0,126.0,82,13,97.4,36.4,81.0,2.02,No,No,No,Respiratory,Normal,1,Low
P03759,86,Female,80.0,100.0,62,18,91.7,37.2,82.6,2.52,No,Yes,No,Diabetes,Normal,7,Medium
P03760,43,Female,115.0,162.0,65,21,100.0,38.6,50.0,2.36,No,No,No,Respiratory,Normal,5,Medium
P03761,66,Female,129.0,88.0,64,23,97.3,36.5,180.3,2.58,No,No,No,Respiratory,Abnormal,11,High
P03762,84,Female,88.0,70.0,57,24,98.3,36.2,50.0,2.74,No,No,No,Hypertension,Normal,10,High
P03763,24,Female,105.0,144.0,64,14,98.8,37.2,105.3,1.51,No,No,No,None,Abnormal,3,Low
P03764,75,Female,86.0,148.0,75,19,95.6,37.9,50.0,0.5,No,No,No,Hypertension,Abnormal,7,Medium
P03765,66,Female,64.0,135.0,58,11,96.2,36.5,91.6,2.34,No,No,No,Cardiac,Abnormal,4,Medium
P03766,70,Male,115.0,92.0,76,14,99.3,38.5,138.0,0.99,No,No,No,Hypertension,Normal,5,Medium
P03767,82,Female,73.0,124.0,67,17,94.9,36.3,50.0,2.03,No,Yes,No,Hypertension,Abnormal,8,High
P03768,79,Male,116.0,118.0,64,24,,37.5,129.1,0.67,No,No,No,Cardiac,Abnormal,7,Medium
P03769,34,Male,111.0,112.0,84,21,97.4,36.5,149.9,1.21,No,No,No,Hypertension,Normal,2,Low
P03770,60,Female,97.0,160.0,68,18,93.8,36.6,98.3,2.26,No,No,No,Cardiac,Abnormal,6,Medium
P03771,42,Male,122.0,99.0,71,20,97.3,37.7,224.6,1.44,No,No,No,None,Abnormal,6,Medium
P03772,20,Female,130.0,133.0,97,21,90.9,36.8,50.0,0.5,No,No,No,Diabetes,Normal,7,Medium
P03773,46,Female,81.0,155.0,64,20,98.8,35.8,50.0,,Yes,No,No,Hypertension,Normal,5,Medium
P03774,49,Female,69.0,135.0,101,15,100.0,36.4,102.9,2.7,Yes,Yes,Yes,None,Abnormal,8,High
P03775,43,Female,48.0,156.0,73,13,98.7,37.6,103.7,1.52,No,No,No,Cardiac,Normal,1,Low
P03776,33,Male,130.0,139.0,61,17,100.0,37.3,119.6,1.54,No,No,No,Hypertension,Normal,3,Low
P03777,42,Male,76.0,136.0,70,14,93.7,37.6,152.1,1.31,No,No,No,Cardiac,Normal,3,Low
P03778,71,Female,108.0,134.0,79,21,95.3,36.5,64.8,0.58,No,Yes,No,Respiratory,Abnormal,6,Medium
P03779,45,Male,70.0,140.0,97,26,96.4,36.2,60.7,,No,No,No,Multiple,Normal,3,Low
P03780,90,Male,116.0,115.0,90,21,96.4,36.3,87.2,2.79,No,No,No,None,Normal,4,Medium
P03781,73,Male,71.0,92.0,79,9,94.7,36.4,156.2,1.18,Yes,No,No,Respiratory,Abnormal,7,Medium
P03782,82,Female,61.0,149.0,97,15,93.3,37.0,147.4,0.5,Yes,No,No,Diabetes,Abnormal,8,High
P03783,58,Male,81.0,154.0,50,18,100.0,36.1,112.2,2.42,Yes,No,No,Diabetes,Abnormal,4,Medium
P03784,68,Male,74.0,131.0,82,11,93.5,37.9,94.7,1.87,No,No,No,Hypertension,Normal,4,Medium
P03785,88,Male,97.0,111.0,83,18,,37.4,108.9,1.95,No,No,No,None,Normal,2,Low
P03786,46,Female,84.0,86.0,83,20,97.5,36.3,129.5,2.1,Yes,No,No,None,Normal,4,Medium
P03787,36,Male,98.0,127.0,54,25,96.6,36.8,119.0,0.5,No,No,No,Hypertension,Normal,2,Low
P03788,83,Male,79.0,91.0,63,27,97.6,36.3,58.7,1.71,No,Yes,No,Cardiac,Normal,9,High
P03789,58,Female,72.0,88.0,76,12,100.0,36.9,55.9,1.99,No,Yes,No,Multiple,Normal,8,High
P03790,62,Male,73.0,124.0,95,17,88.1,36.3,104.7,1.77,No,No,No,Hypertension,Normal,6,Medium
P03791,32,Female,126.0,106.0,107,17,97.1,38.7,,1.76,No,Yes,No,Hypertension,Normal,5,Medium
P03792,20,Female,90.0,134.0,68,14,96.4,35.7,72.6,2.73,No,No,Yes,Diabetes,Abnormal,8,High
P03793,28,Female,45.0,121.0,58,18,96.6,36.0,131.3,2.15,No,No,No,Respiratory,Normal,1,Low
P03794,70,Female,75.0,110.0,90,18,98.8,36.8,50.0,2.3,No,No,No,Cardiac,Normal,4,Medium
P03795,63,Female,87.0,82.0,117,21,94.2,37.1,117.8,1.67,No,Yes,No,None,Abnormal,7,Medium
P03796,47,Female,122.0,104.0,95,25,92.5,37.1,83.7,0.5,No,Yes,No,Diabetes,Abnormal,9,High
P03797,74,Male,106.0,105.0,67,19,91.8,37.7,50.0,1.54,Yes,Yes,No,None,Normal,8,High
P03798,35,Female,67.0,94.0,121,16,93.3,37.4,93.1,1.78,No,No,No,None,Normal,4,Medium
P03799,68,Male,133.0,117.0,88,13,98.1,36.3,64.5,1.64,Yes,No,No,Multiple,Normal,6,Medium
P03800,65,Male,84.0,96.0,66,28,97.5,37.8,103.9,1.74,Yes,Yes,No,Hypertension,Normal,7,Medium
P03801,83,Female,110.0,121.0,107,23,98.6,37.5,131.5,1.97,No,Yes,No,Multiple,Normal,7,Medium
P03802,25,Male,62.0,131.0,65,20,94.6,38.1,133.3,2.56,Yes,No,Yes,Hypertension,Abnormal,8,High
P03803,39,Male,,104.0,69,17,94.8,37.0,50.0,1.11,No,Yes,No,None,Abnormal,5,Medium
P03804,23,Male,57.0,136.0,89,26,100.0,37.9,138.0,1.64,No,No,Yes,None,Abnormal,6,Medium
P03805,74,Female,45.0,91.0,78,17,99.1,34.8,131.5,3.03,Yes,No,No,None,Abnormal,9,High
P03806,53,Male,127.0,97.0,79,9,98.3,36.6,98.1,0.5,Yes,Yes,No,None,Abnormal,8,High
P03807,74,Male,89.0,122.0,79,19,90.5,36.3,64.3,1.58,Yes,Yes,No,None,Normal,5,Medium
P03808,66,Female,67.0,142.0,95,12,100.0,37.6,98.7,0.5,No,No,No,None,Normal,1,Low
P03809,62,Male,94.0,147.0,43,19,95.7,36.4,179.4,1.59,Yes,No,No,Multiple,Normal,4,Medium
P03810,83,Male,89.0,165.0,82,25,96.5,37.8,138.9,1.88,No,No,No,Hypertension,Normal,4,Medium
P03811,62,Male,97.0,116.0,74,10,97.3,37.6,153.9,0.5,No,No,No,None,Normal,1,Low
P03812,37,Female,109.0,122.0,67,14,96.5,36.5,75.4,1.97,Yes,No,No,Hypertension,Abnormal,5,Medium
P03813,81,Male,79.0,99.0,67,22,95.5,37.2,93.7,1.26,No,No,Yes,None,Normal,7,Medium
P03814,84,Male,,94.0,40,16,96.4,36.8,63.1,2.66,No,No,No,Cardiac,Normal,6,Medium
P03815,20,Female,102.0,131.0,66,20,97.9,37.1,88.4,2.18,Yes,No,No,Multiple,Abnormal,6,Medium
P03816,71,Female,101.0,106.0,97,20,98.5,37.6,169.3,1.37,No,No,Yes,None,Normal,5,Medium
P03817,81,Female,87.0,156.0,90,22,99.7,36.7,97.0,1.63,No,No,Yes,Hypertension,Normal,6,Medium
P03818,57,Male,129.0,88.0,75,15,92.7,35.7,87.4,3.04,No,Yes,No,Diabetes,Normal,11,High
P03819,76,Female,76.0,137.0,57,8,94.4,37.5,124.5,1.71,No,No,No,Respiratory,Abnormal,5,Medium
P03820,72,Female,67.0,100.0,90,20,98.6,37.9,92.0,0.72,No,No,No,None,Abnormal,3,Low
P03821,79,Female,93.0,104.0,98,10,91.3,35.6,118.7,0.89,Yes,No,No,Cardiac,Abnormal,9,High
P03822,21,Male,72.0,138.0,94,23,96.5,37.0,92.3,1.65,No,No,No,Hypertension,Abnormal,4,Medium
P03823,77,Female,95.0,108.0,63,18,93.6,36.3,122.6,2.7,Yes,No,No,Respiratory,Normal,7,Medium
P03824,47,Female,68.0,112.0,65,17,97.7,37.9,99.8,1.41,No,No,No,Hypertension,Normal,1,Low
P03825,19,Female,77.0,105.0,103,21,93.5,37.9,70.3,0.92,No,Yes,Yes,Diabetes,Abnormal,9,High
P03826,79,Female,123.0,,60,9,94.9,36.4,157.2,1.81,No,No,No,None,Normal,4,Medium
P03827,66,Female,77.0,110.0,85,17,95.1,35.9,187.7,2.06,No,No,No,Respiratory,Abnormal,5,Medium
P03828,26,Male,69.0,126.0,51,20,96.7,37.2,134.9,2.21,No,No,No,Multiple,Normal,2,Low
P03829,48,Male,108.0,120.0,73,19,98.9,36.1,54.9,0.5,Yes,No,No,Diabetes,Abnormal,7,Medium
P03830,78,Female,64.0,131.0,87,16,99.1,37.7,105.9,2.05,No,No,No,Multiple,Normal,4,Medium
P03831,65,Female,71.0,110.0,78,16,96.6,36.9,124.8,2.01,No,No,No,None,Normal,1,Low
P03832,42,Female,97.0,120.0,86,26,92.7,38.3,50.0,1.45,No,No,No,Respiratory,Normal,6,Medium
P03833,53,Male,104.0,135.0,60,23,100.0,38.3,93.6,2.71,Yes,No,No,Respiratory,Abnormal,7,Medium
P03834,25,Male,109.0,103.0,66,15,95.7,38.2,58.8,2.16,No,No,No,Respiratory,Abnormal,6,Medium
P03835,90,Male,70.0,152.0,85,25,96.8,37.3,73.8,1.11,Yes,Yes,No,Hypertension,Normal,6,Medium
P03836,75,Male,97.0,155.0,88,22,96.7,36.2,128.6,2.18,Yes,No,No,Hypertension,Abnormal,6,Medium
P03837,62,Female,76.0,140.0,81,20,97.1,35.8,113.0,0.5,Yes,No,No,Respiratory,Normal,4,Medium
P03838,79,Female,73.0,127.0,92,21,93.5,37.5,71.2,1.42,No,No,No,Cardiac,Normal,5,Medium
P03839,56,Female,109.0,70.0,53,12,97.3,37.5,112.3,1.47,No,No,No,Multiple,Abnormal,8,High
P03840,75,Female,74.0,136.0,71,26,100.0,37.2,100.5,2.33,No,No,No,Respiratory,Normal,4,Medium
P03841,81,Male,91.0,115.0,105,23,90.0,35.9,150.3,4.23,Yes,No,No,None,Abnormal,12,High
P03842,61,Female,88.0,119.0,97,19,96.1,36.4,,1.57,No,Yes,No,None,Abnormal,6,Medium
P03843,46,Male,64.0,78.0,88,19,92.6,37.1,85.4,2.97,No,No,No,None,Normal,6,Medium
P03844,76,Male,104.0,137.0,76,18,99.0,36.5,175.7,2.89,No,No,No,Respiratory,Normal,5,Medium
P03845,88,Female,96.0,89.0,94,15,99.4,36.4,68.4,0.74,No,Yes,No,Cardiac,Normal,7,Medium
P03846,26,Male,45.0,128.0,84,21,95.6,36.2,71.8,2.87,Yes,Yes,No,Multiple,Abnormal,7,Medium
P03847,23,Male,91.0,148.0,55,14,96.2,36.9,94.3,1.24,No,No,Yes,Multiple,Normal,5,Medium
P03848,46,Female,70.0,113.0,93,19,93.4,36.8,165.8,1.81,Yes,No,No,Multiple,Abnormal,7,Medium
P03849,75,Male,107.0,155.0,65,18,88.9,36.3,131.1,3.64,No,No,Yes,Cardiac,Normal,12,High
P03850,34,Male,56.0,106.0,89,20,95.2,37.0,72.5,2.21,No,No,No,None,Normal,0,Low
P03851,33,Female,78.0,140.0,54,23,95.4,37.2,111.6,1.29,Yes,No,No,Diabetes,Abnormal,5,Medium
P03852,20,Male,92.0,92.0,102,20,96.1,37.3,100.9,2.16,No,Yes,No,None,Normal,3,Low
P03853,38,Male,86.0,151.0,74,21,86.2,36.2,133.0,0.58,Yes,No,No,Hypertension,Normal,6,Medium
P03854,81,Female,100.0,147.0,61,8,90.8,36.8,113.3,2.65,No,No,No,None,Abnormal,7,Medium
P03855,53,Male,55.0,137.0,68,20,91.6,37.0,122.9,1.29,No,Yes,No,Multiple,Normal,5,Medium
P03856,79,Female,118.0,115.0,73,18,96.2,37.1,102.1,0.5,No,No,No,None,Abnormal,5,Medium
P03857,59,Male,96.0,90.0,78,20,97.8,35.9,167.9,,No,No,No,Diabetes,Abnormal,6,Medium
P03858,59,Male,112.0,115.0,98,15,92.5,36.7,113.3,1.39,Yes,No,No,Diabetes,Normal,5,Medium
P03859,78,Female,102.0,153.0,79,24,95.2,37.5,89.9,2.2,No,No,No,Diabetes,Abnormal,7,Medium
P03860,30,Female,85.0,128.0,45,19,94.3,36.5,157.4,0.88,Yes,No,No,Multiple,Normal,3,Low
P03861,28,Male,59.0,86.0,60,14,100.0,37.3,,2.08,No,Yes,No,Hypertension,Normal,5,Medium
P03862,71,Female,74.0,97.0,119,15,94.8,37.0,78.6,1.26,No,No,No,Hypertension,Normal,4,Medium
P03863,33,Male,117.0,,80,23,94.7,36.6,50.0,1.74,No,Yes,No,Cardiac,Abnormal,8,High
P03864,25,Female,113.0,137.0,92,18,93.6,38.0,,,No,No,No,Respiratory,Abnormal,7,Medium
P03865,76,Male,73.0,94.0,73,18,90.3,36.8,97.6,2.68,No,No,No,None,Normal,7,Medium
P03866,74,Male,45.0,81.0,63,17,97.9,36.8,116.7,2.82,No,No,No,None,Normal,5,Medium
P03867,57,Male,81.0,109.0,71,23,95.2,36.6,162.3,1.19,Yes,Yes,No,None,Normal,3,Low
P03868,76,Male,79.0,,80,20,94.8,38.2,76.9,2.04,Yes,Yes,No,None,Normal,7,Medium
P03869,19,Male,80.0,121.0,71,12,96.5,38.1,70.0,2.07,Yes,No,No,Cardiac,Normal,2,Low
P03870,27,Female,96.0,186.0,107,13,91.3,37.9,59.2,2.8,No,Yes,No,Respiratory,Normal,9,High
P03871,61,Female,103.0,85.0,69,18,100.0,37.7,203.1,1.54,No,No,Yes,Hypertension,Abnormal,11,High
P03872,28,Male,105.0,120.0,62,15,90.5,36.3,162.7,0.61,No,No,No,None,Normal,3,Low
P03873,19,Male,94.0,158.0,90,8,100.0,36.6,141.9,2.48,No,No,No,None,Normal,0,Low
P03874,67,Female,49.0,144.0,92,14,96.0,36.4,50.0,2.87,Yes,No,No,Hypertension,Abnormal,8,High
P03875,29,Female,78.0,121.0,78,17,94.8,37.8,58.0,2.05,No,No,No,Respiratory,Normal,3,Low
P03876,40,Female,131.0,121.0,69,16,98.0,38.9,143.1,0.93,Yes,Yes,No,None,Normal,5,Medium
P03877,35,Female,92.0,96.0,49,22,95.0,37.5,131.1,3.53,Yes,No,No,Respiratory,Normal,5,Medium
P03878,79,Female,92.0,118.0,96,8,98.8,38.3,104.1,1.9,Yes,No,No,None,Abnormal,5,Medium
P03879,79,Male,92.0,131.0,91,14,96.9,37.4,60.9,1.27,Yes,No,No,None,Normal,3,Low
P03880,55,Male,93.0,153.0,71,22,98.1,37.3,157.2,,No,No,No,None,Normal,1,Low
P03881,84,Female,45.0,109.0,79,15,99.1,36.5,186.7,3.13,Yes,No,No,None,Normal,4,Medium
P03882,55,Female,80.0,120.0,75,12,95.5,37.5,132.5,0.51,No,No,No,None,Normal,0,Low
P03883,84,Female,84.0,101.0,102,15,98.9,37.7,84.8,2.23,No,No,No,Multiple,Normal,4,Medium
P03884,78,Female,111.0,131.0,62,20,97.6,37.8,176.0,2.84,Yes,No,No,None,Normal,5,Medium
P03885,18,Female,86.0,145.0,69,17,100.0,37.1,121.7,1.72,No,No,No,None,Normal,0,Low
P03886,62,Female,52.0,141.0,67,14,94.9,37.2,180.2,1.92,Yes,No,No,Respiratory,Abnormal,5,Medium
P03887,45,Female,94.0,96.0,83,20,100.0,37.0,100.7,1.7,No,Yes,No,None,Normal,3,Low
P03888,38,Female,69.0,129.0,79,20,93.7,36.5,197.5,3.03,Yes,No,Yes,None,Normal,7,Medium
P03889,30,Female,61.0,108.0,81,12,90.0,37.7,97.1,0.92,No,No,No,None,Normal,2,Low
P03890,44,Male,68.0,150.0,65,18,91.9,35.5,88.5,1.59,No,No,No,Hypertension,Normal,4,Medium
P03891,24,Female,96.0,121.0,100,12,95.0,35.7,148.2,3.52,No,No,No,Cardiac,Normal,3,Low
P03892,39,Female,110.0,87.0,71,24,96.8,36.6,112.1,1.3,Yes,No,No,Hypertension,Normal,7,Medium
P03893,70,Male,95.0,120.0,96,24,96.0,36.0,130.5,0.57,No,No,No,Hypertension,Normal,3,Low
P03894,21,Male,98.0,136.0,125,17,98.4,37.9,74.3,1.79,Yes,No,No,Multiple,Abnormal,5,Medium
P03895,40,Male,94.0,131.0,65,23,92.4,36.6,75.0,2.66,Yes,Yes,No,Cardiac,Abnormal,9,High
P03896,87,Female,87.0,112.0,83,14,100.0,37.7,99.7,1.77,No,No,No,None,Normal,2,Low
P03897,50,Female,99.0,110.0,76,17,100.0,38.0,129.3,1.41,Yes,No,Yes,Respiratory,Normal,5,Medium
P03898,45,Female,45.0,100.0,108,15,98.8,37.0,83.9,2.2,Yes,No,No,Hypertension,Abnormal,4,Medium
P03899,25,Female,87.0,115.0,74,18,99.8,37.3,157.8,3.79,No,No,No,Respiratory,Normal,2,Low
P03900,18,Male,64.0,104.0,82,18,91.3,38.0,110.7,1.59,No,No,No,None,Normal,2,Low
P03901,54,Female,108.0,149.0,81,18,98.1,37.8,183.3,3.46,No,No,No,Cardiac,Normal,3,Low
P03902,80,Female,82.0,102.0,76,18,98.2,35.3,72.9,2.13,Yes,No,No,Hypertension,Abnormal,7,Medium
P03903,39,Male,86.0,128.0,89,19,98.9,36.7,128.7,1.11,No,No,No,Cardiac,Normal,1,Low
P03904,87,Female,55.0,126.0,79,24,98.5,37.4,133.4,3.13,No,No,No,Cardiac,Normal,5,Medium
P03905,38,Female,105.0,149.0,85,8,97.3,37.2,,1.52,No,No,No,None,Normal,1,Low
P03906,52,Female,98.0,152.0,81,28,97.2,36.2,113.0,0.55,No,No,No,Respiratory,Normal,2,Low
P03907,22,Female,96.0,142.0,69,16,99.6,35.6,148.9,2.04,Yes,No,No,None,Abnormal,4,Medium
P03908,77,Male,69.0,134.0,74,18,94.1,37.5,65.6,1.43,No,No,No,Diabetes,Normal,3,Low
P03909,63,Male,70.0,99.0,86,25,97.1,36.3,126.3,3.25,No,No,No,None,Abnormal,7,Medium
P03910,67,Male,89.0,98.0,86,21,94.3,36.9,75.5,2.12,No,No,No,Hypertension,Normal,4,Medium
P03911,65,Male,71.0,104.0,97,21,95.5,37.1,91.8,1.37,No,Yes,No,Cardiac,Normal,3,Low
P03912,23,Female,94.0,144.0,106,24,88.0,36.9,125.7,2.5,Yes,Yes,No,Multiple,Normal,9,High
P03913,73,Female,45.0,127.0,70,17,93.4,36.3,152.9,1.8,No,No,No,None,Normal,3,Low
P03914,76,Female,75.0,147.0,80,23,94.7,36.9,60.0,2.06,No,Yes,No,Hypertension,Normal,5,Medium
P03915,46,Male,121.0,150.0,75,12,94.7,36.6,181.0,0.5,Yes,No,No,Diabetes,Normal,4,Medium
P03916,88,Male,94.0,107.0,61,20,95.0,38.3,155.1,0.88,No,Yes,No,None,Abnormal,5,Medium
P03917,35,Male,88.0,126.0,86,21,92.4,37.2,116.7,1.98,Yes,No,No,None,Normal,3,Low
P03918,19,Female,125.0,125.0,90,24,95.0,39.1,72.3,0.77,No,No,No,None,Abnormal,6,Medium
P03919,25,Female,45.0,117.0,62,22,99.3,35.9,176.2,1.32,No,No,No,Diabetes,Normal,2,Low
P03920,71,Male,69.0,112.0,72,19,95.1,36.8,133.5,2.54,No,No,No,None,Normal,2,Low
P03921,55,Male,77.0,155.0,71,16,99.9,36.8,133.5,2.21,No,No,No,Hypertension,Normal,1,Low
P03922,65,Female,102.0,126.0,55,16,99.7,36.4,87.9,2.73,No,No,No,None,Normal,3,Low
P03923,44,Female,103.0,125.0,77,16,94.2,36.7,122.8,1.81,No,No,No,Hypertension,Normal,2,Low
P03924,37,Female,68.0,105.0,61,12,97.7,36.6,90.0,1.25,No,No,No,Diabetes,Normal,1,Low
P03925,29,Male,105.0,,80,27,92.1,36.2,163.6,2.93,Yes,No,No,Cardiac,Normal,7,Medium
P03926,60,Male,77.0,100.0,82,23,92.8,38.4,164.6,,No,Yes,No,Diabetes,Normal,6,Medium
P03927,78,Male,109.0,136.0,84,19,96.3,36.9,108.9,0.94,No,No,No,Multiple,Abnormal,7,Medium
P03928,48,Male,64.0,137.0,85,22,97.5,37.7,91.6,3.11,Yes,No,No,None,Normal,2,Low
P03929,78,Female,83.0,115.0,101,22,100.0,37.8,146.7,1.85,No,Yes,Yes,Hypertension,Normal,7,Medium
P03930,84,Female,75.0,133.0,66,13,95.5,38.1,141.1,2.58,No,No,No,Cardiac,Normal,4,Medium
P03931,52,Female,106.0,130.0,67,21,96.5,36.2,68.3,2.04,Yes,No,No,None,Normal,2,Low
P03932,32,Male,75.0,124.0,88,24,96.3,38.0,103.3,2.58,No,No,No,None,Normal,2,Low
P03933,33,Female,84.0,125.0,76,15,100.0,36.9,202.7,2.32,No,No,No,Respiratory,Abnormal,3,Low
P03934,30,Female,95.0,127.0,95,10,100.0,38.6,114.7,1.56,No,No,Yes,None,Normal,4,Medium
P03935,52,Female,96.0,128.0,86,12,97.2,37.4,124.4,1.51,No,No,No,None,Normal,0,Low
P03936,76,Female,103.0,127.0,107,18,98.4,36.1,136.8,2.37,No,No,No,Hypertension,Normal,4,Medium
P03937,38,Female,89.0,97.0,77,12,97.0,38.0,92.7,1.89,No,No,No,Diabetes,Abnormal,5,Medium
P03938,71,Male,77.0,121.0,56,17,99.2,37.9,145.7,1.8,No,Yes,No,None,Normal,2,Low
P03939,47,Female,78.0,132.0,83,15,98.6,36.0,130.1,1.45,No,No,No,Cardiac,Abnormal,3,Low
P03940,65,Female,86.0,127.0,77,18,95.1,37.6,160.0,1.59,No,No,No,Multiple,Normal,3,Low
P03941,52,Male,90.0,149.0,86,15,96.3,38.3,50.0,0.59,No,No,No,Hypertension,Normal,3,Low
P03942,55,Male,82.0,141.0,88,18,96.5,37.4,129.2,2.21,No,Yes,No,Cardiac,Abnormal,4,Medium
P03943,48,Female,85.0,103.0,70,21,96.5,36.2,123.4,1.29,Yes,No,No,Respiratory,Abnormal,4,Medium
P03944,41,Female,55.0,121.0,63,13,94.5,37.8,58.3,1.89,No,Yes,No,Diabetes,Normal,4,Medium
P03945,66,Female,98.0,117.0,76,19,97.0,37.5,104.3,1.75,No,Yes,No,Hypertension,Normal,3,Low
P03946,49,Female,89.0,125.0,42,14,94.5,36.8,130.8,1.96,Yes,No,No,Cardiac,Normal,2,Low
P03947,72,Male,105.0,125.0,79,18,94.2,36.6,117.0,1.83,Yes,No,No,Multiple,Normal,5,Medium
P03948,75,Female,85.0,140.0,72,18,95.6,37.5,114.0,2.16,Yes,No,No,Respiratory,Normal,4,Medium
P03949,20,Male,50.0,129.0,91,20,96.8,36.3,114.4,1.1,Yes,No,No,Respiratory,Abnormal,4,Medium
P03950,86,Female,78.0,156.0,48,19,99.7,37.2,96.4,1.74,No,No,No,Cardiac,Normal,3,Low
P03951,27,Female,81.0,131.0,78,24,98.1,38.0,195.2,1.82,No,No,No,Diabetes,Normal,2,Low
P03952,42,Female,100.0,104.0,102,18,99.3,38.2,128.1,1.11,Yes,No,No,Respiratory,Normal,2,Low
P03953,85,Male,45.0,113.0,88,15,100.0,36.6,127.4,1.01,No,No,No,Diabetes,Abnormal,5,Medium
P03954,78,Female,86.0,140.0,93,23,94.2,35.7,61.9,1.35,No,No,No,Hypertension,Abnormal,7,Medium
P03955,46,Female,95.0,85.0,83,20,98.1,36.4,102.4,1.94,No,Yes,No,None,Abnormal,6,Medium
P03956,36,Male,72.0,91.0,53,22,98.3,37.7,93.8,0.93,No,No,No,Hypertension,Normal,3,Low
P03957,60,Female,86.0,125.0,80,17,96.8,36.4,113.8,2.55,No,No,No,Cardiac,Normal,3,Low
P03958,83,Male,72.0,149.0,84,11,98.7,37.9,102.1,1.31,No,No,No,Diabetes,Normal,3,Low
P03959,78,Female,70.0,158.0,62,29,96.3,36.4,90.3,1.79,Yes,Yes,No,Hypertension,Normal,6,Medium
P03960,60,Male,77.0,120.0,76,15,98.0,36.6,105.9,2.34,No,No,No,None,Normal,1,Low
P03961,42,Male,71.0,152.0,40,12,91.8,36.9,71.7,0.62,No,No,No,Multiple,Abnormal,6,Medium
P03962,37,Male,99.0,127.0,73,22,96.0,37.8,138.8,,No,No,No,Respiratory,Normal,2,Low
P03963,65,Female,70.0,87.0,71,13,98.1,35.7,147.2,1.09,Yes,No,No,Cardiac,Normal,7,Medium
P03964,41,Male,67.0,125.0,99,16,99.1,37.2,134.9,2.86,No,No,No,None,Normal,1,Low
P03965,28,Male,120.0,110.0,69,19,93.4,37.2,149.2,2.22,No,No,No,None,Normal,3,Low
P03966,72,Female,104.0,148.0,74,17,95.8,36.2,146.4,0.5,No,No,No,Multiple,Normal,4,Medium
P03967,45,Male,48.0,124.0,77,16,92.8,37.3,63.6,1.68,No,Yes,No,Diabetes,Normal,4,Medium
P03968,86,Female,70.0,93.0,69,26,94.8,36.9,174.7,1.17,Yes,Yes,No,Respiratory,Abnormal,10,High
P03969,80,Female,90.0,88.0,89,17,96.9,36.1,149.8,3.11,No,No,No,Hypertension,Normal,7,Medium
P03970,76,Male,91.0,124.0,48,14,99.1,36.9,50.0,1.97,Yes,No,No,Respiratory,Abnormal,8,High
P03971,22,Male,55.0,70.0,95,23,98.7,36.2,84.6,0.5,No,Yes,No,Hypertension,Normal,6,Medium
P03972,68,Female,108.0,,78,14,,36.5,65.7,,No,No,Yes,None,Normal,6,Medium
P03973,38,Male,102.0,131.0,98,17,94.0,37.7,132.4,2.24,No,Yes,No,Hypertension,Normal,3,Low
P03974,29,Male,95.0,99.0,40,13,,36.8,93.6,2.13,Yes,No,No,Respiratory,Abnormal,6,Medium
P03975,67,Male,112.0,150.0,41,19,100.0,37.7,116.0,1.82,No,Yes,No,Multiple,Normal,5,Medium
P03976,21,Male,94.0,155.0,74,18,91.8,36.9,184.4,0.66,No,No,No,Cardiac,Abnormal,5,Medium
P03977,59,Female,94.0,100.0,86,18,92.4,36.2,172.8,3.06,Yes,No,Yes,Hypertension,Normal,8,High
P03978,55,Female,116.0,118.0,70,19,96.5,37.4,76.7,1.61,No,No,No,Hypertension,Normal,2,Low
P03979,42,Male,107.0,150.0,87,22,98.1,37.4,133.3,,No,Yes,No,Hypertension,Normal,4,Medium
P03980,31,Female,68.0,125.0,93,22,98.6,36.0,188.1,1.81,Yes,No,No,Multiple,Normal,3,Low
P03981,49,Male,98.0,90.0,88,13,96.9,37.9,78.4,1.65,No,No,Yes,Cardiac,Abnormal,8,High
P03982,28,Male,72.0,121.0,80,15,91.4,38.2,153.7,0.5,Yes,No,Yes,Cardiac,Normal,7,Medium
P03983,78,Male,95.0,,79,23,95.3,37.5,108.3,1.23,No,No,No,Diabetes,Normal,4,Medium
P03984,35,Male,95.0,153.0,69,14,90.7,37.1,77.4,2.86,No,No,No,Diabetes,Abnormal,6,Medium
P03985,44,Female,57.0,140.0,77,20,97.2,38.6,175.6,2.38,No,No,No,Diabetes,Normal,2,Low
P03986,72,Male,83.0,117.0,63,22,97.4,37.4,97.9,2.22,No,No,No,Multiple,Normal,3,Low
P03987,71,Female,90.0,129.0,66,10,95.6,37.2,109.0,2.27,No,No,No,Multiple,Normal,3,Low
P03988,38,Male,76.0,92.0,86,16,92.5,38.4,100.8,1.8,No,Yes,No,None,Normal,5,Medium
P03989,61,Female,91.0,106.0,71,22,93.5,38.3,157.1,1.42,No,No,No,Diabetes,Abnormal,6,Medium
P03990,22,Female,101.0,164.0,67,17,91.1,35.8,154.3,1.16,No,No,No,None,Normal,4,Medium
P03991,58,Female,84.0,126.0,85,16,95.8,36.6,,1.43,No,Yes,No,None,Abnormal,3,Low
P03992,76,Female,89.0,148.0,84,22,100.0,37.5,119.6,1.91,Yes,No,No,None,Normal,3,Low
P03993,71,Male,113.0,131.0,75,24,95.7,38.0,129.8,1.18,No,No,No,None,Normal,3,Low
P03994,39,Female,94.0,158.0,76,15,94.7,36.1,154.0,1.81,No,Yes,No,Hypertension,Abnormal,4,Medium
P03995,82,Male,89.0,75.0,84,27,96.7,37.7,90.7,1.86,Yes,No,Yes,Hypertension,Abnormal,13,High
P03996,81,Female,66.0,120.0,93,9,92.5,36.7,170.3,1.65,No,No,No,Multiple,Abnormal,8,High
P03997,88,Female,98.0,166.0,81,10,92.7,37.6,147.6,0.5,No,Yes,No,Respiratory,Abnormal,8,High
P03998,21,Female,92.0,149.0,60,16,94.1,36.5,77.0,0.96,No,No,Yes,None,Normal,3,Low
P03999,82,Male,111.0,158.0,75,16,,35.1,134.4,1.67,No,No,No,Hypertension,Abnormal,7,Medium
P04000,32,Female,86.0,125.0,72,17,97.0,35.6,134.6,0.5,No,No,No,None,Normal,1,Low
P04001,39,Male,49.0,112.0,62,15,95.5,36.1,86.6,2.62,No,No,No,Diabetes,Normal,2,Low
P04002,64,Male,51.0,99.0,85,14,98.2,36.5,132.1,2.84,No,No,No,Cardiac,Normal,5,Medium
P04003,63,Male,100.0,98.0,87,17,100.0,37.0,115.1,2.48,No,No,No,Cardiac,Abnormal,6,Medium
P04004,31,Female,74.0,145.0,89,15,98.2,36.6,53.7,2.03,No,No,No,Cardiac,Normal,3,Low
P04005,67,Female,94.0,138.0,63,21,92.9,37.0,50.0,0.81,Yes,No,No,None,Normal,6,Medium
P04006,37,Female,87.0,123.0,80,18,90.3,36.6,197.0,2.05,No,No,No,Diabetes,Normal,3,Low
P04007,67,Female,82.0,138.0,78,17,90.8,37.0,110.0,2.92,Yes,No,No,Cardiac,Normal,6,Medium
P04008,50,Female,83.0,129.0,83,18,98.6,37.7,119.3,0.89,Yes,Yes,No,None,Normal,2,Low
P04009,76,Female,68.0,149.0,80,24,93.7,37.0,73.9,3.84,Yes,No,No,None,Normal,7,Medium
P04010,60,Female,85.0,149.0,78,16,98.5,37.4,91.1,2.45,No,No,Yes,Hypertension,Normal,5,Medium
P04011,29,Male,73.0,98.0,76,12,94.6,37.6,201.7,0.95,Yes,No,No,Hypertension,Normal,4,Medium
P04012,57,Female,78.0,132.0,95,13,97.2,36.9,211.7,0.99,No,No,No,None,Normal,0,Low
P04013,37,Male,79.0,83.0,65,17,98.1,35.6,50.0,1.4,No,Yes,No,Cardiac,Abnormal,10,High
P04014,55,Male,80.0,128.0,75,20,93.7,37.2,117.3,1.76,No,No,No,Diabetes,Normal,3,Low
P04015,20,Female,103.0,140.0,94,22,98.5,36.5,189.7,1.5,No,Yes,No,Multiple,Normal,4,Medium
P04016,45,Female,82.0,92.0,66,26,94.0,37.7,122.9,0.5,No,Yes,No,None,Normal,4,Medium
P04017,73,Male,105.0,115.0,67,22,93.9,38.1,142.4,0.76,No,No,No,Multiple,Normal,6,Medium
P04018,30,Male,116.0,125.0,89,14,98.5,36.8,108.2,1.79,No,No,No,Respiratory,Normal,2,Low
P04019,83,Female,102.0,131.0,57,17,97.9,37.1,135.6,1.95,No,Yes,No,Cardiac,Normal,5,Medium
P04020,54,Male,96.0,118.0,88,8,97.4,37.5,172.8,2.52,No,No,No,None,Normal,1,Low
P04021,66,Male,92.0,96.0,71,16,92.7,36.3,135.9,1.27,No,Yes,No,Hypertension,Normal,7,Medium
P04022,83,Male,102.0,124.0,84,15,94.8,37.0,66.4,1.92,No,Yes,No,None,Normal,4,Medium
P04023,53,Male,87.0,84.0,60,8,98.1,35.8,89.8,1.81,No,No,No,Hypertension,Normal,5,Medium
P04024,71,Female,,119.0,96,29,100.0,37.8,145.9,1.13,No,No,No,Cardiac,Normal,4,Medium
P04025,43,Female,97.0,114.0,60,16,100.0,38.3,112.3,2.3,No,No,No,None,Normal,0,Low
P04026,89,Male,78.0,122.0,89,8,94.6,37.1,93.2,2.19,Yes,Yes,No,Multiple,Normal,6,Medium
P04027,57,Male,103.0,111.0,60,17,94.0,36.4,71.4,3.65,No,No,No,None,Normal,2,Low
P04028,60,Male,87.0,87.0,105,26,100.0,37.2,75.1,2.65,No,Yes,No,Hypertension,Normal,8,High
P04029,39,Female,83.0,116.0,77,28,97.8,36.0,86.4,0.56,Yes,No,No,Cardiac,Normal,3,Low
P04030,37,Female,75.0,148.0,107,18,94.6,36.7,133.3,2.55,No,Yes,No,None,Normal,2,Low
P04031,25,Male,88.0,157.0,66,18,96.4,36.7,94.3,0.65,Yes,No,No,Multiple,Normal,3,Low
P04032,46,Male,105.0,186.0,71,24,92.3,36.6,122.1,2.98,No,No,Yes,Hypertension,Abnormal,13,High
P04033,57,Male,103.0,167.0,96,17,99.0,37.2,121.3,1.56,No,Yes,No,Multiple,Normal,4,Medium
P04034,47,Female,92.0,95.0,57,20,100.0,37.3,145.8,2.05,No,No,No,Diabetes,Abnormal,5,Medium
P04035,72,Male,97.0,115.0,68,22,100.0,37.0,82.1,2.85,No,No,No,Multiple,Normal,4,Medium
P04036,33,Male,110.0,124.0,85,13,99.4,37.7,179.7,2.18,No,Yes,Yes,Hypertension,Normal,6,Medium
P04037,63,Male,82.0,123.0,63,26,95.0,37.3,50.0,2.45,No,No,No,None,Abnormal,6,Medium
P04038,79,Male,63.0,127.0,86,14,98.7,36.6,102.0,1.28,No,No,No,Diabetes,Normal,3,Low
P04039,24,Male,111.0,185.0,81,15,100.0,36.9,98.0,,No,No,No,Diabetes,Normal,4,Medium
P04040,62,Female,74.0,98.0,55,18,98.8,36.9,83.4,1.82,No,No,No,Multiple,Normal,5,Medium
P04041,76,Female,71.0,107.0,93,23,98.6,36.7,50.0,2.33,No,No,No,Hypertension,Normal,6,Medium
P04042,73,Female,49.0,166.0,59,21,96.6,37.4,163.5,1.72,Yes,No,No,Respiratory,Normal,3,Low
P04043,65,Male,96.0,110.0,90,18,93.3,35.3,148.2,3.11,No,Yes,No,Respiratory,Normal,7,Medium
P04044,44,Female,53.0,135.0,80,19,100.0,37.0,135.0,2.25,No,No,No,Hypertension,Abnormal,3,Low
P04045,70,Male,70.0,151.0,71,23,95.9,37.2,85.9,1.56,No,No,Yes,None,Abnormal,7,Medium
P04046,90,Female,97.0,137.0,61,18,99.6,37.5,94.8,1.68,No,Yes,Yes,Respiratory,Normal,7,Medium
P04047,52,Female,99.0,130.0,83,14,100.0,37.9,101.6,,No,No,No,Multiple,Abnormal,4,Medium
P04048,68,Male,72.0,148.0,65,15,98.7,36.9,105.4,2.18,No,No,No,Multiple,Normal,3,Low
P04049,54,Male,82.0,103.0,96,23,99.5,37.7,146.8,1.49,No,Yes,No,None,Normal,2,Low
P04050,74,Male,68.0,113.0,97,14,93.2,37.5,95.2,1.96,No,No,Yes,None,Normal,6,Medium
P04051,25,Female,74.0,138.0,103,10,93.8,37.2,80.7,3.03,Yes,No,No,None,Abnormal,6,Medium
P04052,37,Male,90.0,73.0,82,16,99.8,35.9,120.9,2.16,No,No,No,Cardiac,Normal,5,Medium
P04053,70,Female,75.0,160.0,72,18,94.4,37.9,116.7,1.76,No,No,No,Multiple,Normal,3,Low
P04054,29,Female,80.0,133.0,74,22,92.0,37.1,135.1,1.62,No,No,No,None,Abnormal,4,Medium
P04055,66,Female,56.0,129.0,72,11,91.0,36.8,170.6,2.86,Yes,No,No,Diabetes,Normal,6,Medium
P04056,34,Male,108.0,84.0,82,20,95.4,36.1,98.7,2.11,Yes,No,No,Cardiac,Abnormal,8,High
P04057,81,Male,95.0,93.0,85,24,95.3,35.0,152.3,2.41,Yes,No,No,Respiratory,Abnormal,10,High
P04058,59,Male,101.0,115.0,96,14,99.0,38.5,120.7,1.34,No,No,No,Diabetes,Abnormal,4,Medium
P04059,46,Female,111.0,145.0,78,18,93.0,37.2,156.0,0.74,No,No,No,None,Abnormal,5,Medium
P04060,36,Female,68.0,73.0,57,8,,36.1,164.3,2.83,No,No,No,None,Abnormal,6,Medium
P04061,28,Male,78.0,145.0,72,22,92.4,36.0,84.7,2.65,No,No,No,None,Normal,3,Low
P04062,67,Female,47.0,116.0,101,22,92.4,36.8,194.2,0.95,Yes,No,No,Hypertension,Normal,5,Medium
P04063,88,Female,148.0,119.0,55,18,96.4,37.6,122.2,2.47,Yes,No,No,Cardiac,Normal,6,Medium
P04064,75,Female,82.0,131.0,89,11,96.2,37.5,69.1,2.9,No,No,No,Cardiac,Normal,4,Medium
P04065,51,Male,106.0,132.0,72,21,97.7,37.5,69.4,1.49,No,No,No,None,Normal,1,Low
P04066,37,Female,60.0,107.0,65,17,92.5,36.3,173.9,1.76,No,No,No,None,Normal,2,Low
P04067,67,Female,105.0,141.0,84,8,97.1,36.9,167.6,3.33,No,No,No,Diabetes,Normal,4,Medium
P04068,27,Male,122.0,70.0,101,22,91.0,37.1,158.9,2.81,No,No,No,Diabetes,Normal,9,High
P04069,49,Male,84.0,114.0,83,24,89.4,37.0,93.4,1.21,Yes,No,No,Respiratory,Normal,7,Medium
P04070,69,Male,65.0,129.0,74,25,,37.4,100.1,1.29,No,No,No,Respiratory,Normal,3,Low
P04071,32,Male,,116.0,59,12,99.1,38.3,52.0,1.62,No,No,No,None,Normal,2,Low
P04072,20,Male,45.0,79.0,77,8,96.0,37.2,103.3,2.01,No,No,No,None,Normal,3,Low
P04073,54,Male,84.0,144.0,58,16,89.9,36.5,121.8,2.22,No,Yes,No,Diabetes,Normal,6,Medium
P04074,57,Female,101.0,94.0,73,21,94.6,35.8,175.0,0.8,Yes,No,Yes,Hypertension,Normal,9,High
P04075,89,Female,84.0,123.0,77,13,97.3,37.1,104.0,1.31,Yes,No,No,Multiple,Normal,5,Medium
P04076,57,Female,79.0,129.0,43,10,94.6,36.5,101.7,0.5,No,No,No,Multiple,Normal,2,Low
P04077,73,Female,96.0,125.0,99,22,100.0,37.3,126.6,2.41,No,No,No,Respiratory,Abnormal,4,Medium
P04078,40,Male,97.0,154.0,59,16,97.9,37.3,149.0,1.84,No,No,No,Multiple,Normal,2,Low
P04079,28,Female,52.0,124.0,75,21,93.2,38.3,177.1,1.62,Yes,No,No,Cardiac,Normal,4,Medium
P04080,81,Male,87.0,136.0,86,18,91.2,37.2,87.0,1.46,No,No,No,None,Normal,4,Medium
P04081,25,Male,134.0,,98,17,98.6,37.4,108.2,1.67,No,Yes,No,Multiple,Abnormal,7,Medium
P04082,73,Female,58.0,140.0,66,18,98.5,36.5,,2.13,No,No,No,Cardiac,Normal,2,Low
P04083,77,Female,,160.0,40,16,98.3,35.9,104.3,0.85,No,Yes,No,Cardiac,Normal,5,Medium
P04084,27,Male,124.0,128.0,94,16,100.0,37.9,90.2,1.21,Yes,No,Yes,Hypertension,Normal,7,Medium
P04085,56,Male,107.0,145.0,59,12,97.4,38.0,104.7,0.99,Yes,No,No,Respiratory,Normal,3,Low
P04086,45,Male,75.0,161.0,83,20,96.3,36.7,66.3,0.5,No,No,No,None,Normal,0,Low
P04087,66,Male,89.0,159.0,84,24,98.3,35.5,90.8,3.22,No,No,No,Cardiac,Normal,5,Medium
P04088,53,Female,85.0,115.0,40,15,99.7,38.1,65.7,2.34,No,Yes,No,Diabetes,Normal,2,Low
P04089,30,Male,70.0,151.0,54,27,98.1,38.0,115.5,1.15,No,Yes,Yes,None,Normal,5,Medium
P04090,53,Female,84.0,131.0,71,20,96.1,36.9,99.3,1.99,No,Yes,No,Diabetes,Normal,2,Low
P04091,43,Male,79.0,153.0,40,19,98.9,37.9,93.2,0.87,No,Yes,No,Respiratory,Normal,2,Low
P04092,21,Male,87.0,139.0,58,21,96.3,37.0,115.6,2.2,No,No,No,None,Normal,0,Low
P04093,81,Male,70.0,132.0,80,23,94.5,37.2,50.0,3.72,No,Yes,No,Hypertension,Normal,8,High
P04094,55,Female,59.0,136.0,77,16,96.4,35.7,102.3,2.56,No,No,No,Cardiac,Abnormal,5,Medium
P04095,39,Male,84.0,131.0,83,21,95.0,38.0,122.8,0.5,No,No,No,None,Normal,0,Low
P04096,19,Female,119.0,132.0,85,23,95.7,35.6,154.0,0.57,No,No,No,None,Normal,3,Low
P04097,48,Female,87.0,121.0,53,16,93.5,38.4,139.4,0.61,No,No,No,Cardiac,Normal,3,Low
P04098,28,Female,78.0,119.0,59,18,99.0,38.5,165.8,1.46,Yes,Yes,No,None,Normal,2,Low
P04099,63,Male,100.0,169.0,89,14,96.6,35.0,57.7,1.75,No,No,Yes,Hypertension,Normal,8,High
P04100,79,Female,82.0,137.0,101,16,98.1,38.2,156.9,2.93,No,No,No,Respiratory,Normal,4,Medium
P04101,86,Female,122.0,111.0,63,16,97.4,36.8,127.0,0.71,No,No,No,Hypertension,Normal,5,Medium
P04102,81,Male,85.0,118.0,82,13,93.3,37.3,93.5,1.82,No,Yes,No,Diabetes,Normal,6,Medium
P04103,27,Male,99.0,151.0,90,18,100.0,35.9,119.3,0.5,Yes,Yes,Yes,Cardiac,Abnormal,9,High
P04104,57,Female,70.0,107.0,82,20,95.3,36.7,240.0,0.98,No,No,No,Diabetes,Normal,1,Low
P04105,41,Female,95.0,,74,20,94.9,36.1,120.8,0.73,Yes,No,No,None,Normal,4,Medium
P04106,61,Male,91.0,90.0,68,14,96.6,36.4,118.2,0.5,No,No,No,None,Normal,3,Low
P04107,77,Female,84.0,82.0,108,15,96.7,38.0,149.4,2.41,No,No,No,Respiratory,Normal,6,Medium
P04108,79,Female,75.0,93.0,79,22,100.0,37.8,106.2,1.28,No,No,No,Hypertension,Abnormal,7,Medium
P04109,34,Female,72.0,95.0,84,15,97.8,37.7,83.3,1.94,Yes,No,No,Diabetes,Normal,4,Medium
P04110,82,Male,91.0,160.0,83,22,94.5,36.6,171.2,0.69,Yes,Yes,No,Hypertension,Normal,5,Medium
P04111,74,Female,,124.0,66,14,100.0,36.4,57.4,2.74,No,No,No,None,Normal,4,Medium
P04112,72,Male,82.0,116.0,79,20,91.1,35.7,116.7,1.04,Yes,No,No,None,Normal,5,Medium
P04113,70,Male,91.0,89.0,73,22,94.6,37.5,112.4,2.69,Yes,No,No,Respiratory,Normal,7,Medium
P04114,73,Male,84.0,121.0,73,8,94.3,38.5,81.7,2.66,No,No,No,Multiple,Abnormal,6,Medium
P04115,26,Female,87.0,82.0,83,22,96.0,38.2,62.3,2.01,No,No,No,None,Abnormal,5,Medium
P04116,39,Male,81.0,116.0,64,25,97.0,37.0,109.9,2.08,No,Yes,No,Diabetes,Abnormal,5,Medium
P04117,30,Female,85.0,177.0,60,16,,37.4,129.6,0.99,Yes,No,No,Multiple,Normal,3,Low
P04118,65,Male,139.0,142.0,86,20,97.3,37.2,156.9,0.5,No,Yes,No,Respiratory,Normal,5,Medium
P04119,35,Female,91.0,120.0,70,14,97.9,37.7,84.1,1.95,Yes,No,No,Diabetes,Normal,2,Low
P04120,57,Female,98.0,142.0,73,20,95.8,38.4,83.6,1.97,Yes,No,No,None,Normal,1,Low
P04121,34,Female,94.0,112.0,49,30,99.9,36.5,176.0,1.5,No,Yes,No,None,Normal,2,Low
P04122,32,Male,80.0,105.0,92,8,91.2,36.6,96.3,1.14,No,No,Yes,Respiratory,Normal,6,Medium
P04123,32,Female,111.0,168.0,86,15,88.3,36.8,101.6,1.11,No,No,No,None,Abnormal,7,Medium
P04124,80,Female,79.0,96.0,89,22,98.2,37.0,163.8,0.62,Yes,Yes,No,Multiple,Abnormal,10,High
P04125,56,Male,106.0,116.0,84,24,95.0,37.6,50.0,2.56,No,No,Yes,Diabetes,Abnormal,11,High
P04126,30,Male,78.0,133.0,55,11,100.0,36.9,66.9,1.24,Yes,Yes,No,Respiratory,Normal,3,Low
P04127,49,Female,66.0,102.0,81,15,99.1,36.3,170.7,1.04,Yes,Yes,No,Diabetes,Normal,3,Low
P04128,26,Male,92.0,141.0,69,15,97.8,36.3,,2.3,No,Yes,No,Hypertension,Normal,2,Low
P04129,57,Male,63.0,117.0,64,15,94.5,36.1,93.6,1.38,No,No,No,Respiratory,Normal,1,Low
P04130,37,Male,96.0,142.0,86,17,98.0,36.9,97.0,1.32,No,Yes,No,None,Normal,1,Low
P04131,90,Female,61.0,140.0,103,11,94.8,37.8,102.2,2.71,No,No,No,None,Normal,3,Low
P04132,80,Male,79.0,119.0,100,17,96.2,37.3,96.6,0.88,No,No,No,None,Normal,2,Low
P04133,61,Female,56.0,168.0,87,13,95.0,37.5,120.7,0.92,Yes,No,No,Diabetes,Abnormal,5,Medium
P04134,55,Male,141.0,108.0,78,18,96.8,36.1,165.1,0.5,No,No,No,Multiple,Normal,4,Medium
P04135,77,Male,52.0,159.0,75,14,95.2,36.1,82.9,1.78,No,Yes,No,Multiple,Normal,5,Medium
P04136,88,Female,85.0,154.0,64,17,99.0,37.1,91.4,1.33,No,No,No,Multiple,Normal,4,Medium
P04137,65,Male,108.0,169.0,74,13,97.4,38.0,116.3,3.29,Yes,Yes,No,Multiple,Normal,7,Medium
P04138,35,Male,106.0,129.0,92,23,94.5,37.7,177.9,1.33,Yes,Yes,Yes,Cardiac,Normal,8,High
P04139,33,Male,102.0,105.0,105,16,94.7,36.5,103.2,2.32,No,Yes,No,None,Abnormal,4,Medium
P04140,72,Male,79.0,177.0,66,18,92.2,38.8,79.0,1.1,No,No,No,Diabetes,Normal,5,Medium
P04141,56,Female,112.0,117.0,48,17,90.1,35.4,50.0,2.45,Yes,No,No,Multiple,Normal,9,High
P04142,85,Female,103.0,105.0,70,18,98.8,37.0,84.6,2.96,Yes,No,No,None,Normal,5,Medium
P04143,76,Female,89.0,120.0,92,18,94.9,37.1,80.3,1.38,Yes,Yes,No,Cardiac,Normal,5,Medium
P04144,79,Female,90.0,100.0,109,22,92.3,36.8,67.3,1.67,No,No,Yes,Cardiac,Normal,8,High
P04145,30,Female,79.0,138.0,98,17,97.3,37.4,117.8,1.63,Yes,No,Yes,None,Normal,4,Medium
P04146,23,Female,67.0,110.0,97,14,93.8,36.8,104.5,2.02,Yes,No,No,Multiple,Normal,5,Medium
P04147,77,Female,,118.0,65,18,95.8,35.8,172.0,2.59,No,No,No,None,Normal,5,Medium
P04148,31,Male,111.0,149.0,66,15,92.1,36.9,123.6,1.3,No,No,No,Multiple,Normal,5,Medium
P04149,71,Female,67.0,141.0,58,18,97.9,37.1,155.3,2.64,No,No,No,Hypertension,Normal,3,Low
P04150,21,Female,82.0,125.0,68,13,96.3,37.7,108.2,1.96,Yes,No,No,None,Abnormal,3,Low
P04151,56,Female,82.0,129.0,92,23,97.5,38.1,79.9,,No,Yes,No,Hypertension,Normal,4,Medium
P04152,89,Male,84.0,125.0,102,14,94.7,36.3,139.8,2.07,No,No,No,Hypertension,Normal,3,Low
P04153,42,Female,86.0,114.0,83,24,96.7,38.3,69.8,0.68,No,No,Yes,Hypertension,Abnormal,7,Medium
P04154,49,Female,104.0,125.0,74,18,91.6,36.7,161.3,2.37,Yes,No,Yes,Hypertension,Normal,8,High
P04155,76,Female,70.0,137.0,62,22,100.0,36.6,85.1,1.81,No,Yes,No,Hypertension,Normal,4,Medium
P04156,80,Male,68.0,122.0,76,14,97.2,36.7,144.6,1.57,No,No,No,Hypertension,Abnormal,5,Medium
P04157,55,Female,110.0,135.0,81,8,100.0,35.4,130.1,2.22,Yes,No,No,Respiratory,Abnormal,6,Medium
P04158,70,Male,76.0,104.0,56,10,95.2,36.7,76.2,1.18,No,Yes,No,Hypertension,Normal,3,Low
P04159,84,Male,60.0,110.0,92,31,92.9,38.0,163.4,1.65,No,No,No,None,Normal,7,Medium
P04160,45,Male,75.0,107.0,72,15,94.5,37.4,191.8,1.38,No,No,No,None,Normal,0,Low
P04161,20,Male,78.0,111.0,91,23,95.9,37.2,85.0,2.35,No,No,No,Diabetes,Abnormal,4,Medium
P04162,39,Female,,157.0,78,12,95.7,37.3,88.8,1.54,No,No,No,Hypertension,Normal,2,Low
P04163,55,Male,103.0,143.0,82,19,100.0,38.0,117.7,,No,No,No,None,Abnormal,3,Low
P04164,89,Male,108.0,98.0,67,20,93.4,36.3,149.7,1.93,No,No,No,Multiple,Normal,9,High
P04165,89,Female,101.0,136.0,73,32,94.2,37.7,164.0,2.19,No,No,Yes,Multiple,Normal,11,High
P04166,79,Male,104.0,115.0,88,16,98.1,37.1,100.7,1.42,Yes,No,No,Diabetes,Normal,5,Medium
P04167,74,Male,71.0,108.0,76,14,91.2,36.4,120.5,2.76,No,Yes,No,Multiple,Normal,7,Medium
P04168,23,Male,81.0,88.0,61,20,95.9,37.4,100.9,2.63,No,No,Yes,Cardiac,Normal,8,High
P04169,49,Male,65.0,149.0,80,13,96.4,37.1,98.5,3.3,No,No,No,Hypertension,Normal,2,Low
P04170,27,Male,81.0,91.0,84,20,97.3,36.4,93.7,1.08,Yes,No,No,Cardiac,Normal,4,Medium
P04171,20,Male,99.0,124.0,99,18,97.0,36.1,60.5,1.95,No,No,Yes,Cardiac,Normal,4,Medium
P04172,76,Female,88.0,101.0,95,14,100.0,36.7,149.5,0.53,Yes,No,Yes,Respiratory,Normal,7,Medium
P04173,66,Female,111.0,144.0,77,20,93.3,36.6,119.1,0.9,Yes,No,No,None,Abnormal,7,Medium
P04174,76,Female,62.0,117.0,70,19,94.1,38.0,176.0,2.4,No,Yes,No,Multiple,Normal,5,Medium
P04175,48,Female,95.0,122.0,75,22,97.8,36.8,148.0,1.71,No,No,No,None,Normal,0,Low
P04176,86,Male,60.0,122.0,70,26,96.7,36.7,99.0,1.03,No,Yes,No,Hypertension,Normal,5,Medium
P04177,79,Male,87.0,133.0,86,15,97.1,37.9,69.4,2.42,No,No,No,Respiratory,Abnormal,5,Medium
P04178,69,Male,100.0,125.0,94,16,91.8,38.1,189.7,2.07,No,No,No,None,Normal,3,Low
P04179,58,Female,81.0,124.0,97,11,100.0,36.3,50.0,0.5,No,Yes,Yes,Multiple,Normal,8,High
P04180,48,Female,96.0,112.0,72,21,97.4,36.0,101.3,2.68,No,No,No,None,Normal,1,Low
P04181,39,Male,66.0,86.0,70,15,91.3,37.4,101.9,1.85,No,No,No,None,Abnormal,7,Medium
P04182,21,Male,52.0,97.0,72,20,97.8,36.8,89.1,1.36,Yes,No,No,Hypertension,Normal,4,Medium
P04183,30,Female,96.0,143.0,49,24,92.7,36.6,80.9,0.72,Yes,No,No,None,Abnormal,6,Medium
P04184,62,Female,120.0,117.0,60,15,98.8,37.8,66.1,2.17,No,No,No,None,Normal,2,Low
P04185,59,Female,65.0,108.0,77,16,92.1,36.8,86.0,1.41,No,No,No,Hypertension,Normal,3,Low
P04186,66,Female,109.0,90.0,84,23,99.0,38.5,113.0,1.68,Yes,No,No,Diabetes,Normal,7,Medium
P04187,37,Male,86.0,82.0,85,22,92.3,37.0,127.2,1.84,No,No,No,Cardiac,Abnormal,8,High
P04188,71,Female,58.0,107.0,66,21,93.1,37.1,94.0,2.22,Yes,No,No,Multiple,Normal,6,Medium
P04189,53,Female,62.0,147.0,71,16,96.4,38.8,93.8,2.03,No,No,No,Multiple,Normal,3,Low
P04190,18,Male,85.0,111.0,74,11,94.2,37.2,73.3,3.01,No,Yes,No,Cardiac,Normal,3,Low
P04191,32,Male,77.0,135.0,72,14,94.3,36.4,121.7,0.5,No,No,No,Diabetes,Abnormal,3,Low
P04192,34,Male,59.0,110.0,88,13,91.4,36.2,116.9,1.34,No,No,Yes,Diabetes,Normal,6,Medium
P04193,41,Female,51.0,141.0,58,21,95.0,36.6,130.2,2.67,No,No,No,Diabetes,Abnormal,4,Medium
P04194,75,Female,68.0,116.0,61,19,98.7,37.2,93.4,3.45,No,No,Yes,Respiratory,Normal,7,Medium
P04195,89,Female,,94.0,74,15,100.0,37.7,78.6,2.73,Yes,No,No,Respiratory,Abnormal,9,High
P04196,40,Female,85.0,118.0,58,16,98.5,35.8,114.2,2.2,Yes,No,No,Cardiac,Abnormal,5,Medium
P04197,63,Male,75.0,171.0,49,20,98.1,37.0,135.8,2.5,Yes,No,No,Hypertension,Normal,3,Low
P04198,89,Male,89.0,170.0,56,16,90.9,38.0,79.5,2.48,Yes,Yes,No,None,Normal,6,Medium
P04199,25,Female,106.0,137.0,74,15,95.9,37.2,89.9,1.34,Yes,Yes,No,Hypertension,Normal,4,Medium
P04200,76,Female,93.0,122.0,87,28,94.0,38.1,66.0,2.29,No,No,Yes,None,Normal,6,Medium
P04201,76,Female,83.0,133.0,88,15,91.5,35.8,68.1,1.03,Yes,Yes,Yes,Hypertension,Abnormal,13,High
P04202,30,Male,104.0,133.0,102,21,92.2,36.8,93.1,1.91,Yes,No,No,Multiple,Normal,6,Medium
P04203,56,Female,66.0,124.0,80,20,98.0,37.1,81.3,1.41,Yes,No,No,Hypertension,Abnormal,4,Medium
P04204,45,Male,81.0,136.0,82,10,94.3,37.4,147.0,2.18,Yes,No,No,Multiple,Abnormal,5,Medium
P04205,78,Female,81.0,130.0,74,15,91.6,36.3,116.2,1.38,Yes,No,No,Diabetes,Normal,6,Medium
P04206,33,Male,60.0,117.0,75,22,94.1,37.3,165.6,1.86,No,Yes,No,None,Normal,1,Low
P04207,19,Male,77.0,95.0,109,17,96.9,37.4,166.0,1.0,Yes,Yes,No,Multiple,Normal,6,Medium
P04208,34,Female,45.0,113.0,82,11,94.0,36.9,115.6,1.51,Yes,No,No,None,Normal,1,Low
P04209,47,Male,123.0,145.0,83,20,92.4,37.4,50.0,2.73,Yes,Yes,No,Hypertension,Normal,10,High
P04210,30,Male,66.0,124.0,61,15,,37.3,130.9,0.5,No,Yes,No,Cardiac,Abnormal,6,Medium
P04211,30,Female,117.0,133.0,84,20,98.7,36.5,160.8,1.85,Yes,No,Yes,Diabetes,Normal,6,Medium
P04212,60,Male,86.0,118.0,88,31,89.8,36.9,140.3,2.92,Yes,No,No,None,Abnormal,12,High
P04213,38,Female,96.0,99.0,95,20,95.2,36.0,129.0,2.51,No,No,No,Hypertension,Normal,4,Medium
P04214,72,Male,75.0,119.0,87,21,95.7,35.8,105.1,1.87,No,No,No,Multiple,Normal,4,Medium
P04215,57,Male,89.0,99.0,76,17,93.7,37.2,67.9,2.4,No,No,No,Cardiac,Abnormal,7,Medium
P04216,32,Male,98.0,98.0,75,12,93.1,35.5,140.0,1.21,No,No,No,Hypertension,Normal,6,Medium
P04217,90,Male,98.0,155.0,77,23,99.0,36.8,107.2,2.39,Yes,No,No,Hypertension,Normal,5,Medium
P04218,69,Female,100.0,114.0,80,15,98.9,37.3,127.5,2.78,No,No,No,Diabetes,Abnormal,5,Medium
P04219,70,Female,78.0,106.0,97,17,96.3,37.0,91.5,1.99,No,No,No,None,Normal,1,Low
P04220,69,Female,75.0,165.0,94,27,94.4,38.7,195.0,2.6,No,Yes,No,Cardiac,Normal,6,Medium
P04221,47,Male,53.0,145.0,89,16,96.3,37.3,124.6,0.99,Yes,No,No,None,Abnormal,3,Low
P04222,50,Male,95.0,116.0,108,24,97.2,36.8,99.8,0.87,No,No,No,Multiple,Abnormal,5,Medium
P04223,74,Female,107.0,136.0,40,20,95.7,37.5,69.5,2.43,No,Yes,No,None,Abnormal,5,Medium
P04224,69,Female,117.0,119.0,71,15,97.3,36.0,59.1,3.78,Yes,Yes,No,Multiple,Normal,9,High
P04225,26,Female,91.0,108.0,78,20,94.9,37.8,139.8,1.87,No,No,No,Diabetes,Normal,1,Low
P04226,71,Female,70.0,137.0,68,14,86.5,36.6,91.7,2.51,Yes,Yes,No,None,Abnormal,10,High
P04227,18,Male,51.0,117.0,64,23,95.4,37.9,97.0,0.5,No,No,No,None,Normal,1,Low
P04228,61,Female,106.0,127.0,52,24,98.1,37.3,93.3,2.29,No,No,No,Respiratory,Normal,4,Medium
P04229,26,Male,49.0,151.0,73,18,96.1,37.5,71.3,1.41,No,No,No,Hypertension,Abnormal,3,Low
P04230,49,Female,78.0,148.0,91,25,97.0,36.6,103.4,3.4,No,Yes,No,None,Normal,3,Low
P04231,32,Male,81.0,111.0,90,19,95.2,36.1,117.3,2.42,No,No,No,None,Normal,0,Low
P04232,29,Female,84.0,137.0,67,23,95.4,36.1,74.7,1.87,No,No,Yes,None,Abnormal,6,Medium
P04233,74,Female,86.0,97.0,81,33,96.5,35.6,128.3,1.36,No,No,No,None,Normal,7,Medium
P04234,25,Male,88.0,136.0,98,30,100.0,36.7,66.1,2.83,No,No,No,None,Normal,2,Low
P04235,89,Male,45.0,129.0,55,17,98.5,36.5,97.4,2.85,No,No,No,Diabetes,Normal,4,Medium
P04236,44,Female,85.0,134.0,76,19,98.1,37.8,129.6,1.15,No,Yes,No,Diabetes,Normal,2,Low
P04237,79,Male,45.0,118.0,82,13,96.6,36.2,114.5,2.74,Yes,No,No,Hypertension,Abnormal,7,Medium
P04238,29,Female,100.0,177.0,78,22,92.0,38.8,50.0,2.61,No,Yes,No,Hypertension,Normal,8,High
P04239,82,Male,74.0,102.0,91,20,99.7,36.2,50.0,2.02,No,No,No,None,Normal,4,Medium
P04240,59,Female,45.0,149.0,56,14,98.7,36.3,137.7,2.46,No,No,No,Respiratory,Normal,1,Low
P04241,79,Female,69.0,99.0,63,24,97.1,35.8,142.6,,No,No,No,None,Abnormal,8,High
P04242,28,Female,74.0,138.0,88,17,95.9,37.0,132.5,0.97,No,No,No,Hypertension,Normal,1,Low
P04243,60,Female,109.0,139.0,52,15,97.6,36.7,105.9,2.09,No,Yes,No,None,Abnormal,5,Medium
P04244,34,Female,89.0,126.0,90,20,95.3,36.9,105.1,1.7,No,No,Yes,Respiratory,Abnormal,6,Medium
P04245,49,Female,92.0,113.0,85,16,98.2,37.3,110.7,0.93,No,Yes,No,Multiple,Normal,3,Low
P04246,57,Female,109.0,129.0,89,18,93.5,37.8,138.4,1.17,Yes,Yes,No,None,Abnormal,7,Medium
P04247,40,Female,83.0,132.0,71,27,90.3,36.1,109.7,0.5,No,No,No,Multiple,Normal,5,Medium
P04248,73,Male,100.0,170.0,86,15,92.4,37.0,130.0,0.5,No,Yes,No,None,Abnormal,6,Medium
P04249,23,Male,99.0,103.0,60,21,96.4,37.7,167.6,1.34,Yes,No,No,Respiratory,Normal,2,Low
P04250,67,Male,59.0,111.0,72,15,95.1,36.1,76.3,2.69,Yes,Yes,No,Multiple,Normal,6,Medium
P04251,54,Female,114.0,132.0,79,13,95.6,39.2,107.6,0.77,Yes,No,No,Hypertension,Normal,4,Medium
P04252,81,Female,57.0,119.0,65,18,92.1,38.9,80.7,0.84,No,No,No,None,Normal,5,Medium
P04253,71,Female,103.0,122.0,81,31,96.9,36.9,99.3,3.33,No,Yes,No,None,Abnormal,9,High
P04254,89,Male,55.0,152.0,61,22,92.9,36.1,111.0,1.04,No,No,No,Respiratory,Normal,5,Medium
P04255,66,Male,97.0,70.0,82,20,,36.2,79.8,1.82,No,No,No,None,Normal,4,Medium
P04256,28,Male,122.0,110.0,104,15,91.8,37.2,50.0,2.2,No,Yes,No,Diabetes,Normal,8,High
P04257,66,Male,81.0,81.0,59,16,93.5,37.5,62.7,1.64,Yes,Yes,No,Respiratory,Abnormal,11,High
P04258,38,Male,80.0,95.0,78,11,93.1,35.5,132.7,1.76,Yes,Yes,No,Respiratory,Abnormal,10,High
P04259,83,Female,97.0,185.0,54,27,97.7,36.2,88.3,1.16,No,No,Yes,None,Normal,8,High
P04260,80,Male,78.0,140.0,66,19,94.6,37.1,106.3,1.28,No,No,Yes,Hypertension,Normal,6,Medium
P04261,45,Female,121.0,149.0,89,19,97.3,35.9,117.0,2.06,Yes,No,No,None,Abnormal,6,Medium
P04262,34,Female,89.0,123.0,72,19,99.4,36.8,151.3,0.84,No,No,Yes,Hypertension,Abnormal,6,Medium
P04263,23,Female,79.0,144.0,89,28,100.0,37.3,103.6,2.94,No,Yes,No,Diabetes,Normal,4,Medium
P04264,36,Male,74.0,81.0,83,19,96.7,36.9,124.9,0.5,No,Yes,No,Multiple,Normal,6,Medium
P04265,73,Male,66.0,151.0,77,17,92.7,36.4,69.7,1.97,No,No,No,Diabetes,Normal,4,Medium
P04266,45,Female,72.0,105.0,63,27,99.8,37.1,108.6,0.95,No,Yes,No,Hypertension,Abnormal,5,Medium
P04267,83,Male,78.0,112.0,88,17,100.0,37.4,75.9,2.18,No,Yes,No,Diabetes,Normal,4,Medium
P04268,55,Male,75.0,138.0,83,10,95.8,36.3,109.4,1.02,No,No,Yes,None,Normal,3,Low
P04269,54,Female,72.0,133.0,55,10,100.0,37.3,120.1,2.27,No,No,No,None,Normal,0,Low
P04270,85,Female,127.0,127.0,64,17,97.0,37.3,105.6,2.45,No,No,No,Hypertension,Normal,5,Medium
P04271,66,Female,64.0,91.0,40,19,91.0,37.4,98.1,2.52,No,Yes,No,Hypertension,Normal,8,High
P04272,60,Female,88.0,127.0,58,22,94.1,37.2,125.8,1.41,No,No,Yes,Diabetes,Abnormal,7,Medium
P04273,53,Female,97.0,149.0,73,13,94.5,37.1,98.9,3.01,No,Yes,No,Hypertension,Normal,3,Low
P04274,75,Male,98.0,112.0,62,17,94.9,36.9,98.4,1.84,No,No,Yes,Hypertension,Abnormal,8,High
P04275,30,Female,84.0,158.0,66,14,93.2,36.8,72.9,1.77,Yes,Yes,No,None,Abnormal,6,Medium
P04276,69,Male,80.0,103.0,99,24,93.1,37.6,135.2,2.24,No,No,No,None,Normal,4,Medium
P04277,75,Male,94.0,125.0,93,24,100.0,36.9,113.3,0.5,Yes,No,Yes,Respiratory,Normal,8,High
P04278,49,Female,90.0,163.0,68,28,90.8,37.4,95.8,1.62,No,No,No,Diabetes,Normal,4,Medium
P04279,77,Female,80.0,108.0,90,20,93.8,37.4,73.5,2.09,No,No,No,None,Normal,4,Medium
P04280,75,Male,54.0,151.0,96,27,97.9,36.2,208.5,1.33,No,No,No,None,Abnormal,5,Medium
P04281,73,Female,76.0,174.0,87,15,94.3,36.7,50.0,1.77,No,Yes,No,Hypertension,Normal,5,Medium
P04282,45,Male,62.0,129.0,82,19,97.2,37.0,84.7,3.14,Yes,No,No,Hypertension,Abnormal,5,Medium
P04283,18,Female,72.0,112.0,94,13,94.8,37.1,95.7,1.16,No,No,No,Hypertension,Normal,1,Low
P04284,59,Female,86.0,106.0,90,21,97.3,37.3,151.8,2.44,No,No,No,Respiratory,Normal,1,Low
P04285,65,Male,92.0,158.0,60,19,92.9,37.1,102.4,1.3,No,No,No,None,Normal,3,Low
P04286,57,Male,121.0,157.0,75,8,90.4,37.0,122.3,1.87,No,No,No,None,Normal,4,Medium
P04287,80,Female,74.0,161.0,70,24,94.8,36.7,97.4,2.23,No,No,No,Hypertension,Abnormal,6,Medium
P04288,89,Female,100.0,124.0,95,22,90.6,37.8,188.7,2.46,No,Yes,No,None,Abnormal,7,Medium
P04289,21,Female,91.0,151.0,69,15,95.8,37.3,130.8,2.1,No,No,No,None,Normal,0,Low
P04290,55,Male,111.0,124.0,67,19,92.6,36.9,,2.4,No,No,No,Hypertension,Normal,4,Medium
P04291,44,Female,97.0,103.0,93,11,92.6,36.7,143.1,1.66,Yes,No,No,Hypertension,Normal,4,Medium
P04292,26,Female,,153.0,82,14,100.0,37.2,105.1,1.46,No,No,No,Respiratory,Normal,1,Low
P04293,33,Female,51.0,166.0,110,26,96.8,37.0,188.1,2.63,Yes,No,No,Cardiac,Abnormal,6,Medium
P04294,73,Female,91.0,99.0,65,12,91.4,35.8,169.1,0.5,No,Yes,No,Diabetes,Normal,8,High
P04295,48,Male,74.0,99.0,70,18,95.9,36.2,126.8,1.48,No,No,No,None,Normal,2,Low
P04296,31,Male,65.0,126.0,95,11,95.6,38.0,105.5,1.6,No,No,No,Multiple,Normal,2,Low
P04297,42,Male,60.0,149.0,59,20,89.8,37.3,89.6,1.94,Yes,No,No,Hypertension,Abnormal,8,High
P04298,51,Female,88.0,97.0,98,21,97.0,36.5,150.3,2.52,No,No,No,Multiple,Normal,5,Medium
P04299,84,Female,115.0,131.0,60,22,98.9,36.7,173.1,1.97,No,Yes,No,Hypertension,Normal,5,Medium
P04300,41,Female,77.0,110.0,87,20,94.7,36.3,103.3,1.63,No,No,No,None,Normal,0,Low
P04301,90,Male,97.0,143.0,50,25,95.1,36.6,133.0,2.47,No,Yes,No,Hypertension,Normal,5,Medium
P04302,43,Male,83.0,105.0,79,15,94.3,37.8,135.2,2.03,Yes,No,No,Multiple,Abnormal,5,Medium
P04303,37,Male,59.0,144.0,57,13,97.2,36.9,150.6,1.9,Yes,No,No,Hypertension,Normal,2,Low
P04304,81,Male,100.0,121.0,107,15,95.3,37.7,83.9,3.08,No,No,No,Diabetes,Normal,4,Medium
P04305,27,Female,63.0,102.0,62,11,95.4,38.3,132.8,2.58,No,Yes,No,None,Abnormal,4,Medium
P04306,84,Male,85.0,127.0,66,18,93.6,36.7,204.8,3.92,Yes,No,No,Cardiac,Normal,7,Medium
P04307,41,Male,78.0,77.0,86,17,100.0,36.0,118.8,0.5,No,No,No,None,Abnormal,5,Medium
P04308,22,Female,103.0,111.0,69,20,95.2,37.3,133.1,2.84,No,No,No,Diabetes,Normal,3,Low
P04309,84,Male,64.0,133.0,88,10,98.1,36.3,130.2,2.99,Yes,No,No,Hypertension,Normal,5,Medium
P04310,75,Female,93.0,81.0,67,18,96.8,37.0,137.1,1.25,No,No,No,Diabetes,Normal,6,Medium
P04311,44,Female,68.0,70.0,66,24,88.3,37.1,68.7,1.71,No,No,No,Hypertension,Abnormal,11,High
P04312,32,Female,75.0,70.0,78,21,94.9,38.5,196.9,1.87,No,Yes,Yes,None,Normal,7,Medium
P04313,52,Female,45.0,158.0,60,9,92.5,37.3,119.0,1.44,Yes,No,No,Respiratory,Abnormal,6,Medium
P04314,70,Female,127.0,123.0,84,18,98.9,36.6,136.8,1.53,Yes,No,No,None,Normal,4,Medium
P04315,61,Male,96.0,112.0,91,14,92.2,37.5,118.5,4.44,Yes,Yes,No,None,Abnormal,10,High
P04316,43,Male,70.0,149.0,86,18,97.5,37.7,152.7,1.8,No,No,No,None,Normal,0,Low
P04317,64,Female,63.0,115.0,88,16,99.0,38.0,94.9,2.27,No,No,No,Cardiac,Normal,2,Low
P04318,51,Male,75.0,132.0,49,27,96.8,36.3,62.7,2.1,No,Yes,No,Multiple,Abnormal,6,Medium
P04319,67,Female,99.0,126.0,71,18,96.0,38.0,110.3,1.87,No,No,No,None,Normal,1,Low
P04320,29,Male,47.0,113.0,75,20,94.8,38.8,134.2,0.9,No,No,No,None,Normal,1,Low
P04321,21,Male,82.0,132.0,100,18,95.6,38.0,101.1,2.57,No,No,No,Diabetes,Normal,2,Low
P04322,65,Male,120.0,144.0,69,20,92.0,38.2,88.1,1.76,Yes,No,Yes,None,Normal,8,High
P04323,72,Male,,120.0,43,17,96.5,36.7,128.9,,Yes,No,No,Hypertension,Normal,3,Low
P04324,18,Male,87.0,113.0,63,22,99.2,38.4,77.9,1.93,No,No,No,None,Normal,0,Low
P04325,83,Male,129.0,116.0,68,16,93.4,36.6,154.2,2.05,No,No,No,Hypertension,Normal,7,Medium
P04326,47,Male,98.0,70.0,46,25,96.1,37.0,102.5,2.73,Yes,No,Yes,Hypertension,Normal,10,High
P04327,20,Female,88.0,132.0,93,20,95.7,36.6,134.9,0.72,No,Yes,No,None,Normal,1,Low
P04328,38,Female,95.0,95.0,54,17,96.9,36.5,68.6,1.71,No,No,No,Diabetes,Normal,3,Low
P04329,66,Female,77.0,141.0,85,22,94.4,37.0,169.1,1.26,No,No,Yes,Multiple,Abnormal,8,High
P04330,79,Male,111.0,123.0,62,20,91.5,36.1,133.8,1.13,No,No,No,None,Normal,5,Medium
P04331,55,Male,77.0,128.0,101,22,,36.5,139.5,1.98,Yes,No,No,Multiple,Normal,5,Medium
P04332,32,Female,46.0,143.0,74,18,89.0,36.2,63.4,1.44,Yes,No,No,Cardiac,Normal,6,Medium
P04333,69,Female,77.0,102.0,71,17,98.3,38.2,85.0,2.2,No,No,No,None,Normal,1,Low
P04334,63,Male,66.0,134.0,86,19,97.2,38.3,123.0,1.09,No,No,No,None,Normal,1,Low
P04335,42,Female,79.0,132.0,63,15,96.0,39.0,71.7,1.69,No,No,No,Diabetes,Abnormal,4,Medium
P04336,38,Female,80.0,120.0,87,23,93.9,36.9,89.9,2.03,No,Yes,No,Hypertension,Abnormal,7,Medium
P04337,22,Female,109.0,,71,25,95.5,37.0,145.2,2.13,No,Yes,No,None,Normal,3,Low
P04338,87,Female,99.0,140.0,69,21,95.9,37.6,90.8,1.95,No,No,Yes,None,Normal,5,Medium
P04339,64,Male,90.0,143.0,77,25,94.4,36.0,,1.77,No,No,Yes,None,Normal,5,Medium
P04340,85,Female,85.0,128.0,62,24,94.6,36.2,81.9,1.34,Yes,No,No,Cardiac,Abnormal,7,Medium
P04341,35,Female,64.0,98.0,75,17,99.9,35.7,139.0,3.07,Yes,No,No,Cardiac,Normal,6,Medium
P04342,38,Female,45.0,112.0,83,22,92.2,37.7,70.2,1.97,No,Yes,No,Hypertension,Normal,4,Medium
P04343,40,Female,87.0,123.0,43,12,99.0,36.3,138.8,0.89,No,Yes,No,Cardiac,Normal,2,Low
P04344,81,Male,,142.0,94,19,91.2,37.8,201.5,0.5,No,No,No,None,Normal,5,Medium
P04345,84,Female,83.0,85.0,90,12,100.0,36.6,93.6,2.76,No,No,No,None,Normal,6,Medium
P04346,57,Female,74.0,111.0,50,17,88.8,37.0,88.5,0.77,No,No,No,None,Normal,4,Medium
P04347,27,Female,94.0,115.0,48,11,97.4,36.9,160.6,1.95,Yes,No,No,None,Normal,1,Low
P04348,69,Female,83.0,123.0,91,23,94.0,37.2,117.6,0.84,Yes,No,No,Diabetes,Abnormal,6,Medium
P04349,89,Female,119.0,92.0,89,16,95.5,36.6,68.2,1.91,No,Yes,No,Multiple,Abnormal,10,High
P04350,78,Male,110.0,120.0,87,23,95.6,37.8,128.6,2.05,No,No,No,Diabetes,Abnormal,7,Medium
P04351,81,Female,104.0,117.0,57,18,97.8,36.9,123.7,2.44,No,No,No,Diabetes,Normal,4,Medium
P04352,22,Female,100.0,,105,9,90.1,37.3,89.7,1.73,No,No,Yes,Diabetes,Abnormal,10,High
P04353,70,Male,,122.0,67,16,95.9,37.1,88.2,1.73,No,No,No,Cardiac,Normal,2,Low
P04354,72,Female,98.0,111.0,82,15,96.6,36.2,149.7,0.95,No,No,No,None,Abnormal,3,Low
P04355,54,Male,93.0,137.0,82,18,94.0,38.1,75.5,,No,Yes,No,Diabetes,Abnormal,4,Medium
P04356,73,Female,97.0,103.0,102,26,95.7,36.5,60.2,1.83,Yes,Yes,No,Respiratory,Abnormal,7,Medium
P04357,76,Male,95.0,127.0,80,26,94.0,37.6,84.0,1.83,Yes,Yes,Yes,Respiratory,Abnormal,11,High
P04358,86,Male,94.0,105.0,84,17,97.7,37.6,149.6,1.67,Yes,No,No,Cardiac,Normal,4,Medium
P04359,90,Female,139.0,110.0,77,12,97.1,35.8,104.5,0.94,Yes,No,No,Diabetes,Normal,7,Medium
P04360,76,Male,83.0,132.0,60,14,96.7,36.9,92.4,0.76,No,No,No,None,Normal,2,Low
P04361,19,Female,104.0,131.0,43,20,98.0,37.5,112.3,3.01,No,Yes,No,None,Normal,3,Low
P04362,82,Male,76.0,115.0,78,17,99.7,36.8,134.5,2.27,No,No,No,Diabetes,Normal,3,Low
P04363,77,Male,101.0,118.0,57,10,93.0,36.9,176.4,3.69,No,Yes,No,Respiratory,Normal,8,High
P04364,68,Female,104.0,89.0,83,15,100.0,37.2,129.0,2.12,Yes,No,No,None,Normal,6,Medium
P04365,47,Male,92.0,160.0,80,25,97.2,36.7,193.4,2.33,No,No,No,Hypertension,Normal,2,Low
P04366,28,Female,118.0,142.0,80,19,94.5,37.3,144.3,1.08,Yes,Yes,No,None,Normal,3,Low
P04367,56,Male,67.0,141.0,62,18,100.0,37.0,103.1,2.97,No,Yes,No,Diabetes,Normal,3,Low
P04368,89,Male,75.0,85.0,94,16,94.8,36.8,150.6,0.5,Yes,Yes,No,None,Normal,7,Medium
P04369,80,Female,89.0,110.0,85,16,92.4,36.2,140.5,2.32,Yes,No,No,Cardiac,Abnormal,8,High
P04370,81,Female,103.0,117.0,60,21,94.5,37.3,161.5,1.89,Yes,No,No,None,Abnormal,6,Medium
P04371,78,Male,89.0,77.0,109,19,94.3,35.1,144.5,2.97,Yes,No,No,Multiple,Abnormal,12,High
P04372,71,Female,111.0,147.0,75,22,99.3,37.2,119.6,1.7,No,No,No,Diabetes,Normal,3,Low
P04373,90,Female,72.0,161.0,58,21,95.7,37.0,95.8,1.83,Yes,No,No,None,Abnormal,5,Medium
P04374,75,Male,62.0,177.0,67,18,96.3,36.3,120.4,,No,No,No,Hypertension,Normal,3,Low
P04375,73,Male,91.0,99.0,55,20,96.2,35.9,55.7,0.5,No,No,No,Multiple,Normal,8,High
P04376,51,Female,83.0,128.0,98,15,99.5,37.3,108.5,2.1,No,No,Yes,Multiple,Normal,5,Medium
P04377,48,Male,96.0,158.0,94,18,95.0,36.8,67.8,2.71,No,No,No,Multiple,Normal,3,Low
P04378,69,Female,84.0,119.0,89,25,95.4,37.1,133.3,2.03,No,No,No,None,Normal,2,Low
P04379,18,Female,,111.0,86,18,93.9,35.5,148.4,1.69,No,No,No,None,Normal,3,Low
P04380,72,Female,84.0,78.0,97,17,94.7,37.4,127.6,2.05,No,No,No,None,Abnormal,6,Medium
P04381,39,Female,86.0,153.0,74,19,97.6,37.8,108.5,1.96,No,No,No,None,Normal,0,Low
P04382,57,Female,79.0,125.0,84,12,98.2,36.9,103.6,2.33,No,No,Yes,None,Abnormal,5,Medium
P04383,18,Female,81.0,107.0,66,19,100.0,36.3,163.0,1.03,No,No,No,None,Normal,0,Low
P04384,82,Male,77.0,132.0,76,26,95.7,37.3,154.5,2.0,No,Yes,Yes,None,Normal,7,Medium
P04385,80,Female,102.0,129.0,85,14,95.2,36.8,72.5,0.99,No,No,Yes,Diabetes,Normal,7,Medium
P04386,71,Male,89.0,129.0,40,19,97.2,37.7,125.2,2.68,No,No,Yes,None,Normal,5,Medium
P04387,59,Female,130.0,120.0,69,18,94.6,37.0,128.0,0.92,No,Yes,No,Diabetes,Abnormal,6,Medium
P04388,38,Male,88.0,166.0,80,18,94.1,35.3,106.8,1.62,Yes,No,No,Respiratory,Normal,3,Low
P04389,39,Male,74.0,122.0,77,18,97.0,35.1,60.4,2.28,Yes,No,No,Respiratory,Normal,3,Low
P04390,55,Male,138.0,165.0,71,22,94.8,36.4,50.0,0.74,No,No,No,Multiple,Normal,6,Medium
P04391,25,Female,93.0,139.0,87,13,95.1,37.4,121.9,1.15,Yes,No,No,Respiratory,Normal,2,Low
P04392,79,Male,105.0,134.0,67,21,97.8,36.6,50.0,3.59,No,No,No,Respiratory,Normal,7,Medium
P04393,64,Male,97.0,122.0,60,18,96.9,37.4,94.1,2.55,No,Yes,No,Cardiac,Normal,4,Medium
P04394,34,Female,97.0,149.0,96,9,100.0,36.5,142.4,2.07,No,No,No,None,Normal,0,Low
P04395,34,Male,96.0,128.0,94,20,98.8,38.7,131.6,2.32,No,No,No,Multiple,Abnormal,5,Medium
P04396,30,Male,63.0,102.0,69,19,93.7,36.8,,0.5,Yes,No,No,None,Abnormal,5,Medium
P04397,34,Female,92.0,101.0,77,14,94.8,37.2,150.8,2.3,Yes,No,No,Hypertension,Normal,2,Low
P04398,55,Male,59.0,136.0,91,19,91.9,36.2,136.0,3.36,Yes,No,No,None,Abnormal,6,Medium
P04399,62,Male,82.0,102.0,79,11,93.1,36.7,95.5,1.4,Yes,No,No,None,Normal,4,Medium
P04400,23,Female,70.0,123.0,86,15,99.8,37.4,175.8,3.26,No,No,No,None,Normal,1,Low
P04401,52,Male,92.0,151.0,85,18,95.2,37.0,134.5,1.43,Yes,Yes,No,None,Abnormal,4,Medium
P04402,31,Male,92.0,133.0,73,10,91.8,34.8,83.8,1.9,No,No,No,Diabetes,Normal,5,Medium
P04403,89,Male,95.0,107.0,86,12,90.2,37.4,50.0,0.73,Yes,No,No,None,Abnormal,9,High
P04404,78,Male,91.0,160.0,64,13,91.6,37.5,124.0,2.15,No,Yes,No,Hypertension,Normal,6,Medium
P04405,32,Female,73.0,139.0,84,18,93.6,37.6,94.8,1.92,No,No,No,Respiratory,Normal,3,Low
P04406,71,Female,80.0,150.0,77,20,96.0,37.9,115.8,1.62,No,Yes,No,Cardiac,Abnormal,5,Medium
P04407,44,Female,103.0,70.0,73,14,94.8,37.1,105.5,1.11,No,No,No,Respiratory,Normal,5,Medium
P04408,30,Female,106.0,133.0,59,13,98.1,38.9,50.0,1.98,Yes,Yes,No,Multiple,Normal,8,High
P04409,48,Male,62.0,146.0,80,19,93.2,37.2,103.3,1.3,No,No,No,Multiple,Abnormal,6,Medium
P04410,52,Female,54.0,168.0,79,19,99.7,35.2,70.9,2.69,No,No,No,Diabetes,Abnormal,5,Medium
P04411,77,Female,70.0,88.0,65,14,95.6,37.2,94.7,2.01,No,Yes,No,Hypertension,Normal,7,Medium
P04412,23,Male,106.0,155.0,54,27,97.4,37.9,91.8,1.41,No,Yes,No,Diabetes,Normal,4,Medium
P04413,86,Male,109.0,166.0,53,19,94.4,35.9,117.6,2.6,No,Yes,No,Hypertension,Normal,7,Medium
P04414,75,Male,67.0,75.0,74,17,99.1,36.8,127.0,1.46,No,No,No,None,Normal,5,Medium
P04415,66,Female,91.0,137.0,83,16,92.0,38.0,133.5,2.58,Yes,No,No,Cardiac,Abnormal,8,High
P04416,40,Male,122.0,140.0,106,23,92.3,36.5,50.0,1.89,No,No,No,None,Normal,7,Medium
P04417,51,Male,93.0,117.0,77,21,93.1,36.8,171.8,0.5,No,No,No,Multiple,Normal,4,Medium
P04418,43,Male,113.0,113.0,54,9,99.5,37.6,50.0,2.27,No,No,No,None,Normal,3,Low
P04419,64,Female,105.0,142.0,75,15,95.3,36.0,114.5,1.76,No,Yes,No,Cardiac,Normal,4,Medium
P04420,22,Female,67.0,110.0,97,16,93.2,37.0,81.9,2.24,Yes,No,No,Diabetes,Normal,4,Medium
P04421,37,Female,81.0,120.0,68,18,95.4,36.2,126.8,1.97,No,No,No,Hypertension,Normal,1,Low
P04422,23,Female,86.0,145.0,95,21,96.5,36.8,50.0,1.98,Yes,Yes,No,None,Normal,4,Medium
P04423,87,Female,87.0,169.0,81,13,92.8,37.2,177.0,1.83,No,No,No,None,Normal,4,Medium
P04424,76,Female,103.0,138.0,88,18,96.5,37.8,100.6,4.11,No,No,No,Multiple,Normal,8,High
P04425,81,Female,93.0,128.0,106,26,95.6,37.2,135.0,2.22,No,No,No,Hypertension,Normal,4,Medium
P04426,35,Male,45.0,112.0,50,18,94.5,36.5,83.0,0.5,Yes,No,No,None,Abnormal,3,Low
P04427,21,Male,59.0,100.0,91,15,92.2,38.0,181.4,0.59,Yes,No,No,Hypertension,Normal,4,Medium
P04428,34,Male,45.0,153.0,77,11,98.7,37.5,60.1,2.15,No,Yes,No,None,Normal,1,Low
P04429,31,Female,89.0,121.0,64,16,94.6,35.4,50.0,1.34,Yes,No,No,None,Abnormal,6,Medium
P04430,30,Female,90.0,154.0,76,13,87.2,37.7,169.5,2.66,No,Yes,No,Respiratory,Abnormal,9,High
P04431,24,Male,91.0,117.0,103,16,97.1,37.1,68.0,2.06,Yes,No,No,Multiple,Abnormal,5,Medium
P04432,61,Male,66.0,109.0,98,21,97.1,37.0,112.2,2.1,No,Yes,No,Multiple,Normal,4,Medium
P04433,32,Female,98.0,136.0,48,18,98.8,38.0,177.3,1.06,No,Yes,No,Respiratory,Abnormal,4,Medium
P04434,36,Female,99.0,123.0,66,16,97.2,36.8,98.8,2.26,No,Yes,Yes,Cardiac,Abnormal,7,Medium
P04435,80,Female,60.0,95.0,92,9,96.4,37.7,125.4,1.94,No,No,No,None,Normal,4,Medium
P04436,52,Female,56.0,170.0,78,22,94.5,38.0,147.6,1.05,No,No,Yes,None,Normal,3,Low
P04437,52,Female,85.0,109.0,78,16,94.5,37.0,116.2,1.05,No,No,No,None,Normal,0,Low
P04438,36,Female,121.0,148.0,54,19,98.0,37.4,167.0,3.12,Yes,Yes,No,Diabetes,Abnormal,8,High
P04439,37,Female,119.0,146.0,67,13,95.5,37.6,143.2,2.25,No,No,No,Diabetes,Abnormal,4,Medium
P04440,52,Female,96.0,94.0,58,16,91.7,37.4,79.2,1.49,Yes,Yes,No,Hypertension,Normal,7,Medium
P04441,49,Male,70.0,100.0,53,15,95.0,37.7,144.3,1.36,Yes,No,No,None,Normal,1,Low
P04442,65,Female,103.0,117.0,59,11,95.8,36.2,113.6,1.81,No,No,No,None,Normal,2,Low
P04443,61,Female,76.0,103.0,64,13,90.0,36.5,113.8,2.03,No,Yes,Yes,None,Normal,7,Medium
P04444,41,Female,70.0,168.0,67,18,98.2,36.0,128.3,0.72,Yes,No,No,None,Abnormal,3,Low
P04445,78,Male,45.0,,65,19,96.0,38.3,151.8,1.7,Yes,Yes,No,Respiratory,Normal,5,Medium
P04446,34,Male,87.0,147.0,93,15,91.9,35.7,76.5,0.5,Yes,Yes,No,None,Abnormal,7,Medium
P04447,88,Female,72.0,138.0,64,12,95.1,38.1,167.2,1.78,No,Yes,No,Cardiac,Normal,4,Medium
P04448,67,Male,87.0,132.0,99,16,95.7,37.4,164.8,2.97,No,No,No,None,Normal,2,Low
P04449,82,Male,45.0,126.0,71,22,98.8,36.3,89.7,0.76,No,No,No,Diabetes,Normal,3,Low
P04450,49,Male,88.0,156.0,85,13,98.8,36.0,185.3,1.69,Yes,Yes,No,None,Normal,2,Low
P04451,53,Female,45.0,104.0,85,18,99.2,37.0,108.1,1.63,No,Yes,No,Hypertension,Normal,2,Low
P04452,30,Female,107.0,168.0,65,15,97.1,36.8,137.7,0.9,No,Yes,No,None,Normal,2,Low
P04453,87,Female,95.0,93.0,73,24,,37.3,96.5,1.44,No,No,Yes,Hypertension,Abnormal,11,High
P04454,75,Female,79.0,145.0,70,15,93.3,35.2,147.8,0.74,No,No,No,Hypertension,Normal,6,Medium
P04455,31,Female,96.0,90.0,84,21,93.9,36.8,97.2,1.03,Yes,No,No,Diabetes,Normal,6,Medium
P04456,54,Female,65.0,117.0,76,23,95.8,36.3,121.4,1.93,No,No,No,Diabetes,Abnormal,4,Medium
P04457,85,Female,86.0,127.0,67,26,95.9,38.0,50.0,2.11,No,No,No,None,Normal,5,Medium
P04458,57,Male,101.0,113.0,80,11,99.1,37.3,96.1,1.54,No,No,No,Respiratory,Normal,2,Low
P04459,76,Female,45.0,,83,11,95.2,36.6,92.4,2.87,No,Yes,No,Hypertension,Normal,5,Medium
P04460,33,Female,76.0,90.0,106,24,89.9,38.1,50.0,2.39,No,No,No,None,Normal,9,High
P04461,79,Female,85.0,100.0,79,23,92.4,36.7,145.7,3.37,No,No,No,Multiple,Normal,8,High
P04462,21,Female,81.0,,78,15,93.1,36.9,99.6,1.71,Yes,No,No,Hypertension,Normal,4,Medium
P04463,62,Female,114.0,126.0,84,8,93.1,37.2,50.0,0.96,No,No,No,None,Abnormal,8,High
P04464,45,Female,63.0,108.0,64,18,87.6,37.7,139.1,1.65,No,No,No,None,Normal,4,Medium
P04465,83,Female,73.0,158.0,52,10,100.0,37.0,158.6,3.41,No,No,No,None,Normal,3,Low
P04466,48,Female,47.0,95.0,73,14,89.5,38.1,109.6,1.0,No,Yes,No,None,Normal,7,Medium
P04467,20,Male,115.0,116.0,94,19,94.3,36.7,54.6,2.48,No,Yes,No,None,Abnormal,6,Medium
P04468,25,Male,80.0,112.0,97,20,98.0,36.2,50.0,0.98,No,No,No,Cardiac,Normal,3,Low
P04469,41,Female,76.0,140.0,50,26,97.8,38.3,66.0,1.51,Yes,No,No,Hypertension,Normal,3,Low
P04470,32,Female,84.0,126.0,88,16,91.6,36.7,81.8,1.4,Yes,Yes,No,None,Normal,4,Medium
P04471,60,Male,98.0,122.0,45,13,99.6,37.5,183.4,1.07,Yes,Yes,No,Multiple,Normal,5,Medium
P04472,48,Female,92.0,79.0,85,23,99.2,37.6,106.8,2.42,Yes,No,Yes,None,Normal,8,High
P04473,90,Female,138.0,147.0,84,20,95.5,38.7,64.1,2.95,No,No,No,Cardiac,Abnormal,9,High
P04474,62,Male,94.0,120.0,52,16,,36.8,90.4,2.52,No,Yes,No,Hypertension,Abnormal,6,Medium
P04475,83,Female,76.0,128.0,93,18,93.3,37.4,157.8,1.82,No,No,No,Hypertension,Abnormal,7,Medium
P04476,25,Female,74.0,106.0,104,16,96.8,36.4,137.2,0.61,Yes,Yes,No,Hypertension,Normal,3,Low
P04477,88,Female,77.0,102.0,77,21,96.7,36.6,116.9,1.9,No,No,No,Diabetes,Normal,3,Low
P04478,74,Male,55.0,162.0,80,26,94.5,36.4,108.3,2.3,Yes,No,No,Multiple,Abnormal,7,Medium
P04479,47,Male,86.0,81.0,100,14,97.9,37.7,115.1,1.73,No,Yes,No,Hypertension,Abnormal,7,Medium
P04480,35,Female,101.0,99.0,61,20,97.0,37.7,121.2,2.86,Yes,No,No,Diabetes,Normal,6,Medium
P04481,86,Male,73.0,162.0,61,10,100.0,37.3,107.2,1.64,No,No,No,Respiratory,Normal,3,Low
P04482,56,Male,69.0,141.0,65,13,93.3,36.4,119.1,1.32,No,No,No,Multiple,Normal,4,Medium
P04483,77,Male,115.0,117.0,79,21,100.0,36.5,103.0,2.59,No,No,No,Cardiac,Abnormal,7,Medium
P04484,60,Female,56.0,156.0,79,18,93.4,36.4,80.8,2.49,Yes,No,No,Hypertension,Abnormal,7,Medium
P04485,62,Male,45.0,136.0,70,12,97.6,37.3,104.5,3.0,Yes,No,No,None,Normal,3,Low
P04486,40,Male,62.0,131.0,73,18,88.2,35.7,,2.22,No,No,No,Multiple,Normal,7,Medium
P04487,86,Male,54.0,131.0,70,22,94.5,36.7,85.9,1.16,Yes,No,No,Respiratory,Normal,4,Medium
P04488,23,Female,,137.0,71,11,97.4,35.9,131.8,,Yes,No,No,Multiple,Normal,4,Medium
P04489,73,Male,78.0,138.0,66,27,96.7,37.4,148.2,0.5,No,No,No,None,Normal,2,Low
P04490,21,Male,81.0,180.0,67,21,90.0,36.2,128.6,1.34,No,No,No,Multiple,Normal,4,Medium
P04491,40,Female,108.0,120.0,48,21,94.8,38.6,92.5,2.86,No,No,No,Multiple,Normal,5,Medium
P04492,23,Male,71.0,121.0,75,18,100.0,37.8,118.8,2.78,No,No,No,Diabetes,Normal,2,Low
P04493,49,Male,101.0,94.0,49,27,99.1,36.9,121.1,1.48,No,No,No,None,Normal,4,Medium
P04494,35,Male,115.0,124.0,89,23,98.9,37.3,123.0,2.45,Yes,No,No,Hypertension,Abnormal,6,Medium
P04495,32,Female,76.0,,70,16,100.0,37.4,,0.7,Yes,No,No,Hypertension,Abnormal,4,Medium
P04496,57,Female,100.0,150.0,76,22,90.8,36.2,68.7,2.79,No,No,No,Hypertension,Abnormal,6,Medium
P04497,90,Male,80.0,111.0,72,14,94.8,38.0,123.3,1.58,Yes,No,No,None,Normal,3,Low
P04498,23,Male,103.0,126.0,74,17,96.1,36.9,99.0,2.32,Yes,No,No,None,Normal,2,Low
P04499,80,Male,54.0,93.0,97,25,93.8,36.4,65.2,2.23,Yes,No,No,Hypertension,Normal,9,High
P04500,84,Male,52.0,101.0,58,20,,37.4,64.7,2.17,Yes,No,No,None,Normal,3,Low
P04501,28,Male,77.0,129.0,54,21,99.9,36.1,150.1,0.84,No,No,No,None,Normal,0,Low
P04502,60,Male,67.0,113.0,80,24,96.3,37.5,58.8,1.33,No,No,No,None,Abnormal,6,Medium
P04503,34,Female,75.0,99.0,71,21,89.4,37.3,126.9,2.64,No,No,No,Respiratory,Abnormal,10,High
P04504,21,Male,81.0,137.0,83,14,98.0,36.5,120.3,2.21,Yes,No,No,Respiratory,Normal,2,Low
P04505,80,Male,99.0,123.0,89,26,96.0,37.8,80.7,0.94,Yes,No,No,Cardiac,Normal,5,Medium
P04506,85,Male,77.0,86.0,61,21,89.5,37.6,148.4,2.1,Yes,No,No,None,Abnormal,12,High
P04507,58,Female,69.0,73.0,87,21,94.2,36.7,67.7,0.96,No,No,No,None,Normal,3,Low
P04508,22,Male,78.0,111.0,63,18,90.8,37.4,93.0,0.79,No,Yes,No,None,Abnormal,5,Medium
P04509,49,Female,70.0,85.0,79,24,95.1,35.9,71.3,1.3,No,No,No,Multiple,Normal,7,Medium
P04510,87,Male,66.0,78.0,59,28,94.5,37.4,145.6,1.72,Yes,No,No,None,Abnormal,9,High
P04511,52,Male,53.0,153.0,80,16,91.4,35.8,162.3,0.84,No,No,No,Multiple,Normal,5,Medium
P04512,39,Male,86.0,123.0,78,23,96.8,37.1,124.9,2.51,No,No,Yes,Hypertension,Normal,6,Medium
P04513,82,Male,74.0,118.0,61,18,92.8,37.6,216.6,1.23,Yes,No,No,None,Abnormal,7,Medium
P04514,39,Male,104.0,120.0,58,8,100.0,37.3,132.8,1.77,No,No,No,Diabetes,Abnormal,4,Medium
P04515,28,Male,56.0,97.0,89,11,96.5,38.2,140.3,2.16,No,No,No,Respiratory,Normal,3,Low
P04516,20,Female,74.0,135.0,71,20,95.2,36.4,155.3,3.28,No,No,No,None,Normal,1,Low
P04517,26,Male,121.0,122.0,93,23,99.8,37.3,88.1,2.27,No,Yes,No,Hypertension,Abnormal,7,Medium
P04518,77,Male,66.0,106.0,70,21,,35.3,131.3,1.56,No,No,Yes,None,Abnormal,8,High
P04519,31,Male,80.0,110.0,98,22,97.0,36.6,76.3,1.01,No,No,No,None,Normal,0,Low
P04520,35,Female,61.0,94.0,64,31,95.8,36.8,62.3,0.8,No,No,No,Hypertension,Normal,6,Medium
P04521,90,Male,58.0,115.0,100,21,95.1,38.3,158.7,1.01,No,No,No,Respiratory,Abnormal,5,Medium
P04522,40,Female,116.0,119.0,81,17,97.2,37.0,81.0,1.68,No,No,No,Cardiac,Normal,2,Low
P04523,64,Male,88.0,114.0,84,17,100.0,37.7,122.3,2.76,No,No,No,None,Normal,2,Low
P04524,86,Male,88.0,126.0,63,26,85.7,36.3,180.3,1.7,Yes,Yes,No,None,Normal,9,High
P04525,64,Female,51.0,123.0,89,12,100.0,36.7,50.0,1.35,No,No,Yes,None,Abnormal,8,High
P04526,47,Female,92.0,131.0,89,24,93.0,36.3,141.0,1.89,Yes,No,No,Respiratory,Normal,5,Medium
P04527,42,Male,108.0,149.0,73,18,96.6,36.2,114.1,3.12,Yes,No,No,Diabetes,Normal,4,Medium
P04528,45,Female,108.0,140.0,46,14,90.8,36.3,112.2,1.2,No,Yes,No,Diabetes,Normal,5,Medium
P04529,42,Female,98.0,149.0,61,11,100.0,36.5,117.4,2.17,No,No,No,Respiratory,Abnormal,3,Low
P04530,75,Male,62.0,104.0,61,25,91.9,38.6,115.7,1.51,Yes,Yes,No,Multiple,Normal,10,High
P04531,58,Male,91.0,112.0,85,14,99.4,37.0,135.9,1.96,No,Yes,No,None,Abnormal,3,Low
P04532,42,Male,98.0,141.0,71,18,95.3,35.9,72.9,2.31,No,No,No,Multiple,Normal,3,Low
P04533,65,Female,49.0,142.0,71,13,95.5,36.6,135.1,2.9,No,No,No,Hypertension,Abnormal,5,Medium
P04534,27,Male,63.0,108.0,70,28,92.2,37.8,69.9,1.76,Yes,No,No,None,Normal,4,Medium
P04535,28,Male,103.0,140.0,100,18,99.7,36.4,199.2,2.71,Yes,Yes,No,Diabetes,Normal,5,Medium
P04536,38,Female,103.0,101.0,79,11,95.6,38.2,110.8,2.12,No,Yes,No,Hypertension,Abnormal,5,Medium
P04537,62,Female,54.0,137.0,81,16,98.2,37.8,122.2,0.76,No,No,No,Respiratory,Normal,2,Low
P04538,24,Male,101.0,124.0,69,25,89.8,36.8,185.8,1.64,Yes,No,No,Cardiac,Normal,8,High
P04539,81,Female,87.0,90.0,78,13,93.3,36.5,84.0,3.66,Yes,Yes,No,None,Normal,9,High
P04540,81,Female,101.0,114.0,63,16,96.8,36.2,114.6,1.71,No,No,No,Diabetes,Normal,4,Medium
P04541,19,Female,72.0,180.0,83,24,91.3,37.2,58.6,1.55,No,No,Yes,None,Normal,8,High
P04542,59,Male,98.0,130.0,61,20,97.1,37.3,76.2,1.55,Yes,No,No,Respiratory,Normal,2,Low
P04543,71,Male,102.0,183.0,89,12,94.0,38.1,58.0,1.43,Yes,No,Yes,None,Abnormal,12,High
P04544,33,Male,78.0,89.0,67,19,93.7,37.3,146.9,0.7,No,No,No,None,Normal,5,Medium
P04545,35,Female,85.0,144.0,92,17,97.5,36.7,137.8,0.5,No,Yes,No,Cardiac,Normal,2,Low
P04546,76,Male,72.0,70.0,107,18,96.5,38.1,97.5,1.18,No,Yes,Yes,None,Normal,9,High
P04547,33,Male,118.0,125.0,78,23,92.6,37.7,,1.52,No,No,No,Cardiac,Normal,5,Medium
P04548,23,Female,83.0,141.0,98,19,99.4,36.4,153.8,2.24,Yes,Yes,No,Hypertension,Abnormal,5,Medium
P04549,74,Female,67.0,146.0,89,18,97.5,36.9,114.8,1.5,No,No,No,Diabetes,Normal,2,Low
P04550,64,Male,71.0,105.0,57,17,90.0,37.5,80.3,1.9,No,No,No,None,Normal,3,Low
P04551,65,Female,88.0,151.0,80,23,95.1,37.2,157.9,0.85,Yes,Yes,No,None,Abnormal,6,Medium
P04552,59,Male,100.0,112.0,86,14,97.1,36.2,,0.5,Yes,No,No,None,Normal,1,Low
P04553,77,Male,58.0,121.0,87,8,95.7,37.1,142.1,2.08,Yes,No,No,None,Normal,3,Low
P04554,21,Male,122.0,114.0,81,17,86.0,36.5,117.9,2.32,Yes,Yes,No,Diabetes,Normal,9,High
P04555,19,Female,91.0,97.0,80,20,96.2,37.1,198.1,,No,Yes,No,Multiple,Abnormal,8,High
P04556,76,Female,,164.0,78,16,98.3,36.0,106.7,2.76,No,No,No,Diabetes,Abnormal,6,Medium
P04557,44,Male,83.0,126.0,80,15,95.8,36.3,50.0,2.85,Yes,Yes,Yes,Hypertension,Abnormal,11,High
P04558,44,Male,85.0,152.0,60,16,96.2,38.7,105.9,2.35,No,No,No,Multiple,Abnormal,5,Medium
P04559,89,Male,82.0,151.0,74,18,99.1,36.7,125.7,1.34,No,No,No,Diabetes,Normal,3,Low
P04560,24,Male,105.0,101.0,56,12,91.2,37.9,133.4,2.03,No,Yes,No,Hypertension,Abnormal,7,Medium
P04561,80,Female,85.0,155.0,71,21,98.2,36.9,147.4,1.54,No,No,No,None,Normal,2,Low
P04562,63,Male,100.0,138.0,69,8,97.0,36.0,91.8,1.62,No,No,No,None,Normal,1,Low
P04563,80,Male,76.0,99.0,68,21,91.1,36.1,177.6,2.11,No,No,No,Hypertension,Normal,7,Medium
P04564,29,Female,89.0,136.0,62,20,98.1,36.4,153.6,2.81,No,Yes,No,None,Abnormal,4,Medium
P04565,30,Male,69.0,99.0,82,20,100.0,38.7,120.2,2.41,No,No,No,None,Normal,3,Low
P04566,60,Male,109.0,165.0,73,8,97.0,36.8,87.2,1.79,Yes,No,No,None,Abnormal,5,Medium
P04567,34,Male,68.0,145.0,72,19,97.7,37.1,192.1,1.88,Yes,No,No,None,Abnormal,3,Low
P04568,80,Male,79.0,123.0,57,15,92.8,37.5,144.2,2.09,No,Yes,No,None,Normal,5,Medium
P04569,53,Male,79.0,157.0,74,26,94.1,37.4,95.3,2.74,No,Yes,No,None,Abnormal,5,Medium
P04570,25,Female,78.0,85.0,95,20,92.9,37.7,171.1,3.28,Yes,No,No,Cardiac,Normal,8,High
P04571,86,Female,99.0,106.0,95,12,97.2,36.6,123.8,1.9,Yes,No,No,Diabetes,Normal,4,Medium
P04572,53,Female,79.0,119.0,84,10,94.4,36.1,175.4,1.64,No,No,No,Hypertension,Normal,1,Low
P04573,45,Female,113.0,,74,15,94.3,36.2,81.3,1.93,Yes,No,No,Cardiac,Normal,5,Medium
P04574,64,Male,69.0,98.0,86,22,98.1,35.8,107.0,2.63,No,No,No,None,Abnormal,7,Medium
P04575,47,Female,88.0,82.0,68,24,100.0,36.6,,2.22,No,No,No,Multiple,Abnormal,8,High
P04576,40,Female,69.0,89.0,74,19,95.7,34.0,88.2,1.39,No,No,No,Respiratory,Abnormal,8,High
P04577,33,Female,93.0,148.0,67,18,91.3,37.6,104.9,1.81,No,No,No,Diabetes,Abnormal,5,Medium
P04578,31,Female,85.0,110.0,92,16,96.1,37.5,50.0,1.81,No,No,Yes,Respiratory,Abnormal,8,High
P04579,88,Female,82.0,121.0,90,18,96.6,36.2,131.5,1.28,Yes,No,Yes,None,Abnormal,8,High
P04580,69,Female,109.0,144.0,77,24,98.5,35.9,161.2,1.27,Yes,Yes,No,Cardiac,Abnormal,9,High
P04581,54,Female,72.0,121.0,104,16,95.0,38.2,78.1,0.83,Yes,No,No,Multiple,Abnormal,5,Medium
P04582,46,Female,97.0,130.0,84,21,98.6,37.8,132.9,1.68,No,No,No,None,Normal,0,Low
P04583,84,Male,70.0,138.0,83,15,,36.8,93.4,2.7,No,No,No,Hypertension,Normal,4,Medium
P04584,32,Female,87.0,114.0,82,23,95.1,36.5,54.6,2.62,No,Yes,No,Diabetes,Abnormal,8,High
P04585,64,Male,61.0,121.0,59,21,98.5,37.0,102.0,1.78,Yes,No,No,Diabetes,Normal,3,Low
P04586,63,Female,72.0,131.0,65,23,98.8,35.8,92.0,3.23,Yes,No,No,None,Normal,5,Medium
P04587,69,Female,83.0,147.0,77,27,92.7,37.2,120.1,1.76,No,No,No,Diabetes,Normal,5,Medium
P04588,36,Female,121.0,105.0,77,8,98.9,36.0,102.8,1.53,Yes,Yes,No,Hypertension,Normal,5,Medium
P04589,38,Male,87.0,70.0,87,22,95.6,35.1,168.5,0.5,Yes,Yes,No,None,Normal,6,Medium
P04590,81,Male,118.0,142.0,68,20,95.3,36.3,92.7,1.96,Yes,No,No,None,Normal,4,Medium
P04591,54,Female,89.0,148.0,79,20,95.7,36.2,109.8,1.08,No,No,No,None,Normal,0,Low
P04592,44,Male,77.0,130.0,79,19,99.7,38.4,124.6,2.96,No,Yes,No,None,Normal,2,Low
P04593,72,Female,116.0,132.0,80,19,99.7,38.3,113.0,0.81,No,No,No,None,Normal,2,Low
P04594,46,Male,94.0,,78,20,97.4,36.1,93.6,2.83,No,Yes,No,Multiple,Abnormal,6,Medium
P04595,37,Male,72.0,138.0,57,23,96.8,36.9,117.1,1.96,Yes,Yes,No,Multiple,Normal,5,Medium
P04596,42,Male,94.0,146.0,44,22,95.7,36.5,136.0,0.88,No,Yes,No,None,Normal,1,Low
P04597,87,Female,79.0,126.0,64,18,100.0,38.5,150.9,0.5,No,Yes,No,Hypertension,Normal,4,Medium
P04598,80,Male,45.0,187.0,70,17,93.9,35.5,50.0,2.1,No,No,Yes,None,Normal,12,High
P04599,53,Male,104.0,86.0,60,18,94.7,37.4,135.3,1.06,Yes,No,No,Hypertension,Normal,6,Medium
P04600,19,Female,107.0,129.0,77,16,96.9,38.0,88.0,0.5,Yes,No,No,None,Abnormal,4,Medium
P04601,39,Male,122.0,96.0,94,27,93.3,36.6,161.3,3.38,No,No,No,None,Normal,8,High
P04602,33,Female,93.0,147.0,89,12,99.1,37.0,152.3,2.49,No,No,Yes,None,Normal,3,Low
P04603,35,Female,80.0,85.0,85,22,91.6,37.8,152.0,0.88,No,No,No,Hypertension,Normal,6,Medium
P04604,86,Male,102.0,92.0,93,22,93.9,36.1,91.7,0.5,No,No,No,None,Normal,7,Medium
P04605,71,Female,102.0,109.0,64,15,94.8,37.5,59.3,2.74,No,No,No,Diabetes,Abnormal,8,High
P04606,47,Male,118.0,,71,19,93.0,35.8,165.8,0.72,No,No,No,Multiple,Abnormal,8,High
P04607,62,Male,84.0,110.0,87,24,99.1,35.7,161.8,,No,No,No,None,Normal,3,Low
P04608,36,Female,82.0,110.0,71,16,92.1,37.7,50.0,2.15,No,No,No,Respiratory,Normal,5,Medium
P04609,51,Male,71.0,120.0,72,25,93.1,36.2,170.0,1.39,No,Yes,No,Diabetes,Normal,5,Medium
P04610,30,Male,96.0,119.0,106,24,94.0,37.1,129.2,1.02,Yes,Yes,No,None,Normal,3,Low
P04611,60,Female,54.0,162.0,79,14,98.5,36.1,120.3,0.5,Yes,No,No,None,Normal,2,Low
P04612,79,Female,101.0,,104,12,100.0,37.2,82.1,2.17,No,No,No,Multiple,Normal,5,Medium
P04613,39,Male,97.0,117.0,51,19,97.6,35.7,155.6,3.7,No,No,No,None,Abnormal,4,Medium
P04614,69,Female,97.0,177.0,69,12,92.1,38.0,96.6,0.88,Yes,Yes,No,None,Normal,5,Medium
P04615,69,Female,88.0,137.0,84,8,94.1,37.7,96.4,1.0,No,No,No,Hypertension,Abnormal,4,Medium
P04616,53,Female,116.0,101.0,79,16,100.0,36.5,50.0,2.42,No,No,No,None,Normal,3,Low
P04617,90,Female,102.0,131.0,47,29,96.1,35.5,85.2,0.5,No,No,No,Multiple,Normal,7,Medium
P04618,36,Male,73.0,138.0,75,16,91.7,36.8,75.3,1.17,No,Yes,No,Diabetes,Normal,4,Medium
P04619,55,Male,73.0,108.0,115,20,100.0,36.7,50.0,1.97,No,No,No,Hypertension,Normal,3,Low
P04620,87,Female,67.0,99.0,82,21,94.3,36.6,177.4,1.14,Yes,Yes,No,Respiratory,Normal,7,Medium
P04621,74,Male,96.0,127.0,87,18,95.8,37.8,110.0,2.21,Yes,No,Yes,Multiple,Abnormal,9,High
P04622,37,Female,65.0,116.0,68,16,93.9,38.0,58.0,2.13,No,No,No,Multiple,Normal,6,Medium
P04623,26,Female,107.0,162.0,82,24,93.1,37.3,76.4,1.89,No,No,No,None,Normal,4,Medium
P04624,49,Male,111.0,144.0,78,18,99.9,38.2,91.8,1.19,No,No,No,None,Abnormal,3,Low
P04625,21,Male,67.0,109.0,95,18,96.6,34.8,91.1,1.47,No,Yes,No,Hypertension,Abnormal,6,Medium
P04626,67,Male,81.0,136.0,94,22,96.9,36.8,147.0,,Yes,No,No,None,Normal,2,Low
P04627,22,Male,85.0,157.0,84,13,92.2,36.7,104.2,1.97,Yes,No,No,Diabetes,Abnormal,6,Medium
P04628,37,Female,103.0,90.0,79,12,95.1,37.7,118.9,2.94,No,No,Yes,Multiple,Abnormal,11,High
P04629,54,Female,117.0,99.0,53,10,94.1,36.7,104.4,2.38,No,No,No,None,Normal,3,Low
P04630,39,Male,51.0,125.0,52,21,93.5,37.4,161.5,1.5,No,No,No,Diabetes,Abnormal,5,Medium
P04631,75,Female,79.0,126.0,79,17,97.4,36.6,170.1,2.25,No,No,No,None,Normal,2,Low
P04632,85,Male,80.0,124.0,91,22,95.0,36.5,109.6,2.31,No,No,No,Hypertension,Normal,3,Low
P04633,61,Male,57.0,117.0,98,18,98.1,37.6,77.2,1.28,No,No,No,Hypertension,Abnormal,4,Medium
P04634,51,Male,75.0,117.0,65,11,98.2,37.0,110.6,2.27,Yes,No,No,Respiratory,Normal,2,Low
P04635,59,Female,94.0,135.0,55,16,94.7,37.2,50.0,1.61,No,Yes,No,Respiratory,Abnormal,6,Medium
P04636,26,Female,79.0,153.0,92,22,97.4,36.0,127.5,,No,No,Yes,None,Normal,3,Low
P04637,24,Male,54.0,113.0,66,17,94.6,37.5,60.6,2.61,No,No,Yes,Respiratory,Normal,5,Medium
P04638,85,Male,142.0,186.0,54,24,93.6,36.1,,2.62,No,No,No,Multiple,Normal,12,High
P04639,36,Male,90.0,174.0,71,16,92.8,38.4,133.9,1.1,Yes,No,No,Multiple,Normal,5,Medium
P04640,48,Male,87.0,158.0,70,22,96.3,36.8,92.2,0.91,No,No,No,Respiratory,Abnormal,3,Low
P04641,52,Female,63.0,141.0,98,9,93.8,36.7,97.5,3.22,No,Yes,No,Hypertension,Abnormal,7,Medium
P04642,74,Female,90.0,175.0,91,17,100.0,37.7,125.3,3.23,No,Yes,No,Hypertension,Abnormal,6,Medium
P04643,78,Male,82.0,118.0,67,16,100.0,37.0,92.7,2.39,No,No,No,Respiratory,Normal,3,Low
P04644,48,Male,47.0,104.0,99,11,97.4,37.6,152.0,1.56,Yes,No,No,None,Normal,1,Low
P04645,70,Female,64.0,112.0,80,24,96.7,36.8,145.9,1.57,Yes,No,No,Multiple,Normal,5,Medium
P04646,49,Male,101.0,100.0,94,15,96.1,37.6,137.7,1.02,Yes,No,No,None,Normal,2,Low
P04647,83,Female,124.0,128.0,98,14,100.0,36.9,89.8,1.97,No,No,No,Hypertension,Normal,5,Medium
P04648,76,Female,92.0,132.0,74,25,100.0,37.7,137.9,1.7,No,No,No,Hypertension,Abnormal,6,Medium
P04649,27,Male,107.0,130.0,87,19,95.4,37.9,85.3,1.72,No,No,Yes,Respiratory,Normal,5,Medium
P04650,19,Female,82.0,125.0,72,22,95.4,35.7,111.5,0.88,Yes,No,No,Diabetes,Normal,3,Low
P04651,83,Female,83.0,128.0,92,9,97.0,37.3,50.0,2.56,No,Yes,No,Diabetes,Normal,7,Medium
P04652,77,Female,107.0,168.0,79,14,92.5,38.5,161.3,2.16,No,No,No,Diabetes,Normal,6,Medium
P04653,34,Female,118.0,141.0,92,28,90.6,37.5,184.1,2.17,No,Yes,No,Multiple,Normal,7,Medium
P04654,33,Male,111.0,148.0,101,22,92.0,39.0,124.0,0.5,No,Yes,Yes,Respiratory,Normal,9,High
P04655,33,Female,64.0,130.0,86,13,95.1,36.3,51.7,0.59,No,No,No,Diabetes,Normal,3,Low
P04656,63,Female,84.0,85.0,77,19,93.2,37.2,106.3,0.92,No,No,No,Diabetes,Normal,7,Medium
P04657,56,Female,91.0,80.0,77,13,,37.4,117.8,2.42,No,Yes,No,None,Normal,4,Medium
P04658,48,Male,80.0,177.0,40,25,91.6,36.6,115.6,1.41,No,Yes,Yes,Hypertension,Normal,8,High
P04659,18,Male,93.0,112.0,67,8,92.0,36.0,216.6,0.97,No,No,No,None,Normal,2,Low
P04660,28,Male,101.0,110.0,92,19,90.5,38.7,105.2,2.32,Yes,No,No,Diabetes,Normal,6,Medium
P04661,21,Female,105.0,131.0,93,19,94.1,37.9,91.9,1.54,Yes,No,No,None,Normal,2,Low
P04662,88,Male,119.0,139.0,67,12,94.8,37.4,121.5,2.1,No,No,Yes,Hypertension,Normal,7,Medium
P04663,43,Male,78.0,142.0,80,17,95.8,37.0,109.3,0.99,No,No,No,Diabetes,Abnormal,3,Low
P04664,67,Male,58.0,169.0,75,20,95.9,37.1,85.0,1.78,No,Yes,No,Multiple,Normal,4,Medium
P04665,29,Female,92.0,163.0,88,9,94.1,37.5,50.0,2.87,No,Yes,No,Diabetes,Normal,5,Medium
P04666,82,Male,123.0,105.0,111,12,,38.2,144.3,2.79,No,No,No,Respiratory,Normal,8,High
P04667,64,Male,75.0,149.0,89,17,97.3,36.4,80.4,1.17,No,No,No,Hypertension,Abnormal,4,Medium
P04668,70,Male,99.0,115.0,68,14,93.3,37.1,74.7,1.58,No,No,No,Multiple,Abnormal,7,Medium
P04669,88,Female,99.0,122.0,77,16,98.3,36.7,82.6,2.45,Yes,Yes,No,Respiratory,Normal,5,Medium
P04670,19,Female,89.0,98.0,99,18,91.6,36.2,56.5,1.87,No,No,No,Respiratory,Abnormal,9,High
P04671,41,Male,85.0,83.0,57,13,93.8,36.5,141.2,2.08,No,No,No,Multiple,Abnormal,9,High
P04672,21,Male,67.0,124.0,69,18,100.0,37.2,135.9,2.91,No,No,No,None,Normal,1,Low
P04673,36,Male,45.0,101.0,89,19,100.0,36.8,122.6,1.97,Yes,No,No,None,Normal,1,Low
P04674,43,Female,63.0,148.0,97,22,91.9,37.0,143.4,,No,Yes,No,None,Normal,3,Low
P04675,57,Female,77.0,118.0,87,12,99.6,37.6,132.3,2.8,No,No,No,Respiratory,Normal,2,Low
P04676,67,Male,107.0,133.0,69,15,100.0,37.9,138.5,1.14,Yes,No,No,Cardiac,Normal,4,Medium
P04677,60,Female,83.0,159.0,86,21,99.2,39.1,188.0,1.78,No,Yes,No,Multiple,Normal,5,Medium
P04678,84,Male,75.0,88.0,84,11,95.8,37.6,154.3,1.34,Yes,No,No,Cardiac,Normal,7,Medium
P04679,29,Female,67.0,107.0,83,19,90.2,36.5,122.0,0.85,No,No,No,None,Normal,2,Low
P04680,84,Male,98.0,130.0,77,18,96.3,37.9,77.7,1.72,No,No,No,None,Normal,2,Low
P04681,44,Female,112.0,133.0,79,8,97.2,36.7,51.2,1.85,No,No,No,None,Abnormal,5,Medium
P04682,71,Male,106.0,153.0,64,16,96.7,36.4,50.0,1.6,No,Yes,No,None,Normal,5,Medium
P04683,83,Female,97.0,147.0,115,20,97.4,37.5,152.9,2.6,Yes,Yes,No,None,Abnormal,7,Medium
P04684,66,Male,55.0,127.0,80,17,93.6,38.1,92.7,1.19,No,Yes,No,Hypertension,Normal,5,Medium
P04685,33,Male,78.0,133.0,86,16,94.5,36.5,118.2,2.09,No,No,Yes,Respiratory,Normal,4,Medium
P04686,19,Male,124.0,133.0,75,19,88.8,37.3,76.9,0.83,Yes,No,No,Hypertension,Normal,8,High
P04687,77,Male,107.0,88.0,91,23,98.7,37.4,203.2,3.72,Yes,No,No,None,Abnormal,11,High
P04688,71,Female,54.0,121.0,59,21,93.3,36.2,50.0,1.28,No,No,No,Diabetes,Normal,6,Medium
P04689,47,Male,84.0,131.0,52,14,95.3,35.9,120.5,0.5,No,No,No,None,Abnormal,3,Low
P04690,55,Female,92.0,136.0,78,11,96.8,35.9,100.7,1.61,No,No,No,Hypertension,Normal,2,Low
P04691,45,Female,70.0,102.0,109,21,94.3,38.0,115.7,1.98,No,No,No,Hypertension,Abnormal,3,Low
P04692,42,Male,45.0,93.0,96,12,92.8,36.6,102.2,2.51,Yes,No,No,Diabetes,Abnormal,9,High
P04693,27,Male,87.0,119.0,66,15,96.8,36.5,79.3,2.66,No,No,No,None,Normal,1,Low
P04694,77,Male,69.0,174.0,86,19,90.6,37.3,,2.3,No,No,No,Cardiac,Normal,5,Medium
P04695,59,Male,69.0,105.0,68,24,98.3,38.0,196.9,2.47,Yes,Yes,No,None,Normal,3,Low
P04696,57,Female,78.0,154.0,84,24,98.0,36.1,103.1,2.68,No,No,No,Multiple,Normal,4,Medium
P04697,59,Female,82.0,165.0,86,18,94.4,35.5,128.7,2.0,No,Yes,No,Diabetes,Abnormal,5,Medium
P04698,64,Female,85.0,126.0,92,15,94.5,38.2,51.2,1.19,No,No,No,None,Normal,3,Low
P04699,54,Female,67.0,108.0,55,12,93.0,37.4,50.0,1.87,No,No,No,Hypertension,Normal,5,Medium
P04700,39,Male,81.0,138.0,59,28,94.9,36.1,87.9,1.23,No,No,No,Hypertension,Abnormal,4,Medium
P04701,74,Female,50.0,130.0,77,17,95.4,36.6,,2.64,No,No,No,Diabetes,Normal,3,Low
P04702,44,Male,91.0,104.0,63,21,95.0,36.2,116.1,2.76,Yes,No,No,None,Normal,2,Low
P04703,58,Male,45.0,109.0,61,19,100.0,37.5,93.4,2.81,No,No,Yes,Hypertension,Abnormal,7,Medium
P04704,51,Female,79.0,136.0,82,16,90.8,37.8,132.2,0.88,Yes,No,No,None,Normal,3,Low
P04705,49,Female,103.0,148.0,64,15,93.3,37.5,93.0,2.65,No,Yes,No,None,Normal,5,Medium
P04706,83,Female,64.0,117.0,112,11,98.2,37.1,170.1,1.34,No,Yes,No,Multiple,Abnormal,7,Medium
P04707,29,Female,99.0,,70,24,100.0,37.3,,2.1,Yes,Yes,No,None,Abnormal,5,Medium
P04708,57,Female,108.0,142.0,74,17,93.4,36.4,91.9,2.46,No,No,No,None,Normal,3,Low
P04709,90,Female,45.0,121.0,82,25,99.0,36.6,83.9,0.65,No,No,No,None,Normal,3,Low
P04710,90,Male,82.0,118.0,55,16,92.5,37.0,112.1,2.49,No,Yes,Yes,None,Abnormal,10,High
P04711,27,Male,45.0,106.0,86,17,94.8,36.8,132.1,0.56,Yes,No,Yes,None,Normal,4,Medium
P04712,65,Male,83.0,106.0,83,12,96.0,37.0,104.0,1.64,No,No,No,None,Abnormal,3,Low
P04713,37,Female,85.0,192.0,73,16,93.9,35.7,156.8,2.58,Yes,No,No,Cardiac,Normal,8,High
P04714,56,Male,45.0,120.0,82,12,94.7,37.7,125.6,2.86,Yes,No,No,Cardiac,Abnormal,5,Medium
P04715,77,Male,123.0,159.0,84,20,91.9,36.1,158.5,2.45,Yes,Yes,No,None,Normal,8,High
P04716,83,Male,91.0,167.0,100,19,98.0,35.3,70.1,1.35,No,No,No,None,Normal,3,Low
P04717,82,Male,68.0,120.0,116,25,93.3,36.4,91.3,1.32,No,Yes,No,Respiratory,Normal,7,Medium
P04718,68,Male,114.0,134.0,62,11,94.0,36.8,136.3,1.69,No,Yes,No,Hypertension,Abnormal,6,Medium
P04719,53,Male,49.0,128.0,59,24,93.7,38.6,117.1,1.84,No,No,No,None,Normal,4,Medium
P04720,41,Female,60.0,85.0,80,13,93.8,36.6,107.5,2.5,No,Yes,Yes,Respiratory,Normal,10,High
P04721,44,Female,45.0,86.0,47,20,,37.2,94.2,1.75,No,Yes,No,Cardiac,Normal,5,Medium
P04722,19,Female,121.0,126.0,88,12,96.2,37.3,118.5,1.43,No,Yes,No,Cardiac,Normal,4,Medium
P04723,48,Male,92.0,114.0,80,19,100.0,35.8,172.1,1.51,No,No,No,None,Normal,1,Low
P04724,74,Female,98.0,172.0,84,8,95.3,36.9,50.0,2.71,Yes,Yes,No,Cardiac,Normal,7,Medium
P04725,83,Female,91.0,119.0,73,15,95.7,36.8,108.9,1.84,No,No,No,Diabetes,Normal,3,Low
P04726,46,Male,96.0,174.0,82,19,100.0,37.1,110.7,3.02,No,No,No,None,Abnormal,3,Low
P04727,32,Female,87.0,113.0,85,27,96.7,37.3,71.5,2.56,No,No,No,Diabetes,Normal,3,Low
P04728,29,Male,90.0,173.0,81,8,95.7,37.7,108.8,1.38,No,Yes,No,None,Normal,1,Low
P04729,45,Female,87.0,138.0,58,18,95.6,36.3,50.0,1.44,Yes,Yes,No,Respiratory,Normal,5,Medium
P04730,41,Male,73.0,139.0,81,15,96.6,37.4,91.6,1.71,No,Yes,Yes,Hypertension,Normal,5,Medium
P04731,38,Male,84.0,112.0,106,8,98.9,36.4,104.3,1.69,No,No,No,Cardiac,Normal,1,Low
P04732,27,Female,90.0,139.0,82,12,100.0,36.3,114.8,2.72,No,No,No,None,Normal,1,Low
P04733,35,Male,87.0,167.0,80,16,99.1,38.4,190.0,1.37,No,No,No,None,Normal,0,Low
P04734,31,Female,55.0,121.0,101,20,97.4,35.5,82.4,1.89,Yes,No,No,Cardiac,Normal,3,Low
P04735,51,Male,58.0,117.0,67,18,96.6,36.6,62.0,2.07,No,Yes,No,None,Normal,1,Low
P04736,75,Female,107.0,119.0,91,11,100.0,37.2,154.7,2.36,Yes,No,No,Hypertension,Normal,5,Medium
P04737,39,Female,79.0,166.0,70,9,94.6,36.5,50.0,2.18,No,No,No,None,Normal,2,Low
P04738,87,Male,97.0,146.0,94,20,98.1,37.1,90.2,2.12,No,No,No,None,Normal,2,Low
P04739,53,Female,63.0,161.0,90,17,99.5,35.9,102.0,1.42,No,Yes,No,None,Abnormal,4,Medium
P04740,62,Female,56.0,133.0,72,26,99.1,35.5,77.4,1.5,Yes,No,No,None,Normal,4,Medium
P04741,53,Female,68.0,126.0,74,16,,36.3,111.2,2.0,No,Yes,No,Cardiac,Normal,4,Medium
P04742,39,Male,81.0,136.0,93,24,100.0,37.1,89.1,1.65,No,No,No,None,Normal,1,Low
P04743,78,Male,72.0,152.0,50,21,100.0,36.9,50.0,1.05,Yes,No,No,None,Normal,5,Medium
P04744,73,Female,111.0,119.0,71,22,99.2,37.5,139.7,1.45,Yes,Yes,No,Multiple,Normal,6,Medium
P04745,50,Female,89.0,159.0,87,20,,35.9,141.3,1.94,Yes,No,No,None,Normal,4,Medium
P04746,62,Male,122.0,134.0,73,20,98.9,36.5,75.5,2.75,Yes,No,No,Diabetes,Normal,6,Medium
P04747,53,Male,93.0,70.0,80,8,89.1,36.9,93.4,1.05,No,Yes,No,Respiratory,Normal,9,High
P04748,37,Female,45.0,147.0,47,17,95.3,36.2,189.2,0.92,Yes,No,No,Cardiac,Normal,2,Low
P04749,35,Male,106.0,93.0,65,15,96.3,37.1,132.9,2.41,Yes,Yes,No,None,Abnormal,7,Medium
P04750,55,Male,55.0,146.0,88,24,94.7,36.8,115.0,1.47,No,No,No,None,Abnormal,3,Low
P04751,84,Female,90.0,148.0,67,13,100.0,37.4,179.7,1.12,No,No,No,Diabetes,Normal,3,Low
P04752,40,Male,70.0,133.0,58,17,96.3,37.2,50.1,1.79,Yes,Yes,No,Diabetes,Normal,5,Medium
P04753,33,Male,128.0,139.0,94,22,93.1,35.5,50.0,1.08,No,No,No,None,Abnormal,9,High
P04754,76,Male,114.0,152.0,86,20,98.3,38.2,121.7,3.56,Yes,No,No,None,Abnormal,7,Medium
P04755,86,Female,70.0,113.0,62,19,97.2,35.3,148.6,1.18,Yes,No,No,Respiratory,Normal,5,Medium
P04756,85,Male,82.0,145.0,80,24,90.7,35.8,50.0,1.95,No,No,No,Diabetes,Abnormal,11,High
P04757,38,Female,90.0,154.0,62,19,100.0,36.9,63.0,,Yes,No,No,Respiratory,Abnormal,4,Medium
P04758,87,Male,102.0,169.0,76,15,,37.2,146.7,2.56,No,No,No,Cardiac,Normal,5,Medium
P04759,29,Male,86.0,97.0,81,12,,36.8,68.9,0.94,Yes,No,No,Diabetes,Normal,4,Medium
P04760,33,Female,65.0,135.0,66,20,97.2,36.6,104.8,2.16,No,Yes,No,Respiratory,Normal,2,Low
P04761,31,Female,71.0,101.0,89,14,95.0,36.9,,0.5,Yes,Yes,No,Hypertension,Abnormal,5,Medium
P04762,78,Female,85.0,100.0,91,17,97.3,37.4,153.2,2.05,Yes,No,Yes,None,Normal,6,Medium
P04763,88,Female,110.0,134.0,82,23,95.7,36.1,102.7,1.75,No,No,No,None,Abnormal,6,Medium
P04764,63,Male,94.0,127.0,84,17,96.9,36.1,134.7,2.4,Yes,No,No,None,Normal,2,Low
P04765,49,Female,70.0,154.0,56,16,97.8,36.3,65.4,2.01,No,No,Yes,None,Normal,3,Low
P04766,32,Female,98.0,116.0,98,17,96.4,38.1,138.6,1.71,No,No,No,Cardiac,Normal,1,Low
P04767,61,Female,77.0,122.0,77,17,97.4,37.3,78.6,1.77,No,Yes,No,Cardiac,Normal,3,Low
P04768,34,Male,103.0,130.0,64,13,94.9,37.5,59.8,0.64,Yes,No,No,Respiratory,Normal,5,Medium
P04769,58,Male,136.0,103.0,80,26,94.3,38.3,197.6,1.15,No,No,No,Diabetes,Normal,4,Medium
P04770,71,Female,78.0,107.0,89,15,98.3,37.6,188.2,3.02,No,No,No,None,Normal,2,Low
P04771,61,Female,,153.0,86,22,100.0,37.1,120.9,1.96,Yes,No,No,Hypertension,Normal,4,Medium
P04772,22,Female,70.0,111.0,62,13,94.4,38.2,176.9,2.35,No,No,No,Cardiac,Normal,1,Low
P04773,44,Female,83.0,155.0,89,21,,36.2,102.0,1.31,No,Yes,No,Cardiac,Normal,2,Low
P04774,60,Male,86.0,140.0,77,19,91.8,36.8,109.6,2.5,No,No,No,Hypertension,Normal,4,Medium
P04775,48,Female,81.0,86.0,86,18,100.0,37.9,107.9,1.58,No,No,No,None,Normal,3,Low
P04776,34,Male,134.0,138.0,66,19,99.4,35.2,78.5,0.65,Yes,No,No,None,Normal,4,Medium
P04777,71,Female,79.0,138.0,94,20,94.2,36.4,50.0,1.73,Yes,No,No,Diabetes,Normal,5,Medium
P04778,79,Female,97.0,136.0,81,17,94.9,37.6,102.6,2.84,No,Yes,No,None,Abnormal,6,Medium
P04779,49,Male,46.0,121.0,96,17,99.6,37.1,167.1,0.5,Yes,No,No,Multiple,Normal,3,Low
P04780,57,Female,94.0,101.0,55,21,96.5,37.4,126.0,2.39,Yes,No,No,Multiple,Normal,3,Low
P04781,30,Female,108.0,159.0,57,12,97.9,35.5,,1.93,No,No,No,None,Normal,2,Low
P04782,52,Female,74.0,122.0,74,12,93.0,36.3,130.7,3.87,No,No,No,Multiple,Abnormal,7,Medium
P04783,22,Female,45.0,103.0,100,19,97.7,37.5,81.1,3.64,No,No,No,Diabetes,Normal,2,Low
P04784,90,Male,84.0,136.0,107,8,95.6,36.3,124.9,0.5,No,Yes,Yes,Cardiac,Abnormal,9,High
P04785,46,Female,85.0,106.0,65,10,96.9,37.7,101.7,2.91,Yes,Yes,No,None,Abnormal,5,Medium
P04786,87,Female,99.0,101.0,79,27,94.8,37.2,72.5,1.49,Yes,Yes,No,Respiratory,Normal,6,Medium
P04787,42,Male,125.0,116.0,80,26,95.4,36.1,151.8,1.64,No,No,No,None,Normal,3,Low
P04788,39,Female,77.0,108.0,89,15,96.3,37.3,62.8,1.34,No,Yes,No,Cardiac,Abnormal,4,Medium
P04789,83,Male,68.0,102.0,91,23,94.2,37.6,88.6,1.24,No,Yes,No,Cardiac,Abnormal,7,Medium
P04790,62,Female,62.0,145.0,61,23,100.0,37.3,203.7,2.85,Yes,No,No,None,Abnormal,6,Medium
P04791,86,Female,89.0,122.0,79,20,92.8,37.4,143.1,0.5,Yes,No,No,Hypertension,Abnormal,8,High
P04792,89,Female,95.0,156.0,48,18,97.5,35.6,124.8,1.27,No,No,No,Hypertension,Normal,4,Medium
P04793,18,Male,74.0,104.0,90,21,96.9,38.8,50.0,2.34,No,No,No,Cardiac,Normal,4,Medium
P04794,61,Male,101.0,82.0,73,22,98.3,39.3,110.3,0.5,No,Yes,No,Hypertension,Normal,8,High
P04795,56,Female,94.0,129.0,60,21,88.5,38.1,68.4,1.62,No,Yes,No,None,Normal,5,Medium
P04796,71,Male,86.0,171.0,83,10,90.9,37.1,111.9,0.83,Yes,No,No,Diabetes,Normal,5,Medium
P04797,46,Female,,138.0,72,28,94.4,36.7,107.4,1.99,No,No,Yes,Respiratory,Normal,5,Medium
P04798,71,Male,75.0,205.0,97,30,98.8,36.7,80.7,1.84,Yes,No,No,Hypertension,Normal,6,Medium
P04799,33,Female,45.0,133.0,65,8,95.2,37.6,,2.55,No,No,No,None,Normal,1,Low
P04800,37,Male,90.0,131.0,111,21,95.1,37.9,153.2,0.5,No,No,No,None,Normal,0,Low
P04801,63,Female,86.0,71.0,91,28,96.0,36.5,70.0,2.14,Yes,Yes,No,None,Normal,7,Medium
P04802,84,Male,89.0,136.0,97,23,93.5,37.0,178.0,1.2,Yes,No,Yes,Hypertension,Abnormal,12,High
P04803,82,Male,95.0,129.0,63,23,97.4,38.0,69.0,2.96,Yes,No,No,None,Normal,5,Medium
P04804,75,Male,93.0,115.0,105,11,96.6,36.9,181.6,1.45,No,Yes,No,None,Normal,3,Low
P04805,70,Male,83.0,122.0,60,22,97.5,37.1,106.6,1.15,No,No,No,Hypertension,Normal,2,Low
P04806,18,Female,86.0,123.0,75,19,100.0,38.1,99.0,1.36,Yes,No,No,Respiratory,Normal,2,Low
P04807,83,Female,57.0,121.0,98,22,95.3,38.0,174.6,,No,No,No,Hypertension,Normal,3,Low
P04808,46,Male,73.0,177.0,86,13,96.3,37.6,108.4,2.36,No,No,Yes,None,Abnormal,5,Medium
P04809,87,Female,86.0,116.0,59,13,93.0,36.1,158.9,1.78,Yes,No,No,None,Normal,5,Medium
P04810,25,Male,70.0,129.0,95,17,92.2,36.2,63.0,1.02,Yes,No,Yes,Hypertension,Normal,7,Medium
P04811,46,Female,102.0,115.0,83,16,96.0,36.4,116.1,0.85,No,Yes,No,Multiple,Normal,4,Medium
P04812,68,Male,72.0,145.0,72,17,96.3,36.6,134.0,2.34,No,Yes,No,None,Normal,2,Low
P04813,50,Female,89.0,129.0,55,16,98.1,37.2,162.9,2.22,Yes,No,No,Hypertension,Normal,2,Low
P04814,20,Female,87.0,118.0,85,17,97.7,36.9,143.5,2.13,No,No,No,Diabetes,Normal,1,Low
P04815,77,Male,100.0,77.0,76,15,96.8,36.9,116.8,3.07,Yes,Yes,No,Respiratory,Normal,9,High
P04816,52,Male,103.0,131.0,80,18,100.0,36.8,133.9,1.17,No,No,Yes,None,Normal,4,Medium
P04817,86,Male,99.0,117.0,54,11,95.1,36.3,85.9,3.38,No,No,No,Diabetes,Abnormal,6,Medium
P04818,37,Male,45.0,123.0,72,21,95.4,36.6,139.2,2.07,No,No,No,None,Normal,0,Low
P04819,90,Male,109.0,95.0,85,19,96.8,38.9,134.1,1.4,No,No,No,None,Abnormal,8,High
P04820,56,Female,116.0,161.0,106,12,92.4,37.6,83.9,1.76,No,No,Yes,Cardiac,Normal,7,Medium
P04821,21,Male,75.0,146.0,75,25,98.1,37.0,119.9,0.85,No,Yes,No,None,Normal,2,Low
P04822,36,Female,90.0,161.0,100,14,,35.8,145.8,0.98,Yes,No,No,Diabetes,Normal,3,Low
P04823,62,Male,67.0,154.0,90,24,96.3,36.2,212.8,1.71,Yes,No,No,Multiple,Normal,5,Medium
P04824,60,Female,46.0,140.0,82,20,97.6,37.0,162.4,2.42,No,No,No,Cardiac,Abnormal,4,Medium
P04825,30,Female,70.0,96.0,63,23,97.1,38.1,124.0,1.24,Yes,No,No,Hypertension,Normal,5,Medium
P04826,30,Male,74.0,171.0,63,19,97.2,37.2,126.4,3.52,No,No,No,Diabetes,Normal,2,Low
P04827,77,Male,78.0,102.0,87,21,94.8,37.2,109.2,1.77,No,Yes,No,Hypertension,Normal,4,Medium
P04828,74,Female,66.0,,70,23,100.0,37.9,119.5,1.32,Yes,No,No,None,Abnormal,5,Medium
P04829,69,Female,70.0,143.0,69,28,91.6,36.2,146.1,0.77,No,No,No,Hypertension,Abnormal,7,Medium
P04830,70,Male,85.0,144.0,75,23,93.9,38.1,145.1,1.38,No,No,No,None,Normal,4,Medium
P04831,60,Female,70.0,139.0,76,20,94.3,36.7,111.6,2.95,Yes,No,No,None,Normal,3,Low
P04832,89,Female,,115.0,92,11,93.8,37.9,71.0,3.18,No,No,No,Cardiac,Normal,6,Medium
P04833,89,Female,99.0,110.0,70,8,90.8,38.3,106.4,2.29,Yes,No,Yes,Respiratory,Normal,9,High
P04834,59,Female,133.0,188.0,90,17,100.0,36.3,81.6,1.84,Yes,Yes,No,Respiratory,Abnormal,9,High
P04835,43,Female,108.0,124.0,85,14,97.9,37.0,66.4,0.65,No,No,No,None,Normal,1,Low
P04836,40,Female,90.0,,53,15,94.1,37.6,139.3,0.5,No,No,No,None,Normal,0,Low
P04837,60,Male,73.0,107.0,82,18,98.1,36.8,128.8,1.95,No,Yes,Yes,Multiple,Normal,7,Medium
P04838,45,Male,91.0,131.0,40,21,95.5,36.8,78.2,1.48,Yes,Yes,Yes,Diabetes,Normal,6,Medium
P04839,26,Male,92.0,130.0,65,15,95.1,36.7,102.0,1.36,No,No,Yes,Cardiac,Abnormal,6,Medium
P04840,37,Male,75.0,125.0,85,22,93.1,35.5,127.3,2.12,No,No,No,None,Normal,3,Low
P04841,73,Female,101.0,135.0,78,18,96.1,37.8,125.3,0.73,Yes,No,No,None,Normal,3,Low
P04842,56,Male,57.0,169.0,51,18,94.1,36.2,132.6,2.97,No,No,No,Multiple,Normal,3,Low
P04843,68,Female,80.0,110.0,61,27,93.1,35.2,84.5,3.29,No,No,No,None,Abnormal,8,High
P04844,29,Female,96.0,126.0,40,19,98.9,37.8,129.3,2.35,No,No,No,Hypertension,Abnormal,3,Low
P04845,72,Male,79.0,109.0,58,18,93.5,37.4,113.1,1.56,No,Yes,No,None,Normal,4,Medium
P04846,28,Male,81.0,132.0,87,21,100.0,35.9,145.9,1.32,No,Yes,No,Multiple,Abnormal,6,Medium
P04847,43,Female,82.0,111.0,70,27,93.9,37.9,158.0,1.55,No,No,Yes,Respiratory,Abnormal,9,High
P04848,59,Male,68.0,,81,18,91.5,37.5,236.2,2.06,No,No,No,None,Normal,2,Low
P04849,44,Male,108.0,89.0,78,20,97.6,37.0,167.4,2.61,No,No,No,Diabetes,Abnormal,8,High
P04850,28,Female,65.0,127.0,78,17,94.7,36.7,120.0,2.16,Yes,No,No,Hypertension,Normal,2,Low
P04851,55,Female,91.0,136.0,93,17,91.3,36.9,113.5,2.81,Yes,No,No,None,Abnormal,6,Medium
P04852,60,Female,93.0,172.0,75,16,,37.2,77.6,2.24,No,No,No,None,Normal,1,Low
P04853,36,Female,66.0,137.0,92,15,92.1,36.4,78.6,2.63,No,No,No,Hypertension,Normal,4,Medium
P04854,81,Female,86.0,114.0,41,26,90.0,37.9,125.9,1.78,No,No,No,None,Normal,5,Medium
P04855,23,Female,67.0,91.0,95,15,98.0,37.4,127.1,0.88,Yes,No,No,None,Normal,3,Low
P04856,63,Male,113.0,94.0,59,10,100.0,36.9,222.1,2.83,No,No,No,Hypertension,Abnormal,8,High
P04857,59,Male,62.0,93.0,62,19,94.8,38.4,85.9,3.55,No,No,No,None,Abnormal,5,Medium
P04858,82,Male,72.0,172.0,67,23,99.6,36.8,81.7,2.04,No,No,Yes,None,Normal,6,Medium
P04859,89,Female,61.0,132.0,94,24,98.4,38.2,125.0,1.36,No,No,No,None,Normal,3,Low
P04860,76,Female,58.0,110.0,65,12,98.0,37.2,94.8,2.18,No,No,No,Respiratory,Normal,3,Low
P04861,69,Male,117.0,101.0,68,24,95.5,37.6,130.6,1.52,No,No,No,Cardiac,Normal,4,Medium
P04862,64,Male,96.0,104.0,64,28,94.2,36.7,96.1,1.83,No,No,No,Cardiac,Normal,3,Low
P04863,24,Male,88.0,110.0,82,15,97.0,35.5,103.6,1.87,No,No,No,Respiratory,Normal,2,Low
P04864,28,Female,72.0,158.0,89,17,97.9,37.4,132.2,1.19,No,No,No,None,Abnormal,2,Low
P04865,78,Male,103.0,124.0,104,12,92.2,36.0,92.3,1.22,Yes,No,No,Hypertension,Normal,7,Medium
P04866,85,Male,69.0,89.0,114,27,95.0,36.5,100.6,1.74,Yes,No,No,Diabetes,Normal,8,High
P04867,42,Male,101.0,183.0,88,11,95.4,37.1,136.1,1.64,No,No,No,None,Normal,3,Low
P04868,29,Female,68.0,96.0,83,16,95.2,36.5,116.9,2.26,No,No,No,Diabetes,Abnormal,5,Medium
P04869,43,Male,72.0,110.0,60,22,94.0,37.0,89.4,2.02,Yes,Yes,No,Hypertension,Normal,3,Low
P04870,29,Male,100.0,158.0,107,15,92.0,37.2,95.7,2.28,Yes,No,No,Diabetes,Normal,4,Medium
P04871,60,Female,,135.0,81,13,95.1,35.8,156.7,1.69,No,No,No,None,Abnormal,5,Medium
P04872,68,Female,97.0,113.0,74,18,95.2,37.2,127.4,1.15,No,No,No,Hypertension,Abnormal,4,Medium
P04873,54,Female,64.0,94.0,84,30,94.6,36.5,100.5,,No,No,No,None,Normal,3,Low
P04874,63,Female,76.0,101.0,68,17,97.9,36.1,149.6,,Yes,No,No,None,Normal,3,Low
P04875,70,Female,88.0,102.0,43,17,91.9,35.4,132.4,1.41,Yes,No,Yes,Cardiac,Abnormal,11,High
P04876,30,Male,68.0,125.0,87,12,96.8,35.8,169.2,1.29,No,No,No,None,Abnormal,3,Low
P04877,71,Male,112.0,130.0,98,20,90.6,37.0,150.4,,Yes,No,No,Multiple,Normal,8,High
P04878,74,Female,45.0,121.0,86,22,95.8,37.0,161.7,1.49,No,No,No,Respiratory,Normal,2,Low
P04879,21,Female,69.0,124.0,78,15,89.2,37.4,101.4,0.5,No,No,No,Diabetes,Normal,5,Medium
P04880,66,Female,75.0,99.0,78,21,93.3,38.4,79.4,1.98,Yes,No,No,Multiple,Abnormal,10,High
P04881,24,Female,45.0,132.0,81,15,95.9,38.1,145.9,1.36,No,No,No,None,Normal,0,Low
P04882,28,Male,57.0,157.0,80,9,91.7,37.8,146.3,1.22,No,No,No,None,Normal,2,Low
P04883,71,Male,98.0,121.0,77,20,91.7,37.9,110.8,1.69,No,No,No,Respiratory,Normal,4,Medium
P04884,62,Female,86.0,120.0,78,28,98.9,37.1,73.3,0.5,No,No,No,Respiratory,Abnormal,5,Medium
P04885,40,Female,116.0,127.0,101,12,91.2,37.1,127.3,0.5,No,Yes,No,Cardiac,Normal,5,Medium
P04886,45,Female,116.0,153.0,85,19,95.6,38.2,130.5,1.43,No,No,Yes,Respiratory,Normal,5,Medium
P04887,74,Female,94.0,103.0,80,25,100.0,37.2,60.7,2.25,Yes,Yes,No,Hypertension,Abnormal,7,Medium
P04888,43,Male,91.0,161.0,88,17,96.4,37.2,130.0,1.59,No,No,Yes,None,Normal,3,Low
P04889,42,Female,86.0,136.0,88,11,96.1,37.9,161.0,1.55,Yes,No,No,Multiple,Abnormal,5,Medium
P04890,71,Female,45.0,126.0,92,18,93.9,36.8,62.4,1.8,No,No,No,None,Normal,3,Low
P04891,46,Male,57.0,155.0,67,25,93.9,36.9,136.2,2.51,Yes,No,No,None,Abnormal,7,Medium
P04892,53,Female,87.0,95.0,71,15,95.5,35.9,167.4,1.83,No,No,No,Respiratory,Normal,4,Medium
P04893,31,Male,97.0,138.0,66,19,90.0,36.6,,1.76,Yes,No,No,None,Normal,3,Low
P04894,52,Female,91.0,136.0,90,13,,36.7,50.0,,No,Yes,No,Diabetes,Normal,4,Medium
P04895,47,Female,67.0,,89,18,96.6,36.8,158.5,1.49,Yes,No,No,None,Abnormal,3,Low
P04896,34,Male,104.0,137.0,59,20,90.8,37.6,102.5,1.94,No,No,No,None,Normal,3,Low
P04897,84,Female,115.0,132.0,84,19,99.1,36.2,97.8,2.85,No,No,No,Diabetes,Abnormal,7,Medium
P04898,47,Male,104.0,121.0,99,16,98.0,38.2,215.5,1.99,Yes,Yes,No,None,Normal,3,Low
P04899,62,Male,105.0,147.0,74,20,97.3,35.4,123.8,1.15,No,Yes,No,Respiratory,Normal,5,Medium
P04900,68,Male,74.0,111.0,83,21,100.0,37.5,99.7,1.56,Yes,Yes,No,None,Normal,3,Low
P04901,64,Female,107.0,132.0,89,22,96.3,37.7,147.0,2.69,No,No,No,Diabetes,Normal,4,Medium
P04902,70,Female,88.0,122.0,58,17,100.0,37.6,182.4,1.86,Yes,Yes,No,None,Abnormal,5,Medium
P04903,81,Male,95.0,110.0,80,15,96.1,37.9,121.9,0.69,No,No,No,None,Abnormal,4,Medium
P04904,55,Female,92.0,138.0,97,28,97.4,36.8,93.7,2.15,No,Yes,No,Hypertension,Normal,3,Low
P04905,81,Female,83.0,120.0,69,19,94.3,38.0,118.6,1.28,No,No,No,Diabetes,Abnormal,5,Medium
P04906,24,Female,68.0,88.0,90,17,90.3,36.4,158.6,0.88,Yes,No,No,Diabetes,Normal,7,Medium
P04907,39,Male,83.0,80.0,78,11,90.5,36.5,102.6,1.87,No,No,No,Hypertension,Normal,6,Medium
P04908,58,Male,105.0,145.0,68,13,95.7,38.7,158.7,1.13,Yes,No,No,Respiratory,Abnormal,6,Medium
P04909,27,Female,76.0,94.0,77,15,95.3,37.1,109.4,2.45,No,No,No,None,Normal,2,Low
P04910,74,Male,103.0,132.0,70,20,92.5,37.8,50.0,1.87,No,No,No,None,Abnormal,8,High
P04911,24,Female,100.0,126.0,65,16,95.2,37.4,175.8,2.88,No,No,Yes,Diabetes,Normal,5,Medium
P04912,67,Female,79.0,116.0,74,18,97.4,37.6,128.4,2.08,No,No,No,Hypertension,Normal,2,Low
P04913,69,Female,113.0,174.0,79,11,99.9,35.4,157.2,1.4,No,No,No,None,Abnormal,5,Medium
P04914,50,Male,78.0,129.0,76,25,93.9,37.3,127.1,1.39,No,Yes,No,None,Normal,4,Medium
P04915,18,Male,115.0,144.0,74,14,97.2,37.0,116.5,1.51,Yes,No,No,Respiratory,Abnormal,5,Medium
P04916,70,Female,94.0,132.0,81,19,100.0,37.8,144.5,2.19,No,Yes,Yes,None,Abnormal,7,Medium
P04917,77,Male,85.0,119.0,86,15,98.3,36.4,108.8,0.65,No,Yes,No,Respiratory,Abnormal,6,Medium
P04918,51,Female,67.0,125.0,61,16,93.7,38.0,187.5,2.02,No,No,No,Cardiac,Abnormal,5,Medium
P04919,21,Male,83.0,161.0,74,14,96.3,36.0,113.8,1.06,No,Yes,No,Multiple,Abnormal,5,Medium
P04920,34,Male,81.0,152.0,48,19,,36.6,187.7,3.59,Yes,No,No,None,Normal,2,Low
P04921,21,Male,60.0,174.0,76,13,97.9,35.7,139.2,2.24,No,Yes,No,None,Normal,2,Low
P04922,60,Female,81.0,131.0,80,20,96.1,36.1,50.0,2.32,No,No,No,Hypertension,Normal,4,Medium
P04923,21,Female,,103.0,87,17,97.5,37.0,75.4,1.86,No,No,No,Diabetes,Normal,1,Low
P04924,18,Female,97.0,114.0,80,21,99.1,38.1,149.0,0.52,No,No,No,Hypertension,Normal,1,Low
P04925,88,Male,111.0,95.0,86,22,92.8,37.0,78.3,1.81,Yes,No,No,Cardiac,Abnormal,11,High
P04926,67,Female,60.0,144.0,79,16,92.0,36.0,60.7,2.11,No,No,No,None,Normal,3,Low
P04927,90,Female,119.0,110.0,68,20,97.8,35.3,166.4,1.34,No,Yes,No,Hypertension,Abnormal,8,High
P04928,78,Female,82.0,70.0,61,16,95.5,37.5,51.5,1.74,No,No,No,Cardiac,Normal,8,High
P04929,52,Female,65.0,187.0,74,25,98.6,36.5,146.1,,No,No,Yes,Diabetes,Normal,7,Medium
P04930,25,Male,100.0,111.0,67,16,99.3,36.6,,1.89,No,Yes,No,Multiple,Normal,3,Low
P04931,41,Male,76.0,111.0,76,17,90.4,37.9,143.1,2.02,No,Yes,Yes,Diabetes,Abnormal,9,High
P04932,53,Female,83.0,167.0,71,16,93.5,36.9,125.7,2.22,Yes,No,No,Cardiac,Normal,4,Medium
P04933,67,Male,77.0,95.0,84,14,95.6,36.8,50.0,2.79,No,No,No,None,Normal,6,Medium
P04934,60,Male,69.0,153.0,79,28,92.9,37.1,102.4,1.13,No,Yes,No,Multiple,Normal,7,Medium
P04935,44,Male,99.0,110.0,85,20,94.6,38.2,105.2,3.35,No,No,No,Diabetes,Abnormal,4,Medium
P04936,49,Male,79.0,92.0,85,18,92.2,37.2,131.4,3.35,Yes,No,No,None,Abnormal,8,High
P04937,35,Male,56.0,168.0,75,16,94.7,35.3,127.7,1.36,Yes,No,Yes,None,Normal,5,Medium
P04938,45,Female,96.0,148.0,76,24,93.1,36.3,105.2,2.34,No,No,No,Diabetes,Normal,4,Medium
P04939,46,Male,61.0,148.0,86,15,97.0,36.8,69.6,3.26,No,No,No,None,Normal,1,Low
P04940,33,Female,62.0,134.0,115,19,98.7,37.7,134.2,2.95,Yes,No,No,None,Abnormal,4,Medium
P04941,64,Female,109.0,140.0,63,29,97.2,36.0,149.8,0.5,No,No,No,None,Normal,3,Low
P04942,76,Female,61.0,94.0,79,13,100.0,37.1,128.2,1.68,Yes,No,No,Multiple,Abnormal,9,High
P04943,48,Male,45.0,128.0,60,21,98.8,36.9,106.2,1.4,No,No,Yes,Diabetes,Normal,4,Medium
P04944,21,Male,97.0,102.0,78,19,98.7,37.8,100.2,2.48,No,No,No,Respiratory,Normal,1,Low
P04945,54,Male,79.0,90.0,68,21,95.8,36.2,78.3,2.56,No,Yes,No,Respiratory,Normal,5,Medium
P04946,34,Male,81.0,135.0,76,17,95.1,37.1,124.9,0.85,Yes,No,No,Cardiac,Normal,2,Low
P04947,56,Female,79.0,154.0,80,15,99.8,38.2,122.7,1.23,Yes,No,No,Respiratory,Normal,2,Low
P04948,65,Female,90.0,115.0,71,19,,37.7,148.4,0.54,No,Yes,No,None,Normal,2,Low
P04949,63,Female,70.0,120.0,51,16,96.1,37.5,90.1,1.73,No,Yes,No,Cardiac,Abnormal,5,Medium
P04950,65,Male,115.0,97.0,99,8,95.5,36.8,119.8,1.57,No,No,No,Respiratory,Normal,5,Medium
P04951,56,Female,55.0,125.0,91,14,97.6,37.1,62.4,2.17,No,No,Yes,Diabetes,Normal,4,Medium
P04952,21,Female,94.0,144.0,76,16,98.7,36.9,101.4,3.24,No,Yes,No,Hypertension,Normal,3,Low
P04953,47,Female,98.0,145.0,65,13,99.2,37.7,92.5,2.01,No,Yes,Yes,Respiratory,Abnormal,7,Medium
P04954,47,Male,70.0,139.0,79,19,95.1,37.4,157.3,1.56,Yes,No,No,Multiple,Normal,3,Low
P04955,39,Female,65.0,110.0,83,14,96.5,36.5,183.3,2.44,Yes,No,No,Diabetes,Abnormal,4,Medium
P04956,83,Female,105.0,109.0,90,18,97.0,38.4,67.9,1.52,No,No,No,None,Normal,3,Low
P04957,29,Male,65.0,145.0,91,29,100.0,38.0,151.3,1.66,No,Yes,No,None,Normal,2,Low
P04958,53,Female,73.0,145.0,94,24,90.6,36.3,142.2,1.94,No,No,No,None,Normal,3,Low
P04959,35,Male,103.0,121.0,52,21,96.0,36.7,93.0,0.85,No,No,No,None,Abnormal,3,Low
P04960,70,Female,86.0,114.0,73,27,94.1,36.9,84.9,1.55,Yes,No,No,None,Normal,3,Low
P04961,88,Male,49.0,154.0,93,18,94.4,37.7,84.4,1.16,No,Yes,No,Respiratory,Abnormal,6,Medium
P04962,18,Male,120.0,116.0,64,18,93.4,36.4,99.9,2.45,No,No,No,Respiratory,Normal,4,Medium
P04963,75,Male,74.0,144.0,96,13,97.6,36.5,100.6,0.98,Yes,No,No,None,Abnormal,5,Medium
P04964,23,Female,77.0,122.0,105,24,88.6,37.7,108.9,1.05,Yes,No,No,Respiratory,Abnormal,9,High
P04965,87,Female,90.0,99.0,96,28,95.6,37.4,94.6,,No,Yes,No,Hypertension,Abnormal,9,High
P04966,61,Male,98.0,165.0,88,23,90.5,35.4,147.2,1.17,No,No,No,None,Normal,5,Medium
P04967,89,Male,124.0,128.0,71,25,93.9,37.5,135.4,3.14,No,No,No,None,Normal,8,High
P04968,41,Male,52.0,107.0,82,8,95.4,35.8,108.1,2.67,No,No,No,Respiratory,Normal,3,Low
P04969,36,Male,102.0,90.0,58,30,94.8,36.5,93.4,2.19,No,No,No,Respiratory,Normal,5,Medium
P04970,35,Male,100.0,93.0,66,17,98.0,36.7,92.4,1.47,No,No,No,Hypertension,Normal,3,Low
P04971,47,Male,82.0,116.0,67,30,99.7,36.6,132.6,1.75,Yes,Yes,No,Multiple,Normal,5,Medium
P04972,59,Male,101.0,173.0,79,27,,36.5,117.2,3.06,No,No,No,Hypertension,Abnormal,6,Medium
P04973,50,Male,104.0,110.0,72,22,96.0,36.2,122.9,1.55,Yes,No,No,Diabetes,Normal,3,Low
P04974,29,Male,57.0,161.0,82,16,99.5,37.4,149.3,0.94,Yes,No,No,None,Normal,1,Low
P04975,44,Male,120.0,122.0,91,19,100.0,35.7,112.8,2.45,No,No,No,None,Normal,2,Low
P04976,56,Male,54.0,95.0,67,8,94.6,36.6,169.8,1.61,No,No,No,None,Normal,2,Low
P04977,26,Male,62.0,113.0,80,23,99.7,37.6,50.0,1.66,Yes,No,No,Multiple,Abnormal,8,High
P04978,38,Female,80.0,93.0,72,8,89.5,37.3,62.4,1.62,No,No,No,None,Normal,6,Medium
P04979,46,Male,123.0,104.0,81,17,96.9,35.9,187.4,1.68,No,No,No,Multiple,Normal,5,Medium
P04980,50,Female,79.0,103.0,88,26,100.0,35.5,99.1,2.2,No,No,No,Cardiac,Abnormal,5,Medium
P04981,79,Female,84.0,77.0,92,22,96.3,36.1,126.9,1.56,Yes,No,No,Hypertension,Abnormal,9,High
P04982,32,Female,114.0,163.0,88,10,95.4,35.3,165.1,2.05,No,No,No,Diabetes,Normal,3,Low
P04983,19,Male,79.0,130.0,84,11,95.4,37.1,128.7,2.64,Yes,No,No,None,Abnormal,4,Medium
P04984,69,Female,61.0,108.0,57,15,100.0,36.6,151.5,2.98,No,No,No,Hypertension,Normal,3,Low
P04985,61,Male,77.0,131.0,62,18,91.2,36.7,139.6,1.08,No,No,Yes,Multiple,Normal,8,High
P04986,71,Female,112.0,104.0,66,22,94.8,37.4,154.3,2.62,No,No,No,Multiple,Normal,5,Medium
P04987,35,Male,86.0,70.0,83,21,98.5,37.7,134.7,2.71,Yes,No,No,None,Abnormal,7,Medium
P04988,20,Male,124.0,199.0,59,13,97.0,37.2,144.2,2.81,Yes,No,No,Multiple,Normal,8,High
P04989,24,Female,100.0,130.0,83,21,99.6,36.8,91.8,1.84,No,No,No,Respiratory,Normal,1,Low
P04990,60,Female,72.0,110.0,82,22,98.0,36.4,135.9,1.61,Yes,No,No,Hypertension,Abnormal,5,Medium
P04991,55,Male,86.0,77.0,49,20,94.6,36.7,113.4,0.56,No,No,No,None,Abnormal,5,Medium
P04992,54,Female,68.0,88.0,62,30,97.7,37.2,111.5,1.88,No,No,No,Respiratory,Normal,5,Medium
P04993,75,Male,72.0,166.0,94,22,92.0,37.7,50.0,3.23,No,No,Yes,None,Normal,10,High
P04994,50,Male,175.0,163.0,88,23,89.9,35.9,98.1,2.05,No,No,No,Diabetes,Normal,9,High
P04995,76,Male,105.0,144.0,65,27,94.2,36.1,109.6,1.63,No,No,No,Respiratory,Normal,5,Medium
P04996,28,Female,102.0,97.0,62,22,96.2,37.0,177.2,2.26,Yes,Yes,No,None,Normal,5,Medium
P04997,85,Male,73.0,163.0,41,15,93.6,35.3,103.8,0.85,No,No,No,Multiple,Normal,7,Medium
P04998,85,Male,116.0,136.0,100,24,96.5,37.2,126.3,1.58,No,No,No,Multiple,Normal,6,Medium
P04999,39,Male,107.0,141.0,79,16,96.2,37.8,170.0,2.45,No,No,No,Hypertension,Abnormal,4,Medium
P05000,83,Male,123.0,136.0,106,13,90.4,38.9,65.5,2.25,No,No,No,Cardiac,Normal,8,High
P05001,61,Female,122.0,87.0,75,14,94.4,37.1,99.7,1.4,No,No,No,Diabetes,Normal,7,Medium
P05002,23,Female,55.0,95.0,82,24,98.8,37.7,150.2,3.23,No,No,No,Diabetes,Abnormal,7,Medium
P05003,59,Female,63.0,112.0,91,21,97.5,37.0,213.8,0.63,Yes,Yes,No,Cardiac,Normal,3,Low
P05004,42,Female,,141.0,103,23,93.9,38.3,50.0,2.05,Yes,No,No,None,Normal,6,Medium
P05005,74,Male,66.0,90.0,86,21,97.9,36.7,110.3,2.48,Yes,No,No,Hypertension,Normal,5,Medium
P05006,72,Male,91.0,121.0,78,19,100.0,37.3,140.1,2.79,Yes,No,No,Hypertension,Normal,4,Medium
P05007,33,Male,74.0,121.0,78,20,94.7,37.5,148.6,1.9,No,No,No,Cardiac,Normal,1,Low
P05008,31,Male,126.0,145.0,62,21,,37.3,204.8,2.41,No,No,No,Respiratory,Abnormal,5,Medium
P05009,56,Male,123.0,142.0,72,15,97.8,36.4,89.2,1.8,No,No,No,Hypertension,Normal,3,Low
P05010,45,Male,85.0,100.0,79,12,94.6,35.9,105.6,3.13,No,No,No,Multiple,Normal,4,Medium
P05011,68,Female,124.0,161.0,99,16,92.6,37.8,50.0,2.06,No,No,No,Diabetes,Normal,8,High
P05012,66,Male,115.0,96.0,72,21,100.0,37.2,120.1,2.73,Yes,No,No,Respiratory,Abnormal,9,High
P05013,26,Male,76.0,152.0,94,15,99.3,37.1,135.4,0.88,Yes,No,No,None,Normal,1,Low
P05014,75,Male,45.0,111.0,77,29,95.2,37.7,198.7,1.71,Yes,Yes,No,None,Abnormal,7,Medium
P05015,62,Female,81.0,129.0,97,20,99.6,37.7,183.2,2.23,No,No,No,Hypertension,Abnormal,4,Medium
P05016,39,Male,72.0,131.0,88,19,97.7,37.3,175.6,2.22,No,No,No,None,Normal,0,Low
P05017,49,Male,89.0,130.0,87,15,99.6,37.5,87.2,1.35,Yes,No,No,Multiple,Normal,3,Low
P05018,86,Male,87.0,142.0,93,23,90.6,36.6,132.1,0.5,Yes,No,No,None,Abnormal,8,High
P05019,86,Female,86.0,135.0,90,12,94.8,37.4,130.6,0.5,No,No,No,Hypertension,Normal,3,Low
P05020,59,Male,95.0,145.0,94,20,100.0,35.7,133.7,1.04,No,No,No,Respiratory,Normal,2,Low
P05021,70,Male,61.0,137.0,110,16,100.0,37.0,113.3,4.03,No,Yes,No,Hypertension,Normal,6,Medium
P05022,76,Female,93.0,93.0,102,19,94.8,37.6,160.2,0.5,No,Yes,No,Diabetes,Abnormal,8,High
P05023,56,Male,76.0,132.0,85,20,94.8,36.4,100.8,1.67,No,No,No,Hypertension,Normal,1,Low
P05024,32,Female,89.0,111.0,71,12,98.0,37.1,128.2,1.56,Yes,No,Yes,None,Normal,4,Medium
P05025,88,Male,104.0,97.0,83,10,,37.2,173.1,1.83,No,No,No,Diabetes,Abnormal,8,High
P05026,46,Female,61.0,118.0,49,13,97.6,36.3,201.1,1.73,No,No,No,Multiple,Normal,2,Low
P05027,20,Male,79.0,130.0,90,22,89.5,37.9,81.9,1.02,Yes,No,No,None,Abnormal,7,Medium
P05028,27,Male,83.0,131.0,62,20,95.3,37.3,137.0,2.62,Yes,Yes,No,Hypertension,Normal,4,Medium
P05029,46,Female,75.0,151.0,95,16,98.4,35.7,133.2,0.5,Yes,No,No,Hypertension,Normal,3,Low
P05030,52,Male,103.0,158.0,108,28,88.9,37.1,163.8,3.3,No,No,Yes,Multiple,Abnormal,14,High
P05031,23,Male,71.0,133.0,56,24,91.1,38.2,180.3,2.16,No,No,No,None,Normal,3,Low
P05032,29,Female,74.0,138.0,77,23,90.7,37.0,101.7,1.07,No,No,Yes,Cardiac,Abnormal,9,High
P05033,55,Male,71.0,127.0,62,14,98.0,36.5,112.0,1.25,No,No,No,Respiratory,Normal,1,Low
P05034,36,Female,107.0,144.0,52,23,93.2,36.6,117.9,2.72,No,No,No,None,Normal,5,Medium
P05035,84,Male,75.0,137.0,76,20,92.4,36.9,134.1,0.73,No,No,No,None,Normal,4,Medium
P05036,25,Female,94.0,124.0,88,14,96.2,36.0,148.1,1.84,No,No,No,Hypertension,Normal,1,Low
P05037,25,Male,125.0,179.0,89,17,92.3,38.1,100.0,1.78,No,No,No,None,Normal,4,Medium
P05038,64,Male,84.0,111.0,80,13,97.4,37.7,189.3,1.75,Yes,Yes,No,None,Abnormal,5,Medium
P05039,21,Female,107.0,161.0,53,14,100.0,37.9,50.0,2.24,Yes,No,No,None,Normal,4,Medium
P05040,68,Male,118.0,91.0,80,12,94.9,35.8,67.2,2.32,No,No,No,None,Normal,5,Medium
P05041,84,Female,106.0,145.0,56,23,90.2,37.1,139.3,2.13,Yes,No,No,Hypertension,Abnormal,10,High
P05042,62,Female,85.0,161.0,57,18,94.6,37.9,108.4,2.7,Yes,Yes,No,Hypertension,Normal,5,Medium
P05043,25,Female,98.0,77.0,63,13,97.5,36.2,92.4,2.01,Yes,No,No,Diabetes,Abnormal,7,Medium
P05044,33,Male,59.0,128.0,94,21,97.2,36.9,153.4,1.4,Yes,No,No,Multiple,Normal,3,Low
P05045,84,Male,69.0,143.0,86,18,98.5,36.1,147.5,0.89,No,No,No,Hypertension,Normal,3,Low
P05046,26,Male,73.0,131.0,83,23,94.2,37.7,165.0,1.85,No,No,No,Multiple,Abnormal,5,Medium
P05047,77,Female,130.0,134.0,65,19,95.2,36.8,73.6,2.11,Yes,Yes,No,Hypertension,Normal,7,Medium
P05048,88,Female,69.0,128.0,72,11,88.6,36.9,147.5,0.5,Yes,No,No,Hypertension,Normal,8,High
P05049,32,Female,68.0,98.0,57,16,97.8,36.1,147.1,2.15,Yes,Yes,No,None,Abnormal,6,Medium
P05050,88,Male,64.0,184.0,98,12,92.1,38.2,74.7,1.1,No,Yes,No,Diabetes,Normal,8,High
P05051,58,Female,96.0,112.0,111,21,96.6,37.0,116.6,1.08,No,No,No,Respiratory,Abnormal,3,Low
P05052,39,Male,88.0,136.0,86,23,93.4,37.6,153.8,1.92,No,Yes,No,Respiratory,Normal,5,Medium
P05053,41,Male,107.0,109.0,89,10,95.7,37.3,168.7,0.5,Yes,Yes,No,Respiratory,Normal,4,Medium
P05054,61,Male,98.0,70.0,76,17,98.9,36.3,,2.96,No,No,No,Hypertension,Normal,6,Medium
P05055,18,Male,57.0,102.0,54,24,94.7,35.7,71.0,2.53,No,No,No,Diabetes,Abnormal,6,Medium
P05056,27,Male,69.0,89.0,65,10,93.8,36.8,176.3,0.85,No,No,No,Cardiac,Normal,6,Medium
P05057,89,Male,112.0,152.0,71,16,96.0,37.9,116.6,1.65,No,No,No,Diabetes,Normal,4,Medium
P05058,73,Male,81.0,110.0,72,18,94.1,35.4,50.0,1.92,No,No,No,None,Normal,4,Medium
P05059,67,Male,109.0,112.0,69,23,93.2,38.6,105.4,1.2,No,Yes,No,Respiratory,Abnormal,10,High
P05060,29,Female,82.0,98.0,79,21,100.0,37.7,160.3,1.4,No,No,No,None,Abnormal,4,Medium
P05061,77,Male,66.0,127.0,65,22,90.4,37.2,66.2,1.7,No,No,No,None,Normal,4,Medium
P05062,43,Male,79.0,107.0,111,21,98.0,36.9,119.7,1.79,No,No,No,Multiple,Abnormal,4,Medium
P05063,58,Female,66.0,150.0,58,16,95.6,37.7,101.9,1.69,No,Yes,No,Hypertension,Normal,2,Low
P05064,53,Female,74.0,133.0,91,26,93.5,36.0,113.5,1.85,No,No,Yes,None,Normal,6,Medium
P05065,40,Female,89.0,111.0,74,15,97.0,37.4,97.6,2.1,Yes,No,No,Diabetes,Normal,2,Low
P05066,60,Female,95.0,146.0,85,8,96.1,37.2,135.1,1.53,No,No,No,None,Normal,1,Low
P05067,23,Male,53.0,125.0,86,9,100.0,38.4,106.1,2.15,Yes,No,No,None,Normal,1,Low
P05068,86,Female,85.0,126.0,80,17,92.6,36.7,141.3,2.74,Yes,No,No,Diabetes,Normal,7,Medium
P05069,60,Female,73.0,88.0,61,16,94.5,37.0,100.3,2.16,Yes,No,Yes,None,Normal,8,High
P05070,42,Female,72.0,123.0,73,15,99.0,36.9,159.7,3.19,No,No,No,Cardiac,Normal,2,Low
P05071,35,Female,88.0,133.0,81,19,95.4,36.6,115.5,0.68,No,No,No,None,Normal,0,Low
P05072,79,Male,74.0,158.0,80,24,97.6,38.2,66.7,1.33,Yes,Yes,No,Respiratory,Normal,6,Medium
P05073,30,Female,113.0,106.0,63,20,99.6,36.2,80.8,2.09,No,Yes,Yes,Cardiac,Normal,6,Medium
P05074,60,Female,109.0,,97,21,97.7,35.8,68.7,1.99,No,No,No,Hypertension,Normal,6,Medium
P05075,45,Female,109.0,139.0,41,13,94.2,37.2,71.0,1.49,No,No,No,Respiratory,Normal,2,Low
P05076,35,Female,75.0,87.0,74,15,94.9,36.4,62.5,2.29,No,No,No,None,Abnormal,5,Medium
P05077,76,Male,66.0,104.0,64,22,99.7,37.2,71.6,1.97,No,No,No,Cardiac,Abnormal,5,Medium
P05078,77,Female,,161.0,81,19,96.5,37.5,114.8,2.74,No,No,No,None,Normal,3,Low
P05079,80,Female,82.0,156.0,93,20,95.4,37.1,144.5,0.95,No,Yes,Yes,None,Abnormal,8,High
P05080,74,Female,73.0,125.0,57,21,97.2,37.0,60.9,1.84,No,No,No,Diabetes,Normal,2,Low
P05081,68,Male,61.0,129.0,113,19,92.1,35.4,82.8,1.44,Yes,Yes,No,Hypertension,Normal,7,Medium
P05082,73,Female,84.0,96.0,81,26,95.3,37.4,147.1,,No,Yes,No,Cardiac,Normal,6,Medium
P05083,44,Female,77.0,158.0,84,15,95.8,37.2,108.7,2.24,No,No,Yes,None,Normal,3,Low
P05084,49,Male,99.0,100.0,56,14,95.7,38.5,50.0,1.41,No,No,No,Hypertension,Abnormal,5,Medium
P05085,26,Female,98.0,146.0,77,9,94.8,37.9,116.5,2.6,No,No,No,None,Normal,1,Low
P05086,85,Male,107.0,159.0,93,22,95.1,35.8,129.5,1.78,Yes,Yes,No,None,Abnormal,8,High
P05087,63,Male,60.0,126.0,81,15,95.7,37.8,127.6,0.81,No,Yes,No,Multiple,Normal,4,Medium
P05088,84,Female,93.0,149.0,80,24,100.0,36.0,204.8,1.6,Yes,No,No,Diabetes,Normal,5,Medium
P05089,43,Female,70.0,171.0,77,19,89.4,37.7,84.9,3.65,No,No,No,None,Normal,5,Medium
P05090,25,Male,61.0,132.0,57,16,98.1,38.2,159.0,1.65,No,No,No,Respiratory,Abnormal,3,Low
P05091,23,Male,76.0,121.0,57,13,95.7,38.5,114.0,1.99,No,No,No,None,Normal,0,Low
P05092,41,Female,106.0,123.0,96,22,95.8,36.7,133.7,2.03,No,No,No,None,Normal,1,Low
P05093,65,Male,78.0,106.0,91,18,94.8,37.6,88.9,1.77,Yes,Yes,No,None,Normal,3,Low
P05094,62,Male,116.0,106.0,93,19,97.5,37.8,88.1,3.03,Yes,No,No,None,Abnormal,6,Medium
P05095,30,Female,96.0,136.0,66,21,98.9,37.4,65.0,2.39,No,No,No,Respiratory,Normal,1,Low
P05096,86,Male,77.0,121.0,76,19,90.3,35.7,56.3,2.32,No,No,No,Diabetes,Normal,8,High
P05097,42,Male,108.0,133.0,96,14,100.0,37.1,141.8,1.58,No,No,No,None,Abnormal,3,Low
P05098,37,Male,94.0,88.0,60,21,96.4,37.5,93.5,2.36,No,No,No,None,Normal,3,Low
P05099,83,Male,66.0,123.0,95,22,96.3,37.0,216.8,1.55,No,No,No,None,Normal,2,Low
P05100,62,Male,122.0,151.0,69,20,91.8,36.3,96.1,2.14,No,No,No,Hypertension,Normal,6,Medium
P05101,64,Male,90.0,97.0,65,21,94.3,36.8,141.9,3.45,Yes,No,No,None,Normal,5,Medium
P05102,80,Female,85.0,125.0,78,22,100.0,37.7,117.2,3.05,No,No,No,Diabetes,Normal,4,Medium
P05103,72,Male,68.0,79.0,61,16,96.2,37.3,50.0,1.71,No,No,No,None,Normal,6,Medium
P05104,36,Female,109.0,92.0,50,16,97.2,37.4,61.2,1.98,No,No,No,Hypertension,Normal,4,Medium
P05105,52,Female,95.0,145.0,79,29,94.6,36.8,54.6,0.92,No,Yes,No,None,Normal,4,Medium
P05106,70,Female,98.0,117.0,86,25,100.0,37.3,173.8,1.61,No,No,No,None,Normal,2,Low
P05107,43,Female,75.0,171.0,96,18,95.5,35.3,166.9,0.5,Yes,No,Yes,Cardiac,Abnormal,8,High
P05108,31,Female,102.0,136.0,87,21,99.4,37.0,192.1,2.53,Yes,No,No,Diabetes,Abnormal,6,Medium
P05109,62,Female,103.0,138.0,107,13,95.5,36.7,50.0,1.2,No,Yes,No,Cardiac,Normal,6,Medium
P05110,61,Female,72.0,98.0,98,15,97.0,37.0,60.2,1.72,No,Yes,No,Diabetes,Abnormal,7,Medium
P05111,82,Female,57.0,115.0,89,12,97.1,36.1,139.2,1.44,Yes,Yes,No,None,Abnormal,6,Medium
P05112,68,Male,97.0,107.0,85,19,98.8,37.3,84.3,2.62,No,No,No,Hypertension,Normal,3,Low
P05113,60,Female,54.0,98.0,96,19,98.2,38.5,142.8,2.9,No,No,No,Multiple,Normal,6,Medium
P05114,40,Female,88.0,142.0,45,23,,37.1,,2.93,Yes,No,No,Respiratory,Normal,4,Medium
P05115,73,Female,76.0,147.0,71,17,99.5,37.0,93.1,0.78,No,No,No,Diabetes,Normal,2,Low
P05116,36,Male,109.0,135.0,50,23,93.0,39.0,50.0,2.32,No,Yes,No,Respiratory,Normal,9,High
P05117,72,Female,77.0,104.0,88,21,92.4,36.2,91.9,1.1,Yes,No,No,None,Normal,4,Medium
P05118,77,Male,107.0,133.0,67,30,95.1,37.4,129.8,1.92,No,No,No,Cardiac,Normal,5,Medium
P05119,76,Female,75.0,77.0,123,26,97.2,38.3,75.5,2.57,Yes,No,No,Cardiac,Normal,9,High
P05120,50,Female,105.0,158.0,70,25,92.9,36.7,117.7,1.59,No,Yes,No,Cardiac,Normal,6,Medium
P05121,36,Male,126.0,93.0,80,22,95.8,37.7,73.1,1.98,Yes,No,No,None,Normal,5,Medium
P05122,45,Female,64.0,97.0,72,14,91.8,37.1,84.0,1.3,No,No,No,None,Abnormal,6,Medium
P05123,69,Male,91.0,128.0,71,19,,36.1,86.8,2.67,No,Yes,No,None,Normal,3,Low
P05124,66,Male,140.0,130.0,59,29,98.9,36.9,133.6,1.63,No,Yes,Yes,None,Abnormal,10,High
P05125,54,Female,86.0,123.0,59,21,93.5,37.0,149.3,1.37,Yes,No,No,Hypertension,Normal,4,Medium
P05126,43,Female,86.0,97.0,45,14,92.3,36.5,188.5,2.07,No,Yes,No,None,Abnormal,7,Medium
P05127,57,Male,101.0,153.0,86,20,97.1,35.7,146.2,,No,No,Yes,None,Abnormal,8,High
P05128,55,Male,86.0,83.0,72,13,93.6,36.7,129.6,0.68,No,No,No,Multiple,Abnormal,9,High
P05129,71,Female,51.0,88.0,107,14,100.0,35.8,186.0,2.17,No,Yes,No,Hypertension,Abnormal,9,High
P05130,39,Female,108.0,122.0,59,20,96.6,37.4,126.0,1.4,Yes,No,Yes,None,Abnormal,7,Medium
P05131,33,Female,45.0,93.0,100,22,99.1,37.4,139.6,2.33,No,No,No,Hypertension,Abnormal,5,Medium
P05132,45,Male,77.0,156.0,102,14,92.1,36.0,153.3,1.39,No,Yes,No,Hypertension,Normal,4,Medium
P05133,52,Female,109.0,96.0,97,15,97.4,37.1,121.9,1.11,Yes,Yes,No,Respiratory,Normal,6,Medium
P05134,77,Male,78.0,164.0,82,11,93.0,35.9,112.3,1.23,Yes,Yes,No,Cardiac,Normal,8,High
P05135,62,Female,71.0,151.0,73,17,95.5,36.7,108.3,1.93,No,No,No,None,Normal,1,Low
P05136,63,Male,103.0,156.0,97,8,93.7,36.5,92.1,2.23,No,No,No,Diabetes,Normal,5,Medium
P05137,89,Male,68.0,172.0,66,17,99.1,37.4,95.2,1.3,No,No,No,Diabetes,Abnormal,5,Medium
P05138,72,Female,61.0,127.0,82,18,97.0,35.7,157.5,1.84,Yes,No,Yes,None,Normal,6,Medium
P05139,43,Male,90.0,100.0,77,9,96.4,37.8,,1.28,No,No,No,Respiratory,Normal,1,Low
P05140,42,Male,81.0,122.0,65,13,100.0,38.0,120.5,1.5,No,Yes,No,None,Normal,1,Low
P05141,82,Male,60.0,111.0,82,18,96.0,36.9,114.1,1.41,No,No,No,None,Normal,2,Low
P05142,23,Male,98.0,107.0,89,17,99.1,35.9,58.0,1.23,Yes,Yes,No,Respiratory,Normal,6,Medium
P05143,40,Male,94.0,129.0,64,17,100.0,35.3,148.5,0.82,No,Yes,No,Cardiac,Normal,3,Low
P05144,81,Female,78.0,117.0,85,19,96.4,37.9,61.5,1.74,No,No,No,Diabetes,Normal,3,Low
P05145,60,Female,79.0,106.0,45,10,96.8,38.6,85.2,2.71,No,Yes,No,None,Normal,4,Medium
P05146,40,Male,94.0,119.0,62,22,98.9,37.0,111.6,1.87,No,No,No,None,Normal,0,Low
P05147,47,Female,109.0,139.0,71,16,100.0,36.1,174.6,1.56,Yes,No,No,Cardiac,Normal,3,Low
P05148,35,Male,79.0,149.0,83,15,96.4,36.1,135.8,2.44,Yes,No,No,Cardiac,Normal,2,Low
P05149,38,Male,98.0,85.0,91,9,94.1,37.9,127.4,1.41,Yes,No,No,None,Normal,4,Medium
P05150,74,Female,96.0,117.0,79,17,98.6,37.1,169.1,1.95,Yes,Yes,No,Respiratory,Normal,4,Medium
P05151,40,Male,103.0,121.0,86,21,97.7,36.2,104.4,0.56,No,No,No,Cardiac,Normal,2,Low
P05152,62,Male,86.0,95.0,76,19,98.6,38.8,194.9,1.8,Yes,No,No,Diabetes,Normal,6,Medium
P05153,61,Male,67.0,122.0,84,19,98.1,37.8,135.1,1.53,Yes,No,No,Cardiac,Normal,3,Low
P05154,64,Female,76.0,129.0,83,16,96.6,37.4,120.3,0.5,No,Yes,No,None,Normal,2,Low
P05155,57,Female,92.0,138.0,70,18,96.8,36.6,50.0,1.44,No,No,No,Diabetes,Normal,3,Low
P05156,68,Male,121.0,127.0,73,12,98.1,38.0,154.0,0.5,No,Yes,No,Cardiac,Abnormal,7,Medium
P05157,59,Male,75.0,103.0,87,18,91.7,37.7,136.5,1.33,No,Yes,No,None,Normal,3,Low
P05158,24,Male,101.0,175.0,105,16,100.0,36.9,106.1,2.19,Yes,No,No,None,Abnormal,4,Medium
P05159,67,Male,78.0,146.0,96,12,97.3,37.9,94.8,1.07,No,No,No,None,Normal,1,Low
P05160,65,Male,87.0,139.0,61,22,93.5,37.8,195.5,1.23,No,No,No,Hypertension,Normal,4,Medium
P05161,23,Female,115.0,150.0,61,10,96.6,37.2,83.1,0.58,No,No,No,Multiple,Abnormal,5,Medium
P05162,26,Female,100.0,131.0,70,21,100.0,36.1,129.0,2.03,No,No,No,Multiple,Abnormal,4,Medium
P05163,74,Female,60.0,157.0,79,21,96.9,36.2,116.4,1.45,Yes,No,No,Diabetes,Normal,3,Low
P05164,48,Female,74.0,126.0,79,15,93.8,35.7,142.5,1.77,No,No,No,None,Normal,3,Low
P05165,38,Male,110.0,125.0,97,23,92.2,38.1,50.0,2.72,No,No,Yes,Cardiac,Normal,11,High
P05166,57,Male,88.0,141.0,97,15,100.0,35.8,141.9,1.0,No,Yes,No,Respiratory,Normal,3,Low
P05167,62,Female,62.0,164.0,78,15,90.8,37.0,179.0,2.81,No,Yes,No,Multiple,Normal,7,Medium
P05168,66,Female,69.0,163.0,75,12,97.0,35.7,50.0,1.6,No,No,No,None,Abnormal,6,Medium
P05169,37,Male,99.0,140.0,86,18,94.2,38.3,77.1,2.64,Yes,No,No,Hypertension,Abnormal,5,Medium
P05170,34,Female,105.0,138.0,94,13,99.1,36.1,137.6,1.71,Yes,No,No,None,Normal,2,Low
P05171,45,Male,85.0,142.0,86,14,92.4,37.3,109.6,0.5,No,No,No,None,Normal,2,Low
P05172,58,Male,135.0,150.0,72,18,100.0,35.7,142.2,0.81,No,Yes,No,None,Normal,4,Medium
P05173,83,Male,101.0,157.0,69,18,95.6,37.7,144.8,1.59,No,No,Yes,Respiratory,Normal,7,Medium
P05174,42,Female,80.0,119.0,61,24,95.3,37.9,124.0,0.5,Yes,Yes,No,Diabetes,Normal,4,Medium
P05175,75,Female,69.0,158.0,81,23,95.1,37.0,185.5,2.22,No,No,No,None,Normal,3,Low
P05176,58,Female,66.0,134.0,87,21,94.2,36.9,145.1,2.46,No,No,No,Multiple,Normal,2,Low
P05177,23,Female,92.0,141.0,89,17,94.9,37.6,62.0,0.61,No,No,No,None,Normal,0,Low
P05178,55,Female,75.0,160.0,95,16,98.2,36.5,143.0,1.57,No,No,No,Hypertension,Normal,1,Low
P05179,23,Male,118.0,,100,18,90.8,37.9,113.7,,No,Yes,No,Hypertension,Abnormal,7,Medium
P05180,62,Female,114.0,148.0,57,15,93.8,37.2,136.9,2.35,Yes,No,No,None,Normal,5,Medium
P05181,31,Male,98.0,115.0,84,14,100.0,35.7,161.7,2.13,No,Yes,No,None,Normal,2,Low
P05182,83,Male,61.0,162.0,85,18,95.7,38.5,179.6,,No,Yes,No,Multiple,Abnormal,7,Medium
P05183,57,Male,72.0,142.0,77,14,94.3,37.1,118.4,0.67,No,No,No,Diabetes,Abnormal,3,Low
P05184,20,Female,110.0,128.0,66,14,92.2,36.7,148.5,1.8,No,No,No,None,Abnormal,5,Medium
P05185,41,Female,74.0,153.0,100,23,92.5,37.1,71.8,1.7,No,Yes,No,None,Normal,4,Medium
P05186,36,Female,107.0,190.0,69,11,98.9,36.4,96.5,1.14,No,No,No,None,Normal,3,Low
P05187,35,Female,,96.0,45,13,93.5,36.9,92.5,3.49,No,Yes,No,Multiple,Abnormal,10,High
P05188,81,Female,86.0,105.0,78,24,98.4,37.6,156.4,1.94,No,No,No,None,Abnormal,5,Medium
P05189,52,Female,71.0,192.0,74,16,93.1,37.6,184.1,1.28,Yes,Yes,No,Diabetes,Abnormal,9,High
P05190,79,Female,83.0,136.0,106,25,95.6,37.5,242.6,1.35,No,Yes,No,None,Normal,4,Medium
P05191,18,Female,89.0,130.0,85,12,95.8,36.5,149.5,2.47,Yes,No,No,Respiratory,Normal,2,Low
P05192,42,Male,106.0,122.0,73,18,93.7,36.3,160.0,2.75,No,No,No,None,Normal,4,Medium
P05193,62,Female,67.0,155.0,75,22,96.2,37.3,50.0,2.29,No,No,No,Multiple,Normal,5,Medium
P05194,66,Male,80.0,190.0,75,13,,37.6,50.0,2.61,Yes,No,No,Respiratory,Normal,12,High
P05195,33,Male,86.0,108.0,111,26,95.7,36.4,80.2,0.81,No,Yes,Yes,Respiratory,Abnormal,8,High
P05196,36,Male,98.0,123.0,88,16,97.3,36.8,64.8,1.76,No,No,No,None,Normal,0,Low
P05197,40,Male,67.0,116.0,57,21,93.5,37.3,135.5,0.88,No,No,Yes,None,Normal,5,Medium
P05198,42,Female,59.0,143.0,74,15,96.6,36.9,184.4,2.44,No,No,Yes,Hypertension,Normal,4,Medium
P05199,33,Female,98.0,156.0,78,25,96.5,37.9,115.5,2.52,No,No,No,None,Normal,2,Low
P05200,71,Male,,166.0,61,20,96.6,36.0,88.8,,Yes,No,No,Multiple,Normal,4,Medium
P05201,90,Male,111.0,144.0,51,28,92.0,35.8,127.2,1.32,No,No,No,None,Normal,7,Medium
P05202,18,Male,82.0,188.0,87,24,96.3,37.9,86.2,1.03,No,No,No,Cardiac,Normal,4,Medium
P05203,59,Female,54.0,111.0,66,22,90.8,37.5,93.3,1.98,No,No,No,None,Normal,2,Low
P05204,36,Male,75.0,104.0,97,13,94.1,37.1,107.2,1.72,No,No,No,Hypertension,Normal,1,Low
P05205,51,Male,93.0,162.0,78,18,96.0,36.7,130.5,1.83,No,No,No,Respiratory,Abnormal,3,Low
P05206,72,Female,74.0,128.0,71,16,96.6,37.4,50.0,1.54,Yes,Yes,No,None,Normal,5,Medium
P05207,35,Male,85.0,91.0,42,18,92.4,37.2,50.0,3.27,Yes,No,No,None,Normal,8,High
P05208,51,Female,100.0,117.0,96,19,95.1,37.2,80.6,2.57,No,No,No,Hypertension,Normal,2,Low
P05209,62,Female,81.0,131.0,82,13,98.4,36.9,135.9,1.69,No,No,No,None,Normal,1,Low
P05210,23,Male,66.0,109.0,71,17,93.1,37.4,64.4,0.58,No,No,No,Respiratory,Normal,3,Low
P05211,38,Male,79.0,100.0,65,18,89.5,37.7,188.4,0.5,No,No,No,Multiple,Normal,6,Medium
P05212,87,Male,113.0,120.0,102,13,97.6,37.7,149.1,0.51,No,No,No,Cardiac,Normal,4,Medium
P05213,65,Female,,98.0,62,22,93.2,37.4,141.8,2.15,No,No,No,Diabetes,Abnormal,9,High
P05214,56,Female,45.0,141.0,72,19,94.1,37.0,149.2,1.67,No,Yes,No,Diabetes,Normal,2,Low
P05215,48,Female,107.0,76.0,87,22,96.4,37.4,132.1,2.79,No,No,No,None,Normal,5,Medium
P05216,27,Male,90.0,127.0,100,20,96.2,38.0,135.3,2.37,No,No,No,Hypertension,Normal,1,Low
P05217,47,Male,103.0,138.0,75,9,99.1,36.9,164.7,0.5,No,No,No,None,Normal,1,Low
P05218,35,Male,74.0,123.0,67,14,95.3,36.8,155.0,1.14,Yes,No,No,Cardiac,Normal,2,Low
P05219,77,Male,50.0,152.0,76,26,96.2,37.4,127.0,0.5,No,No,No,None,Normal,3,Low
P05220,90,Male,97.0,91.0,92,22,90.9,37.6,191.9,1.48,No,Yes,No,Multiple,Normal,9,High
P05221,32,Male,66.0,107.0,95,10,97.9,36.9,118.1,2.05,Yes,No,No,Cardiac,Normal,2,Low
P05222,21,Female,57.0,117.0,57,20,93.9,37.4,96.8,1.86,No,No,No,Diabetes,Normal,3,Low
P05223,80,Female,59.0,143.0,80,14,100.0,36.3,55.7,1.79,Yes,No,No,None,Normal,5,Medium
P05224,57,Female,97.0,130.0,56,8,95.4,37.0,86.1,0.86,No,Yes,No,None,Normal,1,Low
P05225,26,Male,88.0,179.0,91,26,97.3,38.2,163.1,3.65,No,No,No,Cardiac,Normal,3,Low
P05226,26,Female,101.0,105.0,84,18,97.9,37.5,113.6,1.92,No,No,No,Multiple,Abnormal,5,Medium
P05227,43,Female,98.0,90.0,64,19,95.7,36.5,134.2,3.06,No,Yes,No,Multiple,Normal,6,Medium
P05228,21,Female,77.0,170.0,101,12,97.3,36.6,118.2,2.45,No,No,No,Multiple,Normal,2,Low
P05229,33,Male,84.0,89.0,83,12,100.0,36.0,66.9,2.29,No,No,No,Multiple,Normal,5,Medium
P05230,32,Male,75.0,142.0,81,10,93.7,38.3,103.5,2.29,Yes,Yes,No,Cardiac,Abnormal,7,Medium
P05231,69,Female,81.0,101.0,75,25,89.3,36.2,81.6,1.36,No,No,No,None,Abnormal,8,High
P05232,86,Male,66.0,,78,10,92.1,35.0,97.6,1.33,Yes,No,No,None,Normal,9,High
P05233,22,Male,93.0,116.0,72,26,99.0,35.9,79.5,1.72,Yes,No,No,Diabetes,Normal,4,Medium
P05234,37,Male,107.0,147.0,67,13,94.6,37.0,134.3,1.67,No,No,No,Hypertension,Normal,2,Low
P05235,35,Male,69.0,94.0,96,12,100.0,36.4,,0.5,No,No,No,Diabetes,Normal,3,Low
P05236,19,Female,111.0,139.0,71,18,98.2,37.1,116.4,1.79,No,Yes,No,None,Normal,2,Low
P05237,30,Male,87.0,144.0,70,15,94.0,37.3,50.0,2.26,Yes,No,No,Diabetes,Normal,4,Medium
P05238,21,Female,90.0,93.0,76,18,93.7,36.5,60.9,0.76,No,No,No,Hypertension,Abnormal,7,Medium
P05239,59,Female,51.0,119.0,99,14,94.7,36.3,140.8,0.94,No,No,No,Cardiac,Normal,1,Low
P05240,78,Male,49.0,164.0,95,16,89.8,37.7,84.8,1.85,No,Yes,No,None,Normal,7,Medium
P05241,25,Male,88.0,141.0,72,14,96.8,37.2,84.8,2.13,No,Yes,No,Hypertension,Normal,2,Low
P05242,84,Male,101.0,118.0,96,22,98.1,34.9,117.8,1.67,Yes,No,No,None,Normal,6,Medium
P05243,80,Female,72.0,135.0,80,21,93.1,35.8,83.5,2.08,No,No,No,Multiple,Abnormal,9,High
P05244,26,Female,118.0,108.0,65,19,91.3,35.6,50.0,1.91,No,No,No,Hypertension,Abnormal,9,High
P05245,28,Female,100.0,153.0,71,23,93.3,36.9,78.0,1.49,Yes,No,No,None,Normal,4,Medium
P05246,59,Female,67.0,153.0,99,19,99.0,37.2,98.9,1.77,No,No,No,Hypertension,Normal,1,Low
P05247,30,Female,86.0,128.0,109,19,98.4,36.9,92.8,1.78,No,No,No,None,Normal,0,Low
P05248,53,Female,135.0,131.0,83,17,96.6,36.5,143.0,1.82,No,Yes,No,Hypertension,Abnormal,6,Medium
P05249,30,Female,60.0,100.0,70,14,100.0,37.8,118.5,1.68,No,No,No,None,Abnormal,2,Low
P05250,29,Male,96.0,91.0,76,14,90.9,37.3,115.7,,Yes,No,No,None,Normal,5,Medium
P05251,54,Female,79.0,116.0,67,19,95.4,36.3,161.3,2.56,No,Yes,No,None,Normal,2,Low
P05252,90,Female,99.0,123.0,69,23,97.7,36.3,52.6,2.15,No,No,No,Hypertension,Normal,6,Medium
P05253,69,Female,110.0,152.0,67,21,98.4,36.4,177.6,0.5,No,Yes,No,Diabetes,Normal,4,Medium
P05254,88,Female,77.0,148.0,77,21,98.4,36.7,181.1,0.69,No,Yes,Yes,Cardiac,Normal,7,Medium
P05255,19,Male,107.0,130.0,80,12,98.2,37.0,110.4,2.27,No,No,No,None,Normal,1,Low
P05256,73,Female,129.0,155.0,76,21,100.0,37.3,99.3,1.15,No,No,No,Hypertension,Normal,4,Medium
P05257,77,Female,86.0,101.0,75,16,98.3,36.3,168.7,2.74,Yes,No,No,Diabetes,Abnormal,7,Medium
P05258,40,Male,101.0,152.0,89,19,92.5,35.9,104.4,0.62,No,Yes,No,Diabetes,Normal,6,Medium
P05259,57,Male,73.0,105.0,75,21,94.6,37.3,129.1,2.46,No,No,No,Multiple,Normal,2,Low
P05260,81,Female,85.0,156.0,76,12,90.9,37.7,126.1,1.1,No,No,No,Respiratory,Abnormal,7,Medium
P05261,40,Female,81.0,125.0,75,19,99.0,38.4,134.6,2.7,No,No,No,None,Abnormal,3,Low
P05262,46,Female,101.0,75.0,101,19,99.6,37.3,71.0,1.21,Yes,Yes,No,Cardiac,Normal,7,Medium
P05263,68,Female,109.0,143.0,71,23,92.3,36.4,132.6,1.03,No,No,No,None,Abnormal,7,Medium
P05264,86,Female,83.0,145.0,87,15,94.9,37.5,79.7,1.86,Yes,No,Yes,Multiple,Normal,8,High
P05265,48,Female,116.0,114.0,67,18,90.7,36.9,91.0,0.63,No,No,No,Multiple,Normal,5,Medium
P05266,67,Male,116.0,116.0,83,19,95.6,35.9,152.1,1.04,Yes,No,No,Respiratory,Normal,5,Medium
P05267,37,Male,102.0,121.0,86,15,,37.0,94.9,2.49,No,No,No,Hypertension,Normal,4,Medium
P05268,72,Female,75.0,77.0,94,15,92.5,37.2,89.5,2.96,Yes,Yes,No,None,Normal,9,High
P05269,19,Female,73.0,70.0,72,15,95.9,38.1,123.2,1.62,No,No,No,Diabetes,Normal,4,Medium
P05270,42,Female,69.0,158.0,61,17,100.0,37.1,168.9,1.4,No,No,No,Diabetes,Normal,1,Low
P05271,30,Male,104.0,104.0,66,27,98.4,36.3,211.2,0.58,Yes,No,No,Diabetes,Abnormal,6,Medium
P05272,87,Female,61.0,,92,18,95.2,35.5,160.7,2.31,No,No,No,Hypertension,Normal,4,Medium
P05273,84,Male,99.0,159.0,109,20,95.9,36.0,160.2,1.45,Yes,No,No,Cardiac,Normal,4,Medium
P05274,75,Male,63.0,164.0,91,18,100.0,36.2,114.0,0.83,No,Yes,No,None,Normal,3,Low
P05275,81,Female,101.0,109.0,59,16,99.8,38.3,217.4,2.02,No,No,Yes,Hypertension,Normal,7,Medium
P05276,86,Male,85.0,85.0,90,18,95.1,36.8,,0.74,No,No,No,Diabetes,Normal,6,Medium
P05277,76,Female,112.0,98.0,64,22,97.5,36.9,113.6,1.92,No,No,No,None,Normal,5,Medium
P05278,77,Male,108.0,114.0,73,18,93.0,37.9,130.3,1.49,Yes,No,No,None,Normal,6,Medium
P05279,79,Female,114.0,70.0,81,17,96.1,37.5,125.6,1.95,No,No,No,Hypertension,Abnormal,9,High
P05280,33,Female,114.0,113.0,83,17,98.3,36.8,62.4,0.64,Yes,No,No,Respiratory,Normal,3,Low
P05281,85,Male,88.0,120.0,79,13,99.1,37.9,87.1,1.96,Yes,No,No,None,Abnormal,5,Medium
P05282,32,Male,62.0,93.0,69,23,94.1,36.5,130.2,,No,Yes,No,None,Normal,4,Medium
P05283,72,Male,64.0,99.0,94,16,99.0,37.2,83.4,,No,No,No,Diabetes,Normal,4,Medium
P05284,52,Female,45.0,119.0,70,25,96.4,36.0,140.9,1.73,Yes,No,No,None,Normal,2,Low
P05285,72,Male,63.0,134.0,97,19,95.1,37.2,116.4,0.5,Yes,No,No,Hypertension,Abnormal,5,Medium
P05286,31,Male,86.0,103.0,58,25,100.0,37.8,152.5,1.79,No,No,Yes,None,Abnormal,6,Medium
P05287,66,Female,,132.0,81,17,94.9,37.7,,2.36,Yes,No,No,None,Normal,2,Low
P05288,24,Female,81.0,128.0,60,14,,37.7,134.3,1.44,Yes,Yes,No,Cardiac,Abnormal,7,Medium
P05289,47,Male,95.0,126.0,65,23,94.0,39.3,50.0,0.76,No,No,No,Respiratory,Abnormal,7,Medium
P05290,66,Male,79.0,109.0,70,15,98.2,36.8,50.6,1.46,No,No,No,None,Normal,3,Low
P05291,33,Male,63.0,92.0,101,24,93.0,36.3,82.9,0.5,No,No,No,Diabetes,Abnormal,8,High
P05292,68,Female,84.0,167.0,98,21,98.5,37.4,127.4,2.05,No,No,No,Hypertension,Normal,2,Low
P05293,89,Female,67.0,141.0,91,25,93.4,36.3,83.8,2.4,No,No,No,None,Normal,5,Medium
P05294,59,Male,80.0,150.0,78,13,95.8,36.1,144.1,1.42,Yes,No,Yes,Cardiac,Normal,5,Medium
P05295,34,Female,112.0,123.0,81,23,100.0,36.8,130.5,1.59,Yes,No,No,None,Abnormal,5,Medium
P05296,80,Male,80.0,121.0,97,14,93.4,38.6,96.6,2.69,Yes,Yes,No,None,Normal,8,High
P05297,62,Male,120.0,137.0,89,8,89.9,37.6,124.0,3.03,No,No,No,Cardiac,Normal,8,High
P05298,24,Female,114.0,79.0,78,22,100.0,37.3,97.2,2.38,No,No,No,Respiratory,Normal,5,Medium
P05299,44,Male,73.0,97.0,100,18,91.8,35.7,127.6,0.99,No,No,No,Cardiac,Abnormal,8,High
P05300,27,Male,63.0,105.0,90,23,93.6,36.5,94.6,2.79,No,No,No,Multiple,Abnormal,8,High
P05301,51,Female,84.0,114.0,82,18,98.2,38.1,130.9,2.29,Yes,No,No,Multiple,Normal,3,Low
P05302,53,Male,,103.0,71,18,98.1,36.8,169.4,1.99,Yes,No,Yes,Respiratory,Normal,6,Medium
P05303,42,Male,75.0,133.0,70,25,88.9,38.8,65.6,2.05,No,No,No,Hypertension,Normal,7,Medium
P05304,23,Female,103.0,127.0,73,19,95.0,37.4,87.2,2.65,No,Yes,No,None,Normal,3,Low
P05305,41,Male,109.0,160.0,85,16,98.6,36.9,88.9,0.5,No,No,No,Multiple,Normal,3,Low
P05306,35,Male,70.0,187.0,91,18,100.0,36.7,127.4,1.68,Yes,No,Yes,None,Normal,6,Medium
P05307,23,Female,71.0,93.0,56,19,92.3,36.9,148.5,0.89,Yes,Yes,No,Diabetes,Abnormal,9,High
P05308,46,Female,99.0,129.0,49,8,99.2,35.8,50.0,2.13,No,Yes,No,Hypertension,Normal,5,Medium
P05309,42,Female,88.0,129.0,64,20,94.0,37.8,107.7,1.15,Yes,No,No,Multiple,Normal,3,Low
P05310,72,Male,71.0,125.0,72,25,99.1,37.4,116.1,4.27,Yes,No,No,Respiratory,Normal,7,Medium
P05311,63,Female,,98.0,96,18,92.9,36.8,150.3,2.4,No,No,No,Hypertension,Abnormal,8,High
P05312,41,Male,84.0,102.0,74,16,95.3,36.9,79.2,0.87,No,Yes,No,Respiratory,Normal,2,Low
P05313,43,Female,54.0,131.0,82,20,97.2,37.6,144.2,2.57,No,No,No,Respiratory,Abnormal,4,Medium
P05314,45,Male,100.0,101.0,84,27,98.9,38.6,126.7,1.47,No,Yes,No,None,Normal,3,Low
P05315,20,Male,75.0,129.0,63,20,97.7,38.2,186.0,1.87,No,No,Yes,None,Abnormal,5,Medium
P05316,55,Female,45.0,119.0,100,19,94.7,37.1,202.8,1.69,No,No,No,Diabetes,Normal,1,Low
P05317,78,Male,85.0,129.0,68,16,94.5,36.3,146.8,0.5,Yes,No,Yes,Cardiac,Normal,7,Medium
P05318,68,Male,,101.0,101,13,100.0,35.8,104.6,1.32,Yes,No,Yes,Hypertension,Normal,7,Medium
P05319,65,Female,119.0,129.0,76,18,96.8,37.1,134.6,0.9,Yes,No,No,None,Normal,3,Low
P05320,38,Male,73.0,103.0,73,18,94.6,36.4,138.3,0.5,No,Yes,No,None,Normal,1,Low
P05321,71,Male,63.0,129.0,61,8,97.6,37.1,136.1,1.38,No,No,No,Respiratory,Abnormal,4,Medium
P05322,73,Male,95.0,158.0,81,14,97.9,37.2,131.8,1.59,Yes,No,No,Multiple,Abnormal,6,Medium
P05323,76,Female,72.0,132.0,112,24,91.9,37.6,,0.62,No,No,No,None,Abnormal,7,Medium
P05324,89,Female,69.0,133.0,84,17,97.5,36.1,157.0,2.66,No,No,No,Multiple,Normal,5,Medium
P05325,68,Female,95.0,145.0,82,8,91.5,36.3,202.9,2.1,No,No,No,Hypertension,Normal,4,Medium
P05326,37,Female,64.0,90.0,68,26,94.1,36.7,50.0,1.88,Yes,Yes,No,Respiratory,Abnormal,10,High
P05327,76,Female,56.0,168.0,87,14,93.0,37.2,167.0,2.21,No,No,No,Respiratory,Normal,5,Medium
P05328,88,Female,120.0,99.0,80,16,95.6,37.2,120.7,2.24,No,No,No,None,Normal,5,Medium
P05329,26,Female,97.0,147.0,77,23,94.7,39.1,83.4,2.01,Yes,No,No,Hypertension,Normal,4,Medium
P05330,18,Female,80.0,144.0,85,14,95.4,35.2,61.0,3.04,Yes,No,No,None,Abnormal,5,Medium
P05331,46,Male,85.0,102.0,51,8,90.3,37.9,127.2,0.5,No,No,No,Diabetes,Abnormal,5,Medium
P05332,80,Male,95.0,150.0,76,19,95.8,37.8,116.4,2.23,No,No,No,Diabetes,Normal,3,Low
P05333,89,Male,,137.0,60,22,92.7,36.3,71.9,1.5,Yes,Yes,No,Respiratory,Normal,8,High
P05334,73,Male,70.0,172.0,78,16,100.0,36.6,113.8,2.92,No,No,No,None,Abnormal,4,Medium
P05335,85,Female,92.0,130.0,67,17,94.8,38.4,156.5,2.09,No,Yes,No,Respiratory,Normal,4,Medium
P05336,52,Male,75.0,122.0,68,12,95.2,36.5,177.1,1.71,No,No,No,Diabetes,Normal,1,Low
P05337,20,Male,81.0,112.0,58,13,98.1,36.5,120.1,2.95,No,Yes,No,None,Normal,2,Low
P05338,24,Male,88.0,81.0,95,16,100.0,37.1,120.0,1.65,No,No,No,Hypertension,Normal,4,Medium
P05339,44,Male,85.0,117.0,68,21,92.5,37.4,139.9,2.14,Yes,No,No,Multiple,Abnormal,7,Medium
P05340,18,Male,100.0,118.0,69,18,97.7,37.8,161.6,1.3,Yes,No,No,Multiple,Normal,3,Low
P05341,88,Female,95.0,132.0,101,23,98.9,37.8,122.3,1.91,Yes,Yes,No,Multiple,Normal,7,Medium
P05342,61,Female,55.0,89.0,87,26,96.6,37.6,129.0,3.45,No,No,No,Diabetes,Normal,7,Medium
P05343,58,Male,58.0,119.0,47,22,96.5,35.5,99.0,2.49,No,No,No,None,Normal,1,Low
P05344,59,Male,78.0,139.0,99,10,94.5,37.0,108.7,2.14,No,No,No,Respiratory,Normal,1,Low
P05345,50,Male,122.0,142.0,103,17,95.0,37.5,89.6,0.7,No,No,No,None,Normal,2,Low
P05346,67,Male,68.0,79.0,101,22,95.7,37.5,73.6,3.69,Yes,No,No,Multiple,Normal,8,High
P05347,80,Female,81.0,143.0,88,17,94.7,36.4,66.8,0.82,Yes,No,No,Diabetes,Abnormal,6,Medium
P05348,54,Male,74.0,119.0,61,10,98.7,36.2,80.5,1.86,No,No,No,Cardiac,Normal,1,Low
P05349,76,Female,74.0,120.0,77,15,93.4,36.1,77.8,2.17,Yes,Yes,Yes,Diabetes,Normal,10,High
P05350,65,Male,89.0,70.0,56,8,98.6,37.4,126.9,2.31,No,No,No,Hypertension,Abnormal,7,Medium
P05351,22,Female,113.0,162.0,65,17,100.0,37.8,132.9,1.24,Yes,No,Yes,None,Normal,5,Medium
P05352,65,Female,94.0,129.0,61,15,97.1,37.1,98.2,2.34,No,No,No,None,Normal,1,Low
P05353,20,Female,69.0,87.0,69,16,90.6,36.1,81.4,0.82,Yes,No,No,Diabetes,Normal,7,Medium
P05354,64,Male,140.0,134.0,80,24,97.8,37.1,201.1,3.13,No,Yes,No,Respiratory,Abnormal,9,High
P05355,79,Male,87.0,134.0,71,11,94.1,36.2,97.4,0.77,No,Yes,No,None,Abnormal,5,Medium
P05356,31,Female,73.0,,71,14,94.4,36.4,91.3,1.39,No,No,No,Diabetes,Normal,1,Low
P05357,80,Male,113.0,117.0,74,12,97.1,36.7,52.1,2.26,No,No,No,None,Normal,5,Medium
P05358,78,Male,76.0,,100,23,99.3,36.4,135.7,1.66,No,Yes,No,None,Normal,4,Medium
P05359,48,Female,118.0,109.0,110,24,91.0,36.1,187.8,3.01,No,No,No,Cardiac,Normal,6,Medium
P05360,34,Male,68.0,140.0,71,20,96.2,38.2,107.5,2.81,No,No,No,Multiple,Normal,3,Low
P05361,41,Female,114.0,105.0,83,20,100.0,35.5,101.1,2.19,Yes,Yes,No,None,Normal,4,Medium
P05362,40,Male,89.0,103.0,65,12,92.7,36.5,126.1,1.22,No,Yes,No,Diabetes,Normal,4,Medium
P05363,67,Male,111.0,123.0,90,19,95.4,36.8,127.3,1.7,Yes,No,No,Multiple,Normal,5,Medium
P05364,87,Female,123.0,94.0,71,12,94.2,38.0,50.0,0.63,No,No,No,Multiple,Abnormal,12,High
P05365,44,Female,62.0,165.0,67,18,98.1,37.2,140.9,1.13,No,No,No,Cardiac,Normal,1,Low
P05366,32,Female,111.0,173.0,108,16,92.2,36.8,190.0,1.61,Yes,No,No,Diabetes,Normal,5,Medium
P05367,67,Female,57.0,114.0,58,15,91.3,36.4,117.2,2.5,No,No,No,None,Normal,3,Low
P05368,53,Male,64.0,90.0,41,18,98.5,37.9,110.7,2.14,No,No,No,Hypertension,Normal,3,Low
P05369,25,Male,69.0,133.0,89,21,96.7,36.4,146.8,1.58,No,No,No,Diabetes,Normal,1,Low
P05370,20,Male,95.0,113.0,72,27,92.4,37.2,142.0,1.19,Yes,No,No,None,Normal,4,Medium
P05371,79,Female,86.0,154.0,68,21,95.8,36.9,121.9,2.41,No,No,No,Respiratory,Normal,3,Low
P05372,64,Male,82.0,105.0,119,29,92.2,37.4,145.9,1.34,No,No,No,Diabetes,Normal,5,Medium
P05373,78,Male,88.0,139.0,89,19,98.8,38.3,147.8,2.34,No,No,No,Hypertension,Abnormal,5,Medium
P05374,49,Male,97.0,128.0,77,27,96.8,37.6,68.1,2.21,No,No,No,Diabetes,Normal,2,Low
P05375,30,Female,98.0,108.0,67,20,93.9,36.9,69.1,2.65,No,No,No,Cardiac,Normal,4,Medium
P05376,18,Female,107.0,131.0,85,19,94.3,38.3,63.3,1.12,Yes,No,No,None,Normal,2,Low
P05377,51,Male,121.0,147.0,52,17,94.6,38.3,54.5,1.45,No,No,No,Hypertension,Normal,5,Medium
P05378,79,Male,85.0,127.0,70,19,92.8,37.9,147.4,1.8,No,No,Yes,Hypertension,Normal,8,High
P05379,88,Female,75.0,127.0,77,20,100.0,37.2,147.5,1.55,No,No,No,Cardiac,Normal,3,Low
P05380,48,Female,97.0,103.0,81,11,99.5,36.4,132.9,1.26,No,No,No,Hypertension,Normal,1,Low
P05381,81,Female,62.0,154.0,76,22,94.8,35.1,181.5,1.25,Yes,No,No,Diabetes,Abnormal,7,Medium
P05382,42,Female,71.0,151.0,68,11,95.1,37.2,102.7,0.78,No,Yes,No,None,Abnormal,3,Low
P05383,55,Male,105.0,115.0,92,22,92.6,37.6,87.4,1.18,No,No,No,Hypertension,Abnormal,6,Medium
P05384,31,Female,83.0,122.0,53,21,95.5,35.9,119.9,2.36,No,Yes,No,None,Normal,2,Low
P05385,25,Male,61.0,160.0,74,25,97.5,37.3,160.7,2.51,Yes,No,No,Multiple,Normal,5,Medium
P05386,71,Female,,97.0,70,14,99.5,36.6,91.4,2.04,No,No,Yes,None,Normal,6,Medium
P05387,19,Male,86.0,140.0,93,13,93.3,37.4,192.7,1.6,Yes,No,No,Respiratory,Abnormal,6,Medium
P05388,73,Male,108.0,111.0,71,24,90.9,36.5,112.1,1.71,No,Yes,No,Diabetes,Normal,7,Medium
P05389,78,Female,108.0,169.0,85,13,93.0,36.4,135.5,2.93,No,No,No,None,Normal,6,Medium
P05390,39,Male,87.0,127.0,83,12,97.7,37.0,121.5,2.48,No,Yes,No,None,Normal,1,Low
P05391,52,Male,125.0,157.0,50,19,95.9,36.1,99.1,0.5,No,No,No,Multiple,Abnormal,6,Medium
P05392,33,Male,83.0,106.0,77,18,99.0,37.8,151.4,1.12,No,No,No,None,Abnormal,2,Low
P05393,67,Female,82.0,94.0,52,19,,37.0,,1.38,No,Yes,No,Hypertension,Normal,7,Medium
P05394,60,Female,45.0,119.0,83,21,100.0,36.1,101.5,3.02,No,No,No,Hypertension,Normal,3,Low
P05395,34,Female,76.0,132.0,67,21,91.2,36.5,146.8,2.31,No,No,No,Hypertension,Abnormal,5,Medium
P05396,75,Male,102.0,112.0,96,18,88.5,37.5,56.9,0.65,No,No,No,Multiple,Normal,11,High
P05397,19,Male,116.0,144.0,75,18,100.0,36.8,87.0,2.36,Yes,No,No,Cardiac,Normal,3,Low
P05398,21,Male,68.0,120.0,66,18,93.6,37.6,95.3,4.1,No,Yes,No,Hypertension,Normal,7,Medium
P05399,56,Male,94.0,73.0,96,18,96.4,36.2,101.8,2.46,No,No,No,Multiple,Normal,5,Medium
P05400,23,Female,106.0,139.0,65,11,96.4,36.8,90.9,1.1,No,No,No,Cardiac,Normal,2,Low
P05401,86,Male,85.0,103.0,91,22,97.0,36.9,74.3,3.0,No,No,No,None,Normal,3,Low
P05402,86,Male,45.0,116.0,85,23,94.6,38.8,112.2,2.07,No,No,No,None,Abnormal,6,Medium
P05403,37,Male,90.0,164.0,73,21,93.1,36.4,147.2,1.26,Yes,No,No,Respiratory,Normal,4,Medium
P05404,81,Female,100.0,169.0,58,21,92.9,37.5,130.3,1.84,No,No,No,None,Normal,4,Medium
P05405,33,Male,,111.0,97,13,97.8,37.4,156.1,1.61,No,Yes,No,None,Normal,1,Low
P05406,68,Female,80.0,139.0,86,11,98.3,38.4,107.0,1.24,Yes,No,Yes,Cardiac,Normal,6,Medium
P05407,54,Female,62.0,111.0,66,22,95.2,38.1,165.4,0.83,No,No,No,None,Normal,0,Low
P05408,90,Male,,118.0,82,18,94.2,36.6,64.0,1.32,No,No,No,Respiratory,Abnormal,5,Medium
P05409,86,Male,106.0,110.0,93,19,97.7,36.2,167.4,1.76,No,No,No,None,Abnormal,5,Medium
P05410,59,Male,85.0,82.0,80,19,91.6,35.9,158.7,2.44,No,No,No,None,Normal,6,Medium
P05411,74,Male,117.0,127.0,82,19,100.0,37.2,51.9,0.78,No,Yes,No,Hypertension,Abnormal,8,High
P05412,83,Female,102.0,132.0,93,21,97.4,37.8,,0.7,No,Yes,No,Hypertension,Normal,5,Medium
P05413,26,Female,78.0,108.0,101,18,95.5,37.9,,1.88,Yes,Yes,No,Hypertension,Normal,3,Low
P05414,81,Female,83.0,152.0,76,8,98.5,36.8,110.8,1.54,No,No,No,Diabetes,Normal,3,Low
P05415,39,Female,96.0,114.0,58,21,97.9,37.0,117.6,1.49,No,No,No,None,Normal,0,Low
P05416,51,Female,104.0,109.0,58,21,96.7,38.1,90.2,1.06,No,No,No,Hypertension,Normal,2,Low
P05417,72,Female,91.0,138.0,68,12,90.3,36.4,152.6,1.1,Yes,No,No,Cardiac,Normal,5,Medium
P05418,46,Female,107.0,86.0,64,12,97.2,35.0,115.2,0.9,Yes,No,No,Diabetes,Abnormal,9,High
P05419,55,Female,79.0,148.0,53,22,100.0,37.9,70.0,0.5,No,No,No,None,Normal,0,Low
P05420,35,Female,65.0,115.0,106,24,94.3,36.1,113.5,2.07,No,No,No,None,Normal,1,Low
P05421,88,Female,84.0,150.0,86,8,98.9,36.8,96.0,2.2,No,No,Yes,None,Abnormal,7,Medium
P05422,82,Male,89.0,157.0,70,20,98.5,37.4,139.6,3.13,No,Yes,No,Multiple,Normal,6,Medium
P05423,18,Male,61.0,141.0,78,17,96.9,36.6,62.4,2.27,No,No,No,Diabetes,Normal,1,Low
P05424,21,Male,58.0,105.0,51,18,96.5,37.9,195.1,1.77,Yes,No,No,Cardiac,Abnormal,4,Medium
P05425,21,Female,94.0,94.0,95,19,97.7,39.1,119.8,2.18,No,No,No,None,Normal,3,Low
P05426,44,Male,77.0,89.0,49,14,97.2,36.4,65.6,1.5,No,Yes,No,None,Normal,4,Medium
P05427,60,Female,82.0,153.0,86,21,100.0,37.1,106.9,1.12,Yes,No,No,Respiratory,Abnormal,5,Medium
P05428,76,Female,78.0,122.0,50,15,98.9,37.0,95.7,2.32,No,No,No,None,Normal,2,Low
P05429,49,Male,115.0,110.0,72,22,98.1,37.3,83.2,2.05,No,Yes,No,None,Normal,2,Low
P05430,50,Female,110.0,122.0,97,23,99.2,36.5,132.0,0.78,No,No,No,Diabetes,Normal,3,Low
P05431,45,Male,60.0,152.0,53,14,98.1,36.5,204.2,1.77,No,No,No,Respiratory,Normal,1,Low
P05432,72,Female,74.0,144.0,76,14,89.8,36.5,189.8,1.13,No,No,No,None,Abnormal,7,Medium
P05433,77,Female,102.0,136.0,87,19,95.6,36.6,123.1,2.54,No,No,No,None,Normal,4,Medium
P05434,87,Male,97.0,141.0,85,26,94.1,36.6,83.8,1.46,No,No,No,Cardiac,Normal,4,Medium
P05435,79,Male,84.0,130.0,79,15,97.0,35.0,126.2,3.17,No,No,No,None,Normal,4,Medium
P05436,51,Male,62.0,133.0,85,16,94.3,37.1,144.5,2.74,No,Yes,No,Hypertension,Normal,3,Low
P05437,73,Male,71.0,131.0,69,20,97.8,36.8,123.1,0.93,No,No,No,Diabetes,Normal,2,Low
P05438,30,Male,75.0,125.0,107,21,94.7,36.4,144.8,1.27,Yes,No,No,Multiple,Abnormal,5,Medium
P05439,73,Male,91.0,144.0,54,21,100.0,37.1,132.8,2.34,No,No,No,Respiratory,Normal,2,Low
P05440,35,Female,119.0,134.0,95,18,100.0,37.0,126.4,1.84,No,No,Yes,Cardiac,Abnormal,7,Medium
P05441,71,Female,71.0,103.0,81,16,91.7,36.7,66.4,1.58,No,No,No,Hypertension,Abnormal,6,Medium
P05442,60,Female,64.0,138.0,87,20,97.0,37.0,109.8,1.84,No,No,No,Hypertension,Abnormal,4,Medium
P05443,56,Female,83.0,131.0,90,8,94.6,36.5,191.4,1.7,No,Yes,No,Diabetes,Normal,2,Low
P05444,78,Male,106.0,140.0,86,27,96.8,36.1,134.6,2.61,No,Yes,No,None,Normal,6,Medium
P05445,59,Female,56.0,122.0,66,17,97.8,38.6,161.7,1.57,No,No,No,Cardiac,Normal,2,Low
P05446,35,Female,114.0,145.0,74,19,92.2,36.6,195.5,2.17,Yes,Yes,No,Hypertension,Normal,6,Medium
P05447,40,Male,82.0,123.0,56,28,93.1,37.2,67.8,2.17,No,No,Yes,None,Normal,6,Medium
P05448,71,Female,70.0,143.0,74,14,93.5,39.1,219.0,2.79,No,No,No,Cardiac,Normal,6,Medium
P05449,47,Male,53.0,114.0,83,30,94.3,36.7,153.9,1.74,Yes,No,No,Hypertension,Normal,3,Low
P05450,75,Male,99.0,115.0,87,22,94.4,37.4,161.5,1.93,No,No,No,None,Abnormal,4,Medium
P05451,85,Male,82.0,140.0,84,20,98.4,38.9,88.2,2.1,No,No,No,None,Normal,3,Low
P05452,84,Female,88.0,117.0,52,21,96.7,35.7,144.0,1.28,Yes,No,No,Hypertension,Normal,5,Medium
P05453,88,Male,67.0,180.0,70,14,93.4,38.1,83.0,1.67,No,No,No,None,Normal,4,Medium
P05454,35,Female,79.0,139.0,68,10,95.0,37.2,121.0,1.07,No,No,No,Hypertension,Abnormal,3,Low
P05455,24,Female,75.0,126.0,58,12,88.9,36.6,128.5,2.35,Yes,No,No,Cardiac,Normal,6,Medium
P05456,57,Female,83.0,145.0,65,23,100.0,37.0,105.4,3.05,No,No,No,Respiratory,Abnormal,5,Medium
P05457,87,Male,72.0,113.0,78,13,96.1,36.7,161.0,0.5,No,No,No,Diabetes,Abnormal,5,Medium
P05458,82,Male,54.0,148.0,99,10,99.0,38.3,94.2,2.6,No,No,No,Diabetes,Abnormal,6,Medium
P05459,85,Male,140.0,147.0,64,18,98.4,37.0,50.0,1.76,No,Yes,Yes,Hypertension,Normal,11,High
P05460,66,Female,58.0,156.0,61,21,95.9,37.6,105.2,2.81,No,No,No,None,Normal,2,Low
P05461,69,Female,89.0,114.0,69,18,88.9,36.6,165.1,2.01,Yes,No,No,Respiratory,Normal,7,Medium
P05462,46,Male,50.0,,83,21,94.3,37.2,213.2,2.58,No,No,No,Hypertension,Abnormal,6,Medium
P05463,38,Female,45.0,110.0,96,24,97.1,36.7,167.6,1.72,No,No,Yes,Diabetes,Abnormal,7,Medium
P05464,26,Male,87.0,118.0,77,21,96.2,35.9,157.7,1.84,No,No,No,None,Normal,1,Low
P05465,64,Male,88.0,167.0,56,17,99.1,38.0,99.9,2.57,No,No,No,Multiple,Normal,4,Medium
P05466,59,Female,110.0,180.0,60,15,96.0,37.3,207.1,3.76,Yes,No,No,Multiple,Normal,5,Medium
P05467,68,Female,93.0,134.0,81,22,100.0,37.6,142.4,1.38,No,Yes,No,None,Abnormal,4,Medium
P05468,73,Male,82.0,125.0,93,19,92.8,36.4,143.9,1.89,Yes,Yes,No,None,Normal,5,Medium
P05469,68,Female,66.0,116.0,105,14,97.6,37.9,140.1,1.22,No,No,No,None,Normal,1,Low
P05470,87,Male,,146.0,60,25,92.9,37.4,68.7,1.61,Yes,No,Yes,None,Abnormal,12,High
P05471,37,Male,104.0,180.0,80,19,98.7,37.1,130.4,1.39,No,No,No,None,Abnormal,3,Low
P05472,44,Female,60.0,170.0,63,21,93.7,37.8,56.8,1.0,Yes,No,No,None,Normal,5,Medium
P05473,55,Male,86.0,153.0,65,16,90.7,36.7,148.1,2.21,No,Yes,No,Cardiac,Normal,4,Medium
P05474,89,Female,88.0,153.0,63,24,91.5,38.0,128.4,1.96,No,No,No,Hypertension,Abnormal,8,High
P05475,82,Male,78.0,146.0,73,10,94.6,36.5,89.7,1.08,No,No,No,None,Normal,2,Low
P05476,71,Female,100.0,124.0,65,26,100.0,37.0,160.0,0.87,No,Yes,No,Multiple,Abnormal,7,Medium
P05477,41,Female,102.0,107.0,115,8,98.2,36.3,100.7,2.49,No,No,No,None,Abnormal,3,Low
P05478,64,Male,81.0,124.0,71,11,97.3,36.1,101.6,1.4,Yes,No,No,Respiratory,Normal,3,Low
P05479,88,Female,79.0,136.0,93,19,95.8,36.6,136.4,3.59,No,No,No,Multiple,Abnormal,7,Medium
P05480,80,Female,115.0,89.0,68,15,92.6,36.9,114.4,1.73,No,No,Yes,None,Normal,11,High
P05481,74,Male,,121.0,111,16,93.2,37.4,124.3,1.84,No,No,No,Multiple,Abnormal,8,High
P05482,72,Female,86.0,104.0,83,15,94.3,36.5,156.3,1.62,Yes,No,No,Diabetes,Abnormal,5,Medium
P05483,77,Male,52.0,150.0,91,14,94.1,37.5,85.5,0.67,No,No,No,None,Normal,2,Low
P05484,79,Female,92.0,111.0,69,20,94.0,36.7,82.1,0.67,Yes,No,Yes,Hypertension,Normal,7,Medium
P05485,47,Male,99.0,133.0,93,18,93.1,36.6,105.7,2.91,Yes,No,No,None,Abnormal,6,Medium
P05486,39,Male,45.0,107.0,83,22,96.0,37.5,112.5,2.87,No,Yes,No,None,Normal,2,Low
P05487,46,Male,90.0,165.0,72,18,93.7,36.6,140.7,1.01,Yes,Yes,No,Respiratory,Normal,5,Medium
P05488,58,Male,77.0,82.0,62,16,99.4,38.5,192.7,2.2,No,No,No,Respiratory,Normal,4,Medium
P05489,59,Female,81.0,137.0,74,22,99.4,37.3,113.3,2.87,No,Yes,No,Multiple,Abnormal,6,Medium
P05490,82,Male,,93.0,73,9,97.8,35.9,116.4,0.74,No,Yes,No,None,Normal,6,Medium
P05491,48,Female,82.0,112.0,91,8,97.5,36.9,88.9,1.79,No,No,No,Hypertension,Normal,1,Low
P05492,47,Male,113.0,130.0,75,10,91.3,36.5,84.1,1.38,Yes,No,No,None,Normal,4,Medium
P05493,35,Female,76.0,131.0,49,16,100.0,35.7,142.1,1.93,Yes,No,No,Multiple,Abnormal,6,Medium
P05494,34,Male,104.0,131.0,88,20,95.2,37.8,116.6,2.79,No,No,Yes,None,Normal,5,Medium
P05495,55,Female,69.0,129.0,97,8,98.4,37.9,164.9,2.12,No,No,No,Multiple,Normal,2,Low
P05496,31,Female,100.0,109.0,53,18,98.5,36.4,160.5,2.27,No,No,No,None,Abnormal,2,Low
P05497,73,Male,85.0,121.0,105,16,92.9,37.6,149.8,0.5,Yes,No,No,Hypertension,Normal,5,Medium
P05498,39,Male,92.0,126.0,99,19,94.1,37.7,56.6,2.36,No,No,No,Diabetes,Abnormal,5,Medium
P05499,84,Male,85.0,130.0,69,8,97.2,37.0,142.3,1.77,No,Yes,No,Hypertension,Normal,4,Medium
P05500,73,Female,98.0,123.0,61,31,91.4,37.8,77.6,3.53,Yes,Yes,No,Diabetes,Normal,10,High
P05501,36,Female,45.0,143.0,94,18,95.7,37.2,50.0,2.28,No,No,No,Cardiac,Normal,3,Low
P05502,74,Female,57.0,127.0,57,12,88.8,37.9,123.8,1.54,No,No,No,None,Normal,5,Medium
P05503,61,Female,93.0,130.0,68,19,96.0,36.1,169.3,3.31,Yes,No,No,None,Normal,3,Low
P05504,52,Male,45.0,115.0,58,25,100.0,37.1,143.5,1.74,No,No,Yes,None,Abnormal,6,Medium
P05505,18,Male,74.0,,78,12,96.0,37.2,79.7,2.02,No,No,No,None,Normal,2,Low
P05506,69,Male,84.0,129.0,100,11,91.6,36.1,226.9,0.69,No,No,No,None,Abnormal,5,Medium
P05507,87,Male,68.0,155.0,84,17,94.3,36.2,147.7,1.3,No,No,No,Hypertension,Normal,3,Low
P05508,54,Female,71.0,136.0,93,18,97.8,35.7,81.3,1.23,No,No,No,Diabetes,Normal,2,Low
P05509,82,Female,90.0,105.0,73,22,96.5,37.0,50.0,1.65,No,Yes,No,Diabetes,Normal,6,Medium
P05510,68,Male,105.0,145.0,79,25,97.4,36.6,106.8,0.82,Yes,No,Yes,Respiratory,Abnormal,10,High
P05511,18,Female,66.0,117.0,60,22,95.5,36.0,50.0,0.5,No,No,No,Hypertension,Normal,3,Low
P05512,38,Male,73.0,143.0,77,11,93.7,38.0,73.8,1.89,No,Yes,No,Hypertension,Abnormal,6,Medium
P05513,70,Female,70.0,116.0,67,13,96.4,37.3,50.0,0.63,No,No,No,Hypertension,Normal,4,Medium
P05514,33,Female,45.0,134.0,76,14,96.2,36.4,84.9,2.38,No,No,No,Hypertension,Normal,1,Low
P05515,78,Female,88.0,112.0,75,22,99.1,37.2,93.7,3.38,Yes,No,No,Hypertension,Normal,5,Medium
P05516,71,Female,104.0,113.0,73,21,94.6,36.8,80.1,1.98,Yes,No,No,Hypertension,Abnormal,6,Medium
P05517,57,Female,105.0,86.0,110,24,96.1,35.8,207.0,2.01,No,No,No,None,Normal,6,Medium
P05518,43,Female,68.0,138.0,105,21,95.6,37.2,107.5,0.5,No,No,No,Cardiac,Abnormal,3,Low
P05519,82,Male,60.0,134.0,99,15,100.0,38.3,168.1,2.3,No,No,Yes,Hypertension,Normal,6,Medium
P05520,81,Female,85.0,136.0,105,17,93.7,38.1,137.8,1.74,Yes,No,No,Cardiac,Normal,6,Medium
P05521,60,Male,,132.0,99,11,94.8,37.1,106.7,2.18,Yes,No,No,None,Abnormal,5,Medium
P05522,34,Male,88.0,106.0,78,21,93.1,36.7,95.9,0.86,No,No,No,Hypertension,Normal,3,Low
P05523,76,Male,91.0,149.0,76,15,99.9,37.5,169.0,1.59,No,Yes,No,Cardiac,Normal,4,Medium
P05524,40,Male,108.0,150.0,82,24,100.0,37.2,73.6,2.78,Yes,No,No,None,Normal,4,Medium
P05525,24,Male,70.0,105.0,75,21,95.3,36.9,89.9,,No,No,No,Cardiac,Abnormal,3,Low
P05526,61,Male,81.0,138.0,62,28,99.6,38.5,89.3,1.54,No,No,No,Cardiac,Abnormal,5,Medium
P05527,70,Female,118.0,147.0,82,20,97.0,36.7,118.0,2.52,No,No,Yes,Hypertension,Normal,7,Medium
P05528,88,Female,81.0,113.0,55,20,98.1,37.8,78.7,2.36,Yes,Yes,No,None,Normal,4,Medium
P05529,51,Female,60.0,118.0,80,17,93.0,37.1,152.5,2.65,No,No,No,Multiple,Normal,5,Medium
P05530,63,Male,72.0,138.0,63,16,96.5,37.1,158.0,1.23,No,No,Yes,Diabetes,Normal,5,Medium
P05531,85,Male,66.0,87.0,77,17,100.0,35.7,86.3,1.68,Yes,No,No,Respiratory,Abnormal,10,High
P05532,33,Male,92.0,98.0,81,23,100.0,37.9,136.1,1.08,No,Yes,No,Multiple,Abnormal,8,High
P05533,88,Female,67.0,100.0,73,11,98.4,37.7,81.4,1.03,No,Yes,No,None,Abnormal,5,Medium
P05534,36,Female,90.0,80.0,53,18,98.9,37.2,122.2,1.04,No,No,No,Diabetes,Abnormal,6,Medium
P05535,19,Female,70.0,152.0,60,10,100.0,37.8,161.8,1.77,Yes,No,No,Diabetes,Abnormal,4,Medium
P05536,27,Male,45.0,75.0,85,20,98.4,37.3,119.1,3.07,No,No,No,Diabetes,Normal,5,Medium
P05537,67,Male,91.0,134.0,70,16,94.0,36.0,110.8,2.82,No,No,No,None,Normal,2,Low
P05538,29,Male,88.0,145.0,86,21,99.6,36.2,206.5,2.23,No,Yes,No,Multiple,Abnormal,5,Medium
P05539,87,Female,95.0,118.0,78,14,95.8,37.0,129.4,1.07,No,No,No,None,Abnormal,4,Medium
P05540,39,Male,72.0,108.0,75,17,97.5,35.6,81.3,0.98,No,No,No,None,Abnormal,3,Low
P05541,49,Male,69.0,131.0,83,21,96.4,37.9,78.2,1.57,No,Yes,No,None,Normal,1,Low
P05542,18,Male,93.0,125.0,68,19,93.9,36.8,206.2,2.13,Yes,No,No,None,Abnormal,5,Medium
P05543,71,Male,115.0,150.0,84,26,96.9,37.1,85.4,2.25,No,No,No,Diabetes,Abnormal,6,Medium
P05544,75,Female,85.0,70.0,72,16,98.9,36.2,86.9,1.99,Yes,No,No,None,Normal,6,Medium
P05545,87,Female,93.0,102.0,116,15,98.2,37.5,116.1,1.73,No,No,No,Diabetes,Normal,3,Low
P05546,35,Male,79.0,139.0,61,24,97.4,36.9,144.3,1.97,No,No,No,Hypertension,Normal,2,Low
P05547,23,Male,54.0,126.0,73,16,95.4,36.7,65.4,1.36,No,No,No,Hypertension,Normal,1,Low
P05548,62,Female,104.0,144.0,73,16,91.0,38.1,103.9,0.65,Yes,No,No,Multiple,Normal,7,Medium
P05549,40,Female,103.0,132.0,58,20,95.9,38.0,61.3,1.57,No,No,Yes,Multiple,Normal,6,Medium
P05550,40,Male,99.0,122.0,89,17,97.7,37.6,108.9,1.95,No,No,No,Hypertension,Normal,1,Low
P05551,43,Female,81.0,117.0,72,16,89.5,37.2,147.9,1.7,No,No,No,Hypertension,Abnormal,7,Medium
P05552,24,Female,97.0,183.0,42,15,95.8,36.6,105.0,0.58,Yes,No,No,Diabetes,Normal,4,Medium
P05553,61,Male,103.0,163.0,88,25,95.7,36.8,,1.63,Yes,Yes,No,Cardiac,Abnormal,8,High
P05554,44,Female,117.0,137.0,68,17,93.3,36.7,81.1,1.31,No,No,No,None,Abnormal,5,Medium
P05555,43,Female,105.0,127.0,76,15,98.3,37.3,123.7,2.87,No,No,No,None,Normal,2,Low
P05556,53,Female,86.0,138.0,88,17,98.8,37.0,167.3,2.25,Yes,Yes,No,Hypertension,Abnormal,5,Medium
P05557,72,Female,59.0,146.0,73,20,100.0,37.0,155.4,0.5,No,No,No,Hypertension,Normal,2,Low
P05558,81,Male,88.0,135.0,72,25,95.9,38.2,220.7,1.84,No,No,No,Cardiac,Normal,4,Medium
P05559,74,Female,90.0,106.0,115,17,99.9,37.9,,0.89,No,No,Yes,Multiple,Normal,6,Medium
P05560,86,Female,99.0,170.0,46,14,93.5,36.4,79.2,0.64,No,No,No,None,Abnormal,6,Medium
P05561,78,Male,112.0,131.0,59,28,94.9,37.2,118.4,0.5,No,Yes,No,Hypertension,Normal,6,Medium
P05562,19,Female,83.0,175.0,62,19,98.0,36.4,81.5,2.5,No,No,No,Hypertension,Abnormal,3,Low
P05563,72,Male,127.0,130.0,105,17,94.0,37.5,119.8,2.61,No,No,No,Diabetes,Abnormal,7,Medium
P05564,55,Male,50.0,119.0,68,18,95.5,38.5,164.3,0.6,No,No,No,None,Normal,0,Low
P05565,46,Female,93.0,160.0,82,12,98.5,36.7,142.9,2.7,No,Yes,No,Cardiac,Abnormal,5,Medium
P05566,43,Female,69.0,133.0,71,18,96.0,37.6,110.8,3.48,No,Yes,No,Cardiac,Normal,3,Low
P05567,52,Female,47.0,128.0,87,22,93.2,38.3,87.5,1.63,Yes,Yes,No,None,Normal,4,Medium
P05568,84,Female,81.0,95.0,78,24,94.2,36.9,128.0,1.08,No,No,No,Cardiac,Abnormal,8,High
P05569,46,Female,56.0,142.0,82,16,95.2,37.4,136.2,1.74,No,No,No,None,Normal,0,Low
P05570,51,Male,,113.0,97,19,97.8,38.4,64.8,2.73,Yes,Yes,No,None,Normal,3,Low
P05571,58,Female,,114.0,85,24,95.0,36.3,74.2,2.85,No,No,No,None,Normal,2,Low
P05572,58,Male,107.0,113.0,67,18,88.7,36.2,103.4,1.77,No,No,No,Multiple,Normal,7,Medium
P05573,40,Female,55.0,136.0,83,22,98.4,36.0,61.7,1.06,Yes,No,No,Hypertension,Abnormal,4,Medium
P05574,88,Male,103.0,87.0,114,20,97.9,37.6,50.0,1.99,No,No,No,Hypertension,Normal,9,High
P05575,20,Female,87.0,120.0,86,15,92.8,36.2,73.8,1.72,Yes,Yes,No,Multiple,Normal,6,Medium
P05576,75,Female,106.0,,80,13,92.6,37.4,130.3,1.9,No,No,No,None,Abnormal,7,Medium
P05577,49,Female,76.0,94.0,57,23,100.0,38.1,119.1,1.49,No,No,No,Multiple,Normal,5,Medium
P05578,48,Female,58.0,129.0,89,8,95.3,36.5,97.2,1.95,No,No,No,None,Normal,0,Low
P05579,60,Female,61.0,109.0,91,15,98.3,36.4,77.6,0.5,Yes,No,No,Hypertension,Normal,3,Low
P05580,24,Male,59.0,115.0,83,11,93.9,37.5,129.8,2.09,No,No,No,Cardiac,Abnormal,5,Medium
P05581,18,Female,95.0,166.0,80,23,98.0,37.0,127.7,2.71,No,No,No,None,Normal,2,Low
P05582,78,Female,115.0,84.0,120,25,93.2,35.1,164.7,1.65,No,Yes,No,Cardiac,Abnormal,14,High
P05583,31,Female,74.0,144.0,91,14,97.3,38.2,50.0,1.9,No,No,No,Hypertension,Normal,3,Low
P05584,69,Male,98.0,113.0,97,32,97.1,37.4,50.0,0.52,Yes,No,No,Hypertension,Normal,8,High
P05585,23,Female,55.0,112.0,79,25,89.8,36.7,152.5,2.22,No,Yes,No,None,Normal,6,Medium
P05586,27,Male,89.0,97.0,76,19,96.4,36.7,133.9,2.54,No,No,No,Multiple,Normal,5,Medium
P05587,88,Female,98.0,144.0,87,25,93.8,37.6,152.4,3.11,No,No,No,None,Normal,6,Medium
P05588,47,Male,56.0,120.0,76,15,99.3,37.0,79.3,0.5,No,No,No,Diabetes,Normal,1,Low
P05589,38,Female,81.0,117.0,77,17,96.7,37.0,99.4,2.22,No,Yes,No,None,Abnormal,3,Low
P05590,77,Female,99.0,128.0,85,20,95.3,37.1,63.9,0.5,No,Yes,No,Diabetes,Abnormal,6,Medium
P05591,80,Male,45.0,121.0,70,15,100.0,36.3,50.0,2.11,No,No,No,Multiple,Abnormal,8,High
P05592,59,Female,112.0,75.0,81,12,90.3,36.7,120.6,1.36,No,Yes,No,None,Normal,7,Medium
P05593,68,Male,92.0,113.0,79,13,100.0,36.8,171.6,2.2,Yes,No,No,Respiratory,Normal,3,Low
P05594,81,Female,99.0,147.0,93,17,100.0,36.4,108.3,,Yes,Yes,No,None,Abnormal,6,Medium
P05595,73,Female,77.0,87.0,69,20,94.8,37.2,86.3,1.87,No,No,No,Respiratory,Normal,5,Medium
P05596,58,Male,51.0,98.0,48,16,98.7,37.4,70.2,1.43,No,No,No,None,Abnormal,4,Medium
P05597,49,Female,96.0,114.0,73,10,97.5,38.3,159.6,1.93,Yes,No,No,None,Normal,1,Low
P05598,32,Male,83.0,107.0,84,20,88.5,36.4,118.2,2.55,No,No,No,None,Normal,5,Medium
P05599,79,Male,86.0,124.0,92,24,95.7,37.7,119.9,,No,No,No,Hypertension,Normal,4,Medium
P05600,44,Female,107.0,98.0,68,15,92.2,38.1,57.2,2.43,No,Yes,No,Multiple,Normal,10,High
P05601,45,Female,100.0,115.0,86,26,91.9,37.8,78.3,0.69,No,Yes,No,None,Abnormal,6,Medium
P05602,81,Female,123.0,124.0,95,22,95.1,36.6,144.4,1.85,Yes,No,No,Diabetes,Normal,6,Medium
P05603,76,Male,88.0,141.0,89,13,95.2,36.8,93.9,1.41,No,No,No,Cardiac,Abnormal,5,Medium
P05604,75,Male,71.0,156.0,66,15,99.6,38.2,88.9,2.42,No,No,No,None,Normal,2,Low
P05605,19,Female,81.0,118.0,68,16,93.7,36.9,215.4,2.22,No,No,No,Cardiac,Abnormal,5,Medium
P05606,53,Male,93.0,172.0,85,17,94.8,37.0,117.8,1.39,Yes,No,No,None,Normal,1,Low
P05607,88,Male,105.0,120.0,102,8,100.0,36.6,108.1,1.92,No,No,Yes,Multiple,Normal,8,High
P05608,30,Male,56.0,146.0,78,14,95.4,37.6,109.6,1.69,No,Yes,No,Multiple,Normal,3,Low
P05609,32,Male,85.0,173.0,76,15,94.5,35.0,87.9,2.11,No,No,No,Cardiac,Abnormal,4,Medium
P05610,77,Female,117.0,128.0,57,27,98.6,36.4,112.1,2.08,No,No,No,Diabetes,Abnormal,7,Medium
P05611,39,Female,80.0,91.0,73,19,97.6,36.2,192.6,1.85,Yes,Yes,No,None,Normal,4,Medium
P05612,80,Female,104.0,127.0,67,14,96.3,38.3,131.5,0.73,Yes,No,No,None,Normal,4,Medium
P05613,42,Male,95.0,110.0,78,16,98.8,37.2,51.2,2.99,No,No,No,Respiratory,Normal,4,Medium
P05614,65,Male,,118.0,55,20,92.3,36.8,97.5,2.64,No,No,No,Cardiac,Normal,6,Medium
P05615,60,Male,69.0,175.0,73,16,94.3,36.8,119.2,1.87,No,Yes,No,Multiple,Abnormal,6,Medium
P05616,55,Male,69.0,94.0,63,15,100.0,35.9,54.7,2.22,No,No,Yes,None,Normal,8,High
P05617,58,Female,85.0,133.0,92,15,86.9,38.1,96.3,2.28,No,Yes,No,Diabetes,Normal,6,Medium
P05618,62,Male,54.0,103.0,65,20,94.0,36.7,76.6,1.25,No,No,No,Multiple,Normal,3,Low
P05619,57,Male,80.0,117.0,69,11,92.4,37.5,99.2,2.79,No,Yes,No,Diabetes,Normal,5,Medium
P05620,34,Female,90.0,144.0,82,13,96.2,36.5,117.8,0.5,No,No,No,None,Normal,0,Low
P05621,74,Female,121.0,133.0,71,13,97.8,37.0,142.9,0.5,No,Yes,No,Hypertension,Abnormal,7,Medium
P05622,19,Female,93.0,119.0,113,12,99.3,36.3,68.8,1.23,No,No,Yes,Diabetes,Abnormal,6,Medium
P05623,79,Male,98.0,109.0,92,14,94.8,36.8,111.6,2.07,No,No,No,None,Abnormal,4,Medium
P05624,26,Male,108.0,133.0,78,22,93.2,37.8,101.9,1.91,Yes,No,No,Respiratory,Normal,5,Medium
P05625,85,Male,66.0,168.0,84,23,91.6,37.1,106.2,1.86,No,No,No,Hypertension,Normal,6,Medium
P05626,34,Male,,102.0,43,19,96.1,37.3,82.2,1.74,No,Yes,No,None,Normal,1,Low
P05627,67,Male,134.0,173.0,96,19,100.0,37.1,113.1,1.54,No,No,No,Hypertension,Normal,4,Medium
P05628,57,Male,83.0,155.0,86,15,94.2,38.3,134.7,0.78,Yes,Yes,No,Multiple,Normal,4,Medium
P05629,75,Female,107.0,159.0,77,8,95.8,36.3,59.3,0.7,Yes,No,No,None,Abnormal,8,High
P05630,38,Male,104.0,,86,19,96.4,36.9,184.1,0.77,No,Yes,No,Hypertension,Normal,3,Low
P05631,35,Female,55.0,154.0,88,19,94.7,37.2,152.7,0.93,No,Yes,No,Multiple,Normal,3,Low
P05632,72,Female,91.0,100.0,72,15,100.0,36.2,52.0,0.67,Yes,No,No,Diabetes,Normal,5,Medium
P05633,46,Female,88.0,108.0,84,13,99.6,37.1,172.9,0.65,Yes,No,No,Cardiac,Normal,2,Low
P05634,41,Male,92.0,144.0,94,12,98.5,37.0,175.6,1.58,No,No,No,Cardiac,Abnormal,3,Low
P05635,34,Male,70.0,132.0,85,19,98.9,37.1,94.9,2.64,No,No,No,Diabetes,Abnormal,4,Medium
P05636,35,Female,63.0,121.0,74,18,93.9,37.1,123.2,2.15,No,No,No,Diabetes,Normal,3,Low
P05637,59,Male,75.0,70.0,82,24,92.6,36.5,118.6,1.06,No,No,Yes,Hypertension,Normal,10,High
P05638,62,Male,83.0,,99,14,94.0,35.7,59.9,1.25,No,No,No,Hypertension,Normal,5,Medium
P05639,34,Female,109.0,96.0,90,17,96.8,37.1,156.1,3.32,Yes,No,No,Diabetes,Normal,6,Medium
P05640,90,Male,121.0,137.0,61,18,95.0,36.3,50.0,1.4,Yes,No,No,None,Normal,7,Medium
P05641,31,Male,113.0,120.0,87,15,97.7,36.9,126.6,0.93,Yes,No,No,Cardiac,Abnormal,5,Medium
P05642,66,Male,102.0,109.0,85,22,96.3,36.4,177.7,1.57,Yes,No,No,Respiratory,Normal,4,Medium
P05643,46,Male,65.0,191.0,95,24,92.0,35.8,50.0,1.34,Yes,Yes,No,None,Normal,10,High
P05644,21,Female,77.0,151.0,78,12,99.7,37.3,103.3,1.11,No,Yes,No,None,Normal,1,Low
P05645,37,Female,89.0,151.0,72,16,94.5,37.6,160.6,1.83,No,No,No,Diabetes,Normal,1,Low
P05646,64,Male,72.0,180.0,57,25,98.4,37.9,131.1,2.81,No,No,No,Diabetes,Normal,4,Medium
P05647,26,Male,97.0,145.0,68,20,93.5,36.6,148.3,0.74,Yes,No,No,Cardiac,Normal,4,Medium
P05648,44,Male,99.0,106.0,96,19,93.4,37.0,87.5,2.11,No,No,No,Multiple,Normal,4,Medium
P05649,32,Female,96.0,103.0,81,20,93.2,37.3,77.4,2.59,No,Yes,No,None,Normal,4,Medium
P05650,36,Male,106.0,149.0,77,21,91.7,37.8,107.0,2.16,No,No,No,None,Abnormal,5,Medium
P05651,69,Male,67.0,74.0,97,20,91.8,35.6,125.6,2.63,No,No,No,Diabetes,Abnormal,11,High
P05652,43,Female,104.0,123.0,94,19,97.1,35.8,139.0,2.23,No,Yes,No,Diabetes,Normal,4,Medium
P05653,43,Male,71.0,71.0,67,18,93.2,38.1,132.8,1.24,No,No,No,None,Normal,5,Medium
P05654,43,Female,66.0,127.0,96,25,97.0,35.7,154.1,3.24,No,No,Yes,Multiple,Abnormal,10,High
P05655,63,Male,96.0,146.0,53,17,96.3,37.7,119.6,2.22,No,Yes,Yes,Cardiac,Normal,6,Medium
P05656,66,Female,109.0,132.0,85,18,98.6,38.1,73.1,3.63,No,Yes,No,Respiratory,Normal,5,Medium
P05657,70,Male,95.0,148.0,83,26,92.9,37.6,60.8,0.5,No,Yes,Yes,Diabetes,Abnormal,11,High
P05658,20,Male,85.0,174.0,95,20,99.2,36.2,145.3,3.71,No,No,No,Multiple,Abnormal,5,Medium
P05659,83,Female,91.0,121.0,84,18,93.3,36.3,155.2,2.49,Yes,No,No,Multiple,Normal,7,Medium
P05660,59,Female,,195.0,74,21,87.8,37.0,193.9,2.18,No,No,No,Multiple,Normal,8,High
P05661,36,Female,62.0,130.0,76,19,96.6,38.4,211.9,1.06,No,Yes,No,None,Abnormal,3,Low
P05662,34,Female,60.0,149.0,118,14,93.4,38.4,153.9,2.39,Yes,Yes,No,Diabetes,Normal,5,Medium
P05663,50,Female,83.0,110.0,79,19,100.0,37.2,129.7,2.76,No,No,No,Cardiac,Normal,2,Low
P05664,66,Male,87.0,165.0,87,14,96.9,35.7,98.2,0.5,No,No,No,Respiratory,Abnormal,5,Medium
P05665,73,Female,85.0,151.0,48,27,95.7,37.1,80.0,2.26,Yes,No,No,None,Abnormal,5,Medium
P05666,80,Female,99.0,162.0,66,19,96.6,36.8,117.7,1.28,No,No,No,Hypertension,Normal,3,Low
P05667,20,Female,81.0,126.0,86,13,94.5,37.0,110.8,2.26,No,No,No,Diabetes,Normal,1,Low
P05668,66,Female,96.0,94.0,54,16,100.0,35.7,191.2,0.98,Yes,No,No,Hypertension,Normal,6,Medium
P05669,72,Male,82.0,137.0,86,22,94.4,37.2,138.4,2.82,Yes,No,No,Cardiac,Normal,4,Medium
P05670,43,Male,121.0,83.0,67,13,97.4,35.8,105.8,1.74,Yes,No,No,Diabetes,Abnormal,10,High
P05671,89,Male,87.0,117.0,62,32,93.5,35.0,79.7,2.4,No,No,No,None,Normal,8,High
P05672,69,Male,132.0,130.0,67,11,96.0,37.2,136.4,2.57,Yes,No,No,Hypertension,Abnormal,8,High
P05673,24,Male,92.0,184.0,101,23,92.3,38.5,,2.04,Yes,Yes,No,Multiple,Abnormal,11,High
P05674,63,Female,,133.0,83,16,96.7,36.3,96.9,1.1,Yes,Yes,Yes,Respiratory,Normal,7,Medium
P05675,63,Male,67.0,128.0,64,14,96.2,36.6,87.5,2.31,No,No,No,None,Normal,1,Low
P05676,33,Male,56.0,123.0,90,21,97.6,37.7,137.0,1.72,No,No,No,Cardiac,Abnormal,3,Low
P05677,41,Female,65.0,91.0,90,16,97.4,37.9,98.7,1.95,Yes,No,No,Diabetes,Abnormal,6,Medium
P05678,78,Female,67.0,127.0,72,26,96.1,37.1,102.1,1.51,No,No,No,None,Normal,3,Low
P05679,71,Male,93.0,128.0,92,11,100.0,36.4,95.6,0.5,No,No,No,Diabetes,Abnormal,4,Medium
P05680,79,Male,74.0,101.0,93,21,95.9,38.1,,1.85,No,No,No,Hypertension,Normal,3,Low
P05681,18,Female,89.0,95.0,91,17,96.1,36.0,121.3,1.32,No,Yes,No,Cardiac,Normal,4,Medium
P05682,66,Male,111.0,113.0,68,19,95.7,36.6,82.1,2.04,Yes,No,Yes,None,Normal,6,Medium
P05683,42,Female,83.0,127.0,60,21,96.6,37.5,50.0,1.77,Yes,Yes,No,Cardiac,Normal,5,Medium
P05684,27,Female,127.0,114.0,53,9,95.1,35.7,50.0,1.38,No,No,No,Respiratory,Abnormal,8,High
P05685,33,Male,61.0,99.0,68,19,,37.3,103.3,3.51,No,Yes,No,Cardiac,Normal,5,Medium
P05686,75,Male,82.0,132.0,72,23,98.3,37.9,182.8,1.55,Yes,No,Yes,Diabetes,Abnormal,10,High
P05687,89,Male,74.0,138.0,74,20,95.9,38.3,206.5,1.86,Yes,Yes,Yes,Respiratory,Normal,8,High
P05688,46,Female,104.0,128.0,77,16,99.2,36.7,105.5,3.3,No,No,No,Diabetes,Abnormal,5,Medium
P05689,23,Female,45.0,111.0,104,11,90.3,36.6,129.6,0.99,No,Yes,No,Hypertension,Abnormal,6,Medium
P05690,33,Male,56.0,140.0,73,21,100.0,37.6,108.4,2.47,Yes,No,No,None,Normal,1,Low
P05691,37,Male,,120.0,77,27,98.7,36.5,,1.2,Yes,No,Yes,None,Normal,5,Medium
P05692,88,Male,116.0,95.0,51,21,95.8,36.8,105.4,1.62,No,Yes,No,Hypertension,Normal,7,Medium
P05693,60,Female,90.0,151.0,111,24,95.8,37.3,92.7,2.12,Yes,No,No,None,Abnormal,5,Medium
P05694,43,Female,58.0,134.0,58,23,97.9,37.3,88.7,2.72,Yes,No,No,None,Abnormal,5,Medium
P05695,88,Female,61.0,122.0,67,16,92.9,35.5,143.4,0.98,No,Yes,No,None,Normal,6,Medium
P05696,50,Male,118.0,86.0,88,18,96.1,36.1,167.1,2.0,No,No,No,Cardiac,Normal,5,Medium
P05697,43,Female,73.0,106.0,82,22,96.5,35.5,97.0,1.21,No,No,No,None,Normal,1,Low
P05698,62,Female,66.0,175.0,103,10,89.9,35.7,144.1,2.32,No,No,No,Hypertension,Normal,7,Medium
P05699,80,Male,115.0,87.0,89,21,97.0,36.1,121.3,2.58,Yes,No,No,Cardiac,Normal,9,High
P05700,84,Female,105.0,119.0,77,24,91.9,36.8,99.7,2.33,No,No,No,None,Abnormal,8,High
P05701,69,Male,110.0,125.0,94,18,99.2,36.9,142.1,1.16,No,No,No,Hypertension,Normal,3,Low
P05702,85,Female,66.0,133.0,95,22,100.0,35.3,168.9,0.92,Yes,No,No,None,Normal,4,Medium
P05703,43,Male,54.0,88.0,68,15,100.0,36.3,82.0,1.66,No,No,No,Cardiac,Normal,4,Medium
P05704,19,Male,88.0,129.0,92,18,95.0,35.8,102.1,0.82,No,No,No,None,Normal,1,Low
P05705,31,Female,92.0,83.0,75,17,95.0,36.8,173.7,2.21,No,Yes,No,Diabetes,Normal,5,Medium
P05706,47,Male,92.0,127.0,76,20,90.1,36.5,113.3,2.93,No,No,No,None,Normal,3,Low
P05707,66,Female,115.0,109.0,80,17,98.0,38.0,83.2,1.17,Yes,No,No,Multiple,Abnormal,7,Medium
P05708,29,Male,50.0,103.0,72,10,91.5,36.9,121.8,2.22,No,No,No,Hypertension,Normal,3,Low
P05709,61,Male,102.0,146.0,71,14,91.7,36.5,115.3,1.17,No,No,No,None,Normal,4,Medium
P05710,50,Male,63.0,119.0,93,28,95.1,36.8,157.2,2.81,No,Yes,No,Multiple,Normal,5,Medium
P05711,30,Female,102.0,137.0,55,21,92.7,36.5,113.3,2.61,Yes,Yes,No,Cardiac,Normal,7,Medium
P05712,43,Male,76.0,138.0,62,8,93.1,38.1,114.6,1.74,Yes,No,No,Hypertension,Abnormal,6,Medium
P05713,38,Male,69.0,157.0,88,24,96.1,36.7,112.9,2.41,No,No,No,None,Normal,1,Low
P05714,45,Female,73.0,95.0,77,12,98.6,37.4,121.7,2.47,No,No,No,Diabetes,Normal,3,Low
P05715,65,Male,56.0,148.0,93,22,97.6,37.6,175.7,0.85,No,No,No,Hypertension,Normal,2,Low
P05716,57,Male,86.0,125.0,83,24,96.6,36.5,144.0,2.2,No,No,No,None,Normal,1,Low
P05717,83,Male,70.0,116.0,58,19,99.4,35.6,73.3,1.3,Yes,No,No,Diabetes,Normal,5,Medium
P05718,90,Male,101.0,96.0,79,13,96.4,36.6,126.3,1.9,No,Yes,No,Hypertension,Normal,7,Medium
P05719,40,Female,98.0,140.0,86,14,94.4,37.5,128.8,1.52,No,No,No,Hypertension,Normal,1,Low
P05720,65,Male,119.0,102.0,82,21,93.7,35.6,,1.82,No,No,No,Multiple,Normal,7,Medium
P05721,19,Male,92.0,138.0,71,12,97.7,37.2,55.8,2.54,No,No,No,None,Abnormal,5,Medium
P05722,37,Female,95.0,173.0,74,15,92.7,37.7,120.9,0.89,Yes,No,No,Multiple,Abnormal,7,Medium
P05723,76,Male,113.0,149.0,70,21,97.0,38.1,92.3,0.5,Yes,Yes,No,Cardiac,Normal,6,Medium
P05724,63,Male,72.0,160.0,58,15,94.7,37.5,55.1,1.44,No,No,No,None,Abnormal,5,Medium
P05725,20,Female,55.0,107.0,56,25,93.5,37.2,163.4,2.68,No,No,No,None,Normal,4,Medium
P05726,72,Female,89.0,144.0,84,13,93.4,37.1,103.7,1.08,No,No,No,None,Normal,3,Low
P05727,29,Female,57.0,96.0,65,8,98.9,36.0,104.3,1.39,No,No,No,None,Normal,2,Low
P05728,57,Female,,119.0,87,14,93.4,36.2,150.3,2.73,No,No,No,Multiple,Abnormal,9,High
P05729,83,Male,114.0,169.0,69,20,95.2,35.6,156.0,2.91,No,No,No,Hypertension,Normal,6,Medium
P05730,33,Female,128.0,110.0,58,22,94.6,37.1,105.0,2.35,No,No,No,Hypertension,Abnormal,5,Medium
P05731,51,Male,86.0,153.0,72,16,99.2,37.4,116.2,2.13,No,No,No,None,Normal,0,Low
P05732,61,Female,96.0,150.0,109,17,100.0,37.1,74.6,2.6,No,No,No,Multiple,Normal,4,Medium
P05733,23,Male,76.0,152.0,77,18,98.7,37.2,77.3,1.47,No,No,Yes,Multiple,Abnormal,7,Medium
P05734,81,Female,103.0,93.0,88,27,94.9,37.6,166.9,2.35,No,Yes,No,Hypertension,Abnormal,10,High
P05735,39,Female,61.0,138.0,81,20,97.0,35.9,116.8,1.16,No,Yes,No,Multiple,Normal,4,Medium
P05736,35,Male,45.0,121.0,57,16,93.3,37.1,153.8,3.09,Yes,Yes,No,Hypertension,Normal,6,Medium
P05737,29,Female,69.0,152.0,100,28,96.6,37.2,108.4,2.63,No,No,No,Respiratory,Normal,3,Low
P05738,69,Female,56.0,84.0,74,18,90.7,36.6,131.8,2.33,No,No,No,Hypertension,Normal,7,Medium
P05739,68,Female,115.0,134.0,58,8,96.7,35.3,50.0,1.53,No,No,No,None,Normal,5,Medium
P05740,88,Male,121.0,131.0,70,11,95.8,36.2,149.4,2.35,No,No,No,Cardiac,Normal,5,Medium
P05741,65,Female,57.0,75.0,75,21,97.3,36.6,113.8,1.79,Yes,No,No,None,Abnormal,7,Medium
P05742,36,Female,111.0,103.0,89,9,96.0,37.1,96.2,1.36,No,Yes,No,None,Abnormal,4,Medium
P05743,23,Male,104.0,79.0,68,20,98.5,37.0,140.1,2.27,Yes,No,No,Cardiac,Normal,6,Medium
P05744,44,Male,54.0,107.0,117,14,93.7,38.5,154.7,0.5,No,No,No,Hypertension,Abnormal,5,Medium
P05745,70,Female,77.0,139.0,64,24,98.3,37.8,98.8,2.51,Yes,Yes,No,Hypertension,Normal,6,Medium
P05746,65,Male,73.0,130.0,87,19,97.4,37.0,67.2,0.98,No,No,No,Diabetes,Normal,2,Low
P05747,24,Male,100.0,129.0,48,10,99.3,37.1,181.6,2.39,No,No,No,None,Normal,0,Low
P05748,76,Male,60.0,99.0,76,23,99.5,38.0,106.4,0.61,No,No,No,Hypertension,Abnormal,8,High
P05749,86,Female,83.0,153.0,84,25,93.1,38.0,50.0,1.47,No,Yes,No,Multiple,Abnormal,12,High
P05750,28,Female,71.0,125.0,61,12,97.6,37.3,98.1,2.16,Yes,No,No,None,Normal,1,Low
P05751,32,Male,94.0,126.0,100,14,92.5,38.4,133.0,2.5,Yes,No,No,None,Abnormal,5,Medium
P05752,81,Female,81.0,149.0,85,21,99.5,36.3,111.7,1.25,Yes,No,No,Diabetes,Normal,4,Medium
P05753,20,Male,74.0,100.0,73,21,93.4,37.0,109.8,1.06,Yes,No,No,Hypertension,Normal,4,Medium
P05754,86,Female,81.0,131.0,84,30,94.9,39.5,100.9,2.62,No,No,No,Cardiac,Abnormal,8,High
P05755,40,Male,,136.0,69,22,96.7,37.6,98.2,3.32,No,No,Yes,Diabetes,Normal,7,Medium
P05756,70,Female,77.0,111.0,97,30,98.2,36.9,63.9,1.07,No,No,No,None,Normal,2,Low
P05757,54,Male,64.0,141.0,93,18,97.1,37.1,63.1,0.5,No,No,No,Diabetes,Normal,1,Low
P05758,26,Female,97.0,137.0,84,20,98.3,37.1,129.6,3.02,No,Yes,No,Multiple,Abnormal,6,Medium
P05759,32,Female,82.0,122.0,87,15,96.0,38.3,164.2,1.68,No,No,Yes,Diabetes,Abnormal,6,Medium
P05760,20,Male,57.0,122.0,56,15,,37.6,104.0,1.08,No,No,No,None,Normal,0,Low
P05761,87,Female,130.0,138.0,100,19,90.7,36.9,170.4,1.85,Yes,Yes,No,None,Normal,8,High
P05762,34,Female,78.0,145.0,77,15,99.1,35.7,159.0,3.36,No,No,No,Hypertension,Normal,3,Low
P05763,43,Female,77.0,127.0,93,8,95.1,36.4,109.7,2.33,No,Yes,No,Diabetes,Normal,2,Low
P05764,38,Female,88.0,153.0,89,15,94.7,37.0,140.5,2.42,Yes,No,No,None,Abnormal,3,Low
P05765,89,Female,120.0,141.0,93,23,100.0,36.9,134.6,1.93,No,No,No,Respiratory,Abnormal,7,Medium
P05766,38,Female,,80.0,62,18,87.9,37.9,94.8,2.18,Yes,No,No,Hypertension,Abnormal,11,High
P05767,28,Female,91.0,90.0,64,18,96.3,36.8,50.0,,No,No,No,Respiratory,Normal,6,Medium
P05768,55,Female,127.0,155.0,112,14,89.3,37.7,120.6,1.08,Yes,No,No,Respiratory,Normal,8,High
P05769,89,Male,88.0,119.0,55,20,97.0,35.8,143.1,2.41,No,No,No,None,Normal,3,Low
P05770,52,Female,60.0,129.0,62,26,93.9,36.6,92.9,1.77,Yes,Yes,No,Multiple,Abnormal,9,High
P05771,31,Male,73.0,153.0,79,25,87.2,37.6,195.3,1.75,No,Yes,No,Diabetes,Normal,7,Medium
P05772,31,Female,89.0,125.0,79,20,99.3,38.7,156.3,0.88,No,No,No,None,Normal,1,Low
P05773,27,Male,112.0,126.0,70,14,,36.9,56.1,2.14,No,Yes,No,Diabetes,Abnormal,9,High
P05774,29,Female,78.0,103.0,87,27,98.8,37.7,107.2,2.27,No,No,No,Multiple,Abnormal,5,Medium
P05775,55,Male,102.0,134.0,92,23,93.1,38.1,81.4,1.65,No,No,Yes,Multiple,Abnormal,11,High
P05776,51,Male,56.0,140.0,78,11,94.6,37.8,100.3,2.96,No,Yes,Yes,Multiple,Normal,7,Medium
P05777,58,Female,56.0,111.0,74,9,89.1,37.6,141.2,1.87,Yes,No,No,None,Abnormal,7,Medium
P05778,27,Male,,102.0,78,11,97.3,36.7,104.9,0.5,Yes,No,No,None,Normal,1,Low
P05779,34,Female,114.0,191.0,71,16,94.3,38.2,92.2,2.24,No,Yes,No,Cardiac,Abnormal,7,Medium
P05780,34,Female,86.0,123.0,53,23,94.9,35.9,118.8,0.87,Yes,Yes,No,Respiratory,Normal,5,Medium
P05781,84,Male,91.0,108.0,83,22,,36.0,,2.94,Yes,No,No,Hypertension,Normal,5,Medium
P05782,79,Female,91.0,143.0,89,20,91.1,38.5,145.0,3.3,Yes,No,No,None,Normal,6,Medium
P05783,18,Male,107.0,124.0,76,17,98.1,37.3,139.6,2.61,Yes,No,No,None,Normal,3,Low
P05784,29,Male,73.0,98.0,44,30,94.3,36.0,169.8,1.8,No,No,Yes,Hypertension,Abnormal,9,High
P05785,21,Female,99.0,137.0,69,18,100.0,35.9,111.4,2.28,No,No,No,None,Normal,1,Low
P05786,59,Female,68.0,104.0,92,18,94.6,35.8,100.6,1.2,Yes,No,No,Cardiac,Normal,3,Low
P05787,30,Female,125.0,164.0,56,15,94.8,38.6,108.8,2.29,No,Yes,No,Hypertension,Normal,5,Medium
P05788,21,Female,69.0,137.0,88,29,91.9,36.9,82.6,1.16,No,No,No,Hypertension,Normal,4,Medium
P05789,86,Female,67.0,118.0,71,22,91.2,36.6,81.7,,Yes,No,No,None,Normal,6,Medium
P05790,36,Male,96.0,128.0,78,13,98.6,38.3,144.6,1.01,Yes,Yes,No,None,Normal,2,Low
P05791,19,Male,87.0,148.0,68,12,99.2,37.2,148.2,0.5,No,No,No,None,Normal,0,Low
P05792,29,Female,92.0,130.0,61,10,94.3,36.7,50.0,1.67,No,No,No,Multiple,Abnormal,6,Medium
P05793,23,Female,90.0,178.0,100,18,96.4,37.8,152.6,2.27,No,No,No,Respiratory,Normal,1,Low
P05794,25,Female,63.0,153.0,90,11,99.7,37.5,98.5,3.65,No,No,No,Hypertension,Abnormal,4,Medium
P05795,68,Male,117.0,137.0,88,12,96.9,37.5,89.7,1.22,No,No,No,None,Normal,2,Low
P05796,28,Male,103.0,102.0,92,23,97.5,36.8,101.9,1.85,No,No,No,Cardiac,Abnormal,5,Medium
P05797,80,Male,112.0,121.0,86,22,96.3,36.3,64.5,1.8,No,Yes,No,None,Normal,4,Medium
P05798,74,Female,74.0,137.0,92,25,94.0,36.2,108.3,0.96,Yes,Yes,Yes,Respiratory,Normal,8,High
P05799,29,Female,93.0,104.0,68,11,97.2,37.1,,1.0,No,No,No,Respiratory,Abnormal,3,Low
P05800,90,Male,89.0,157.0,99,13,100.0,37.0,53.1,0.5,No,Yes,No,None,Normal,5,Medium
P05801,19,Female,108.0,101.0,97,15,94.4,37.4,139.7,3.02,No,No,No,Diabetes,Normal,3,Low
P05802,25,Female,108.0,109.0,84,26,98.6,36.7,154.0,1.16,No,No,No,Hypertension,Abnormal,5,Medium
P05803,28,Male,89.0,111.0,74,18,96.5,38.0,138.3,0.5,No,Yes,Yes,None,Normal,4,Medium
P05804,70,Male,55.0,144.0,60,27,94.2,35.9,176.3,1.49,No,No,No,None,Abnormal,5,Medium
P05805,27,Female,121.0,105.0,81,21,98.7,37.3,154.3,2.77,No,No,Yes,Hypertension,Normal,7,Medium
P05806,25,Male,96.0,80.0,103,17,98.3,36.3,141.8,2.21,No,No,No,Hypertension,Normal,4,Medium
P05807,53,Female,73.0,152.0,61,21,97.7,36.8,156.5,2.21,Yes,No,No,Diabetes,Abnormal,4,Medium
P05808,31,Male,93.0,114.0,93,9,100.0,36.3,154.7,,No,Yes,No,None,Normal,2,Low
P05809,71,Male,55.0,98.0,71,8,100.0,36.7,101.0,2.63,Yes,Yes,No,Hypertension,Abnormal,9,High
P05810,38,Female,106.0,106.0,72,19,96.2,36.1,140.2,0.5,No,No,No,Diabetes,Normal,2,Low
P05811,67,Female,56.0,168.0,60,18,95.7,36.2,104.1,1.42,Yes,No,No,None,Abnormal,4,Medium
P05812,56,Male,81.0,109.0,67,28,91.7,37.8,61.6,2.15,No,Yes,No,None,Normal,4,Medium
P05813,37,Female,90.0,122.0,88,11,100.0,35.9,188.5,1.95,Yes,Yes,No,None,Normal,3,Low
P05814,24,Male,,114.0,90,20,95.8,37.5,92.9,2.24,Yes,No,No,Diabetes,Normal,3,Low
P05815,26,Female,87.0,94.0,82,21,94.2,37.7,158.8,3.95,No,No,No,Multiple,Normal,5,Medium
P05816,18,Male,98.0,106.0,70,20,93.2,37.6,136.4,1.02,No,No,No,Multiple,Normal,4,Medium
P05817,43,Male,84.0,92.0,61,23,93.2,37.0,79.2,0.5,No,No,No,Hypertension,Abnormal,8,High
P05818,55,Male,84.0,149.0,79,15,100.0,36.1,84.0,,Yes,No,No,Cardiac,Normal,2,Low
P05819,55,Female,87.0,128.0,73,22,98.7,35.8,130.9,2.54,No,No,No,Diabetes,Abnormal,5,Medium
P05820,78,Male,81.0,187.0,81,21,91.5,36.1,131.0,1.67,No,No,No,Cardiac,Normal,7,Medium
P05821,61,Male,51.0,107.0,73,24,91.7,36.1,100.0,0.61,No,No,No,Respiratory,Normal,5,Medium
P05822,61,Male,70.0,104.0,74,15,96.4,37.2,51.7,1.61,No,No,Yes,Respiratory,Abnormal,9,High
P05823,79,Male,90.0,163.0,80,12,,35.9,147.1,1.42,No,Yes,No,None,Normal,6,Medium
P05824,23,Female,80.0,151.0,83,15,95.2,36.8,50.0,1.52,No,No,No,Respiratory,Abnormal,5,Medium
P05825,34,Female,82.0,135.0,96,13,100.0,37.0,128.9,0.5,Yes,No,No,Respiratory,Abnormal,4,Medium
P05826,68,Male,79.0,97.0,73,15,99.2,36.8,160.3,2.27,No,No,No,Cardiac,Abnormal,6,Medium
P05827,55,Male,68.0,169.0,86,16,90.9,36.8,50.0,2.37,No,No,Yes,Respiratory,Abnormal,10,High
P05828,41,Female,75.0,123.0,105,13,93.0,38.0,121.4,1.9,No,Yes,No,Respiratory,Normal,4,Medium
P05829,68,Male,79.0,114.0,87,18,96.7,37.4,99.6,1.74,Yes,No,No,Hypertension,Abnormal,5,Medium
P05830,27,Female,85.0,154.0,95,12,99.4,37.6,122.8,1.94,Yes,No,Yes,Hypertension,Normal,5,Medium
P05831,89,Male,93.0,124.0,69,18,93.5,36.7,154.1,1.84,Yes,Yes,Yes,None,Abnormal,11,High
P05832,38,Female,81.0,96.0,67,16,97.1,37.6,61.1,0.5,No,Yes,Yes,None,Normal,6,Medium
P05833,87,Male,64.0,126.0,76,17,94.6,37.2,106.1,1.13,No,Yes,No,Hypertension,Normal,4,Medium
P05834,74,Female,57.0,105.0,77,20,100.0,37.2,108.4,1.97,No,Yes,No,Hypertension,Normal,3,Low
P05835,56,Female,137.0,70.0,94,16,97.9,36.7,50.0,1.21,Yes,No,No,Respiratory,Normal,9,High
P05836,50,Female,62.0,103.0,67,14,95.4,37.2,137.9,2.51,No,No,No,None,Normal,1,Low
P05837,76,Male,75.0,112.0,77,15,91.5,38.7,,0.72,Yes,No,No,Respiratory,Abnormal,9,High
P05838,35,Female,95.0,96.0,94,23,92.8,37.5,141.8,3.68,Yes,No,No,Respiratory,Abnormal,10,High
P05839,73,Female,92.0,139.0,81,24,88.4,38.4,120.2,3.46,No,No,No,Cardiac,Normal,8,High
P05840,74,Male,95.0,106.0,78,15,96.8,35.5,150.4,1.57,No,No,No,None,Normal,2,Low
P05841,65,Male,76.0,137.0,82,17,98.0,37.1,91.2,0.6,No,No,No,None,Normal,1,Low
P05842,59,Male,90.0,94.0,61,9,,37.7,79.7,1.37,No,No,No,Diabetes,Normal,3,Low
P05843,44,Male,86.0,148.0,61,17,94.2,37.3,135.5,2.77,No,No,No,None,Abnormal,3,Low
P05844,69,Female,79.0,93.0,54,11,99.8,37.4,124.2,1.53,No,No,No,None,Normal,3,Low
P05845,59,Male,90.0,70.0,81,16,100.0,36.7,127.6,2.12,No,No,No,Hypertension,Abnormal,6,Medium
P05846,49,Male,106.0,156.0,92,23,94.0,38.0,80.6,1.84,No,No,No,Hypertension,Normal,3,Low
P05847,43,Male,85.0,104.0,89,10,99.5,35.7,54.8,2.26,Yes,No,No,Multiple,Normal,6,Medium
P05848,42,Male,85.0,169.0,95,13,96.4,36.9,73.4,2.2,No,No,Yes,None,Normal,3,Low
P05849,40,Male,106.0,139.0,100,14,94.4,37.1,80.9,1.56,No,No,No,Hypertension,Abnormal,4,Medium
P05850,74,Male,104.0,145.0,80,10,99.7,36.5,50.0,2.96,No,No,No,None,Normal,5,Medium
P05851,69,Male,117.0,151.0,77,22,92.4,37.0,134.0,2.21,No,No,No,Hypertension,Normal,5,Medium
P05852,48,Female,50.0,128.0,100,19,91.5,35.4,63.4,2.75,No,No,Yes,None,Abnormal,9,High
P05853,81,Female,103.0,128.0,67,27,94.8,36.0,61.2,1.6,Yes,Yes,No,None,Normal,6,Medium
P05854,88,Female,97.0,157.0,60,13,95.3,38.0,104.5,1.67,No,No,No,Diabetes,Normal,3,Low
P05855,50,Female,67.0,128.0,73,9,91.1,37.2,78.8,3.94,No,No,Yes,None,Abnormal,8,High
P05856,19,Female,90.0,107.0,71,23,97.5,36.7,51.9,1.77,No,No,No,Diabetes,Normal,4,Medium
P05857,35,Male,106.0,140.0,79,16,93.7,37.8,56.3,2.8,Yes,Yes,No,None,Normal,8,High
P05858,64,Male,68.0,72.0,65,16,92.1,38.1,136.4,0.64,Yes,No,No,None,Abnormal,9,High
P05859,50,Male,94.0,158.0,84,25,97.9,38.4,101.5,2.09,Yes,Yes,No,None,Normal,3,Low
P05860,52,Male,102.0,159.0,69,19,94.7,35.5,54.5,1.47,Yes,Yes,No,None,Normal,6,Medium
P05861,68,Female,64.0,155.0,96,23,99.2,38.1,173.2,3.03,Yes,Yes,No,Diabetes,Normal,6,Medium
P05862,35,Female,82.0,154.0,60,15,97.4,36.1,86.5,1.26,Yes,Yes,No,Diabetes,Abnormal,5,Medium
P05863,89,Male,91.0,,76,14,95.4,37.2,136.2,1.46,No,No,No,None,Normal,2,Low
P05864,47,Male,69.0,122.0,73,16,99.3,37.5,110.7,2.26,Yes,Yes,No,None,Abnormal,4,Medium
P05865,61,Female,67.0,94.0,81,21,97.3,38.3,118.9,0.96,Yes,No,No,Respiratory,Normal,5,Medium
P05866,70,Female,82.0,169.0,92,18,95.9,37.4,115.8,1.9,No,No,No,Hypertension,Normal,2,Low
P05867,27,Female,101.0,113.0,82,20,97.5,37.2,59.8,1.32,No,No,No,Hypertension,Abnormal,6,Medium
P05868,69,Male,98.0,133.0,76,8,97.6,36.3,204.8,1.91,No,No,No,None,Normal,1,Low
P05869,66,Male,68.0,131.0,88,9,92.7,35.6,84.6,1.73,No,No,Yes,Multiple,Normal,9,High
P05870,28,Female,98.0,91.0,91,8,100.0,36.3,148.0,3.27,No,No,No,None,Normal,3,Low
P05871,83,Female,68.0,81.0,82,16,96.2,38.1,83.4,2.17,Yes,No,No,Hypertension,Normal,7,Medium
P05872,75,Male,53.0,125.0,84,11,96.3,37.0,70.8,0.76,No,No,No,Multiple,Normal,4,Medium
P05873,53,Male,78.0,114.0,88,26,90.7,38.3,169.8,1.06,No,No,No,Multiple,Normal,5,Medium
P05874,50,Male,107.0,123.0,53,18,96.4,36.4,177.3,1.45,No,No,No,None,Normal,1,Low
P05875,64,Male,98.0,152.0,73,19,96.5,37.6,133.1,1.24,Yes,Yes,No,Respiratory,Normal,4,Medium
P05876,30,Female,85.0,,84,13,92.6,37.1,147.3,2.94,No,No,No,Cardiac,Normal,4,Medium
P05877,57,Female,77.0,144.0,74,12,92.9,38.0,64.8,1.35,No,Yes,No,None,Abnormal,5,Medium
P05878,85,Female,77.0,136.0,74,26,93.3,36.8,141.4,1.77,No,No,No,None,Abnormal,7,Medium
P05879,59,Male,87.0,117.0,84,27,95.1,36.9,141.0,2.28,No,Yes,No,Hypertension,Normal,3,Low
P05880,36,Male,64.0,100.0,84,20,96.6,38.0,132.5,4.03,No,No,No,Hypertension,Normal,4,Medium
P05881,36,Male,78.0,132.0,85,8,95.3,35.3,180.9,1.68,Yes,No,No,Respiratory,Normal,3,Low
P05882,75,Female,81.0,127.0,66,16,96.9,36.9,50.0,3.13,No,Yes,No,Diabetes,Normal,7,Medium
P05883,40,Female,58.0,148.0,57,20,98.0,35.7,107.8,1.45,Yes,No,No,Cardiac,Normal,3,Low
P05884,71,Female,,121.0,90,17,97.6,37.0,174.3,2.58,Yes,Yes,No,Multiple,Normal,6,Medium
P05885,82,Male,93.0,118.0,67,8,97.1,36.7,70.5,,No,No,Yes,Multiple,Normal,7,Medium
P05886,29,Male,85.0,119.0,66,27,96.9,37.5,141.0,2.44,No,No,No,Hypertension,Normal,2,Low
P05887,41,Female,79.0,102.0,64,14,96.9,37.4,95.6,1.5,Yes,No,No,Cardiac,Normal,2,Low
P05888,51,Male,67.0,161.0,95,11,95.6,36.8,118.5,,No,Yes,No,None,Normal,2,Low
P05889,70,Female,117.0,153.0,81,18,94.0,36.2,72.7,2.44,No,No,No,Respiratory,Abnormal,5,Medium
P05890,25,Female,68.0,95.0,83,24,95.7,37.1,205.5,2.3,Yes,No,No,Hypertension,Normal,5,Medium
P05891,35,Female,90.0,145.0,88,21,98.0,38.0,69.1,2.14,No,No,No,Diabetes,Normal,1,Low
P05892,74,Female,75.0,79.0,77,11,97.9,36.2,109.8,1.42,Yes,No,Yes,Diabetes,Normal,9,High
P05893,22,Male,86.0,150.0,93,11,97.5,35.8,104.6,2.38,Yes,No,No,Diabetes,Abnormal,5,Medium
P05894,43,Male,94.0,108.0,60,8,94.6,35.5,158.0,0.52,Yes,No,No,Hypertension,Normal,3,Low
P05895,47,Male,58.0,134.0,62,17,95.4,35.8,117.8,3.84,No,No,No,Cardiac,Normal,3,Low
P05896,71,Male,85.0,77.0,61,16,95.4,37.0,51.9,2.32,Yes,No,No,Diabetes,Abnormal,10,High
P05897,30,Male,109.0,95.0,84,21,94.2,35.9,89.3,2.23,No,Yes,No,Respiratory,Abnormal,8,High
P05898,46,Male,120.0,137.0,86,15,98.7,36.7,50.0,2.18,Yes,No,No,Multiple,Normal,6,Medium
P05899,20,Female,82.0,107.0,71,23,90.5,37.4,117.9,1.21,No,No,No,Hypertension,Normal,4,Medium
P05900,75,Male,86.0,104.0,75,21,100.0,35.3,186.2,1.32,No,No,Yes,None,Normal,6,Medium
P05901,19,Male,129.0,160.0,97,14,100.0,37.8,107.0,1.99,No,No,No,None,Abnormal,4,Medium
P05902,45,Male,,180.0,68,20,96.2,38.1,128.6,1.41,No,No,No,Multiple,Abnormal,5,Medium
P05903,19,Female,73.0,148.0,82,25,97.2,38.5,159.1,0.85,No,No,No,Hypertension,Normal,2,Low
P05904,24,Male,73.0,98.0,68,13,98.5,38.2,87.4,1.74,No,Yes,Yes,Hypertension,Normal,7,Medium
P05905,43,Female,104.0,169.0,94,17,,38.9,159.0,2.08,Yes,No,No,Hypertension,Normal,6,Medium
P05906,33,Male,65.0,86.0,87,17,97.7,37.2,191.5,1.79,No,No,No,Hypertension,Normal,4,Medium
P05907,40,Male,107.0,117.0,57,16,100.0,37.6,50.0,2.64,No,No,Yes,Diabetes,Abnormal,10,High
P05908,57,Male,92.0,126.0,74,22,90.6,36.8,160.5,,No,No,No,Respiratory,Normal,3,Low
P05909,77,Female,95.0,173.0,47,22,91.7,37.5,55.7,3.07,No,Yes,No,None,Abnormal,10,High
P05910,90,Female,80.0,148.0,92,20,98.3,37.1,84.0,3.65,Yes,No,No,Multiple,Normal,6,Medium
P05911,49,Male,72.0,113.0,109,20,95.2,35.7,160.3,1.69,Yes,No,No,Hypertension,Normal,3,Low
P05912,32,Male,114.0,101.0,45,15,94.8,35.8,127.9,0.91,No,No,No,None,Abnormal,4,Medium
P05913,30,Male,80.0,150.0,57,20,95.0,38.4,96.6,0.89,No,No,No,Diabetes,Normal,1,Low
P05914,22,Female,77.0,112.0,81,12,92.6,37.1,204.3,1.76,No,No,No,Diabetes,Normal,3,Low
P05915,69,Female,83.0,130.0,78,30,94.8,38.1,101.8,2.44,Yes,Yes,No,Multiple,Normal,6,Medium
P05916,58,Male,89.0,91.0,72,25,92.0,36.5,158.9,1.52,No,No,Yes,None,Normal,8,High
P05917,70,Female,64.0,139.0,52,23,,36.3,102.8,1.82,No,No,Yes,Diabetes,Normal,6,Medium
P05918,67,Female,74.0,137.0,83,20,96.4,36.9,133.3,1.38,No,No,No,Cardiac,Normal,2,Low
P05919,32,Female,73.0,94.0,91,20,96.3,37.6,134.7,1.55,Yes,No,No,None,Normal,3,Low
P05920,24,Female,102.0,151.0,121,10,98.0,38.1,118.2,1.89,Yes,No,No,None,Abnormal,4,Medium
P05921,57,Male,67.0,139.0,98,12,100.0,37.1,58.3,2.58,Yes,No,No,Hypertension,Normal,5,Medium
P05922,45,Male,50.0,144.0,59,12,92.8,37.5,126.1,2.55,No,Yes,No,None,Normal,4,Medium
P05923,49,Female,46.0,116.0,78,18,90.5,36.9,91.8,0.5,No,Yes,No,None,Normal,3,Low
P05924,32,Female,56.0,129.0,87,17,95.9,38.2,96.7,2.34,Yes,No,No,Diabetes,Normal,2,Low
P05925,87,Female,112.0,127.0,68,22,90.5,38.2,,2.32,No,No,No,None,Abnormal,7,Medium
P05926,82,Male,85.0,121.0,90,13,95.0,36.4,136.0,1.73,No,No,No,None,Normal,2,Low
P05927,21,Male,95.0,129.0,89,23,98.6,37.3,84.8,1.53,No,No,No,None,Normal,1,Low
P05928,28,Female,96.0,156.0,97,14,100.0,36.2,123.7,2.28,No,No,No,Cardiac,Abnormal,3,Low
P05929,43,Female,86.0,152.0,90,16,91.3,37.7,115.8,1.91,No,No,No,None,Normal,2,Low
P05930,78,Female,84.0,95.0,82,22,93.2,36.7,80.5,1.62,Yes,No,No,Respiratory,Normal,8,High
P05931,54,Female,106.0,150.0,68,21,97.1,36.4,83.0,3.54,Yes,No,No,None,Normal,3,Low
P05932,40,Male,88.0,155.0,59,12,98.3,35.4,83.6,2.21,Yes,No,No,None,Abnormal,4,Medium
P05933,57,Male,113.0,121.0,81,23,98.4,37.9,114.6,1.37,No,No,No,Multiple,Normal,4,Medium
P05934,40,Male,97.0,138.0,72,18,100.0,37.2,102.8,2.4,No,No,No,Cardiac,Normal,1,Low
P05935,33,Male,73.0,137.0,73,8,98.2,37.2,123.4,2.15,No,No,No,None,Normal,0,Low
P05936,78,Male,75.0,104.0,95,14,95.6,37.7,79.8,2.1,Yes,No,No,None,Normal,3,Low
P05937,85,Male,70.0,115.0,99,16,99.2,36.4,108.1,2.5,No,No,No,None,Normal,2,Low
P05938,48,Female,109.0,144.0,59,12,96.2,36.3,111.1,1.42,No,No,No,Cardiac,Normal,2,Low
P05939,70,Female,77.0,113.0,75,25,96.8,37.4,128.1,2.01,No,No,No,None,Normal,2,Low
P05940,42,Male,69.0,149.0,72,16,94.5,37.9,173.8,1.12,No,No,No,Multiple,Abnormal,4,Medium
P05941,61,Male,91.0,158.0,83,20,96.5,37.4,158.0,2.44,Yes,No,No,Diabetes,Normal,3,Low
P05942,29,Male,83.0,154.0,44,19,91.1,38.3,112.0,1.81,No,No,No,None,Normal,2,Low
P05943,26,Female,91.0,174.0,56,22,99.1,37.5,51.2,1.15,No,No,No,Respiratory,Normal,3,Low
P05944,29,Female,123.0,123.0,76,26,93.0,37.4,94.5,1.76,No,No,No,None,Normal,5,Medium
P05945,86,Female,103.0,129.0,90,21,93.3,37.7,151.8,,No,No,No,Hypertension,Normal,6,Medium
P05946,71,Female,86.0,133.0,79,27,89.0,36.8,112.8,2.52,No,No,No,Diabetes,Abnormal,10,High
P05947,71,Male,57.0,123.0,88,22,93.5,36.0,64.7,2.78,No,Yes,Yes,Hypertension,Normal,9,High
P05948,45,Female,75.0,139.0,81,19,93.1,37.0,106.8,2.55,No,No,No,None,Normal,3,Low
P05949,73,Male,99.0,82.0,97,20,96.7,37.6,96.2,2.23,Yes,Yes,No,Diabetes,Normal,7,Medium
P05950,86,Female,62.0,130.0,100,8,92.1,36.3,165.4,2.39,Yes,No,No,Multiple,Normal,7,Medium
P05951,75,Female,128.0,91.0,67,16,94.7,35.9,91.7,1.59,No,No,No,Multiple,Normal,9,High
P05952,59,Female,85.0,101.0,91,17,94.0,36.4,131.6,0.93,Yes,No,No,None,Abnormal,3,Low
P05953,55,Female,86.0,143.0,86,20,90.7,38.1,142.5,1.27,No,Yes,Yes,Hypertension,Abnormal,9,High
P05954,85,Male,72.0,120.0,116,18,96.7,37.4,65.5,1.84,No,No,Yes,Diabetes,Normal,6,Medium
P05955,70,Male,95.0,,66,20,95.3,36.9,85.2,1.64,No,No,No,Diabetes,Normal,2,Low
P05956,50,Male,62.0,119.0,76,11,96.1,36.2,97.9,1.6,No,No,No,None,Normal,0,Low
P05957,88,Male,128.0,153.0,63,10,98.5,37.2,120.5,2.02,No,No,No,None,Normal,4,Medium
P05958,73,Male,111.0,119.0,63,12,96.0,37.1,91.2,2.59,Yes,No,No,None,Normal,4,Medium
P05959,89,Male,105.0,76.0,84,26,95.0,37.4,60.0,2.03,No,No,Yes,Diabetes,Abnormal,13,High
P05960,68,Male,57.0,131.0,81,12,98.8,39.0,74.7,1.41,No,No,Yes,Hypertension,Abnormal,8,High
P05961,60,Female,89.0,71.0,86,14,95.0,37.4,152.6,0.83,No,No,No,Hypertension,Normal,5,Medium
P05962,32,Male,109.0,89.0,86,19,94.5,36.4,197.9,1.68,Yes,Yes,No,Diabetes,Normal,7,Medium
P05963,55,Female,97.0,103.0,74,10,98.0,35.9,127.2,0.5,Yes,Yes,No,Hypertension,Normal,4,Medium
P05964,32,Male,65.0,100.0,74,14,93.7,36.6,158.1,2.67,Yes,No,No,Diabetes,Abnormal,7,Medium
P05965,22,Female,72.0,111.0,63,21,99.5,36.6,129.2,1.88,Yes,Yes,No,Diabetes,Normal,3,Low
P05966,71,Male,76.0,99.0,67,16,96.5,37.7,142.9,3.22,No,Yes,No,Multiple,Normal,7,Medium
P05967,68,Female,73.0,90.0,77,26,100.0,36.5,144.6,2.87,No,Yes,No,Respiratory,Normal,7,Medium
P05968,27,Male,116.0,164.0,81,10,95.8,36.2,142.1,2.24,No,Yes,No,None,Normal,2,Low
P05969,29,Male,47.0,108.0,89,16,98.8,37.4,129.2,1.4,Yes,No,Yes,Hypertension,Normal,5,Medium
P05970,21,Male,98.0,70.0,87,16,91.1,36.5,120.7,,Yes,No,No,Multiple,Normal,8,High
P05971,35,Male,59.0,116.0,101,18,99.8,37.5,98.8,3.05,No,No,No,Hypertension,Normal,2,Low
P05972,53,Female,66.0,97.0,63,12,98.1,36.3,136.0,2.19,Yes,No,No,None,Normal,3,Low
P05973,42,Male,45.0,103.0,75,15,94.1,36.6,127.4,0.75,No,No,No,Hypertension,Abnormal,3,Low
P05974,53,Male,74.0,143.0,65,22,98.6,36.5,78.7,1.53,No,No,No,None,Normal,0,Low
P05975,84,Female,115.0,114.0,97,17,92.2,37.3,162.5,2.93,Yes,No,No,Respiratory,Normal,8,High
P05976,26,Male,90.0,96.0,70,13,94.5,36.9,154.7,2.68,No,No,No,Hypertension,Normal,4,Medium
P05977,78,Female,61.0,136.0,95,28,93.4,36.0,122.7,2.13,No,No,Yes,None,Normal,8,High
P05978,70,Female,105.0,154.0,100,18,98.8,36.0,162.1,2.89,No,No,No,None,Abnormal,5,Medium
P05979,35,Male,110.0,138.0,84,21,99.7,36.7,144.1,0.81,Yes,No,No,Cardiac,Normal,3,Low
P05980,60,Male,87.0,70.0,82,22,94.7,35.9,97.4,1.33,No,No,No,None,Normal,5,Medium
P05981,52,Female,126.0,97.0,79,18,92.2,36.7,50.0,1.71,Yes,No,No,Multiple,Normal,11,High
P05982,80,Male,101.0,126.0,73,14,93.1,37.2,50.0,1.4,No,Yes,No,None,Normal,8,High
P05983,21,Female,99.0,119.0,71,19,96.3,36.1,165.5,2.4,No,No,No,Diabetes,Normal,1,Low
P05984,58,Male,69.0,117.0,76,14,96.1,37.7,113.9,2.44,No,No,No,Cardiac,Normal,1,Low
P05985,62,Male,98.0,100.0,105,20,95.0,38.1,100.2,2.21,No,No,No,Respiratory,Normal,2,Low
P05986,67,Female,89.0,90.0,62,17,93.5,37.9,88.6,0.98,No,No,No,None,Abnormal,7,Medium
P05987,45,Male,95.0,175.0,81,23,100.0,37.5,117.5,3.22,No,No,Yes,None,Normal,5,Medium
P05988,59,Male,71.0,126.0,89,12,94.1,37.3,151.6,2.07,No,No,No,Diabetes,Normal,1,Low
P05989,86,Male,88.0,141.0,74,22,93.5,37.2,82.5,0.53,No,No,No,Multiple,Normal,6,Medium
P05990,18,Female,69.0,125.0,84,21,99.4,37.3,118.8,0.84,No,No,No,Diabetes,Abnormal,3,Low
P05991,56,Male,45.0,126.0,55,17,95.2,36.5,221.3,1.19,Yes,No,No,Multiple,Normal,3,Low
P05992,34,Female,105.0,123.0,98,22,97.5,37.0,187.6,3.12,No,No,No,Respiratory,Normal,3,Low
P05993,52,Male,55.0,97.0,95,20,93.4,37.1,50.0,1.1,No,No,Yes,None,Abnormal,11,High
P05994,63,Female,87.0,87.0,77,21,97.5,37.5,50.0,,No,No,No,Cardiac,Normal,7,Medium
P05995,59,Male,92.0,135.0,65,21,98.2,35.7,187.2,2.68,Yes,No,No,Multiple,Normal,5,Medium
P05996,56,Male,92.0,130.0,90,18,92.7,37.2,150.8,2.52,No,No,No,Diabetes,Abnormal,6,Medium
P05997,66,Female,79.0,148.0,61,15,94.4,37.8,117.1,1.35,Yes,No,No,Diabetes,Normal,3,Low
P05998,79,Male,90.0,143.0,63,15,93.3,36.5,136.1,2.21,Yes,No,No,None,Abnormal,7,Medium
P05999,55,Female,94.0,105.0,77,17,94.4,36.9,102.3,1.6,Yes,Yes,No,Hypertension,Normal,3,Low
P06000,40,Male,100.0,153.0,101,22,100.0,35.5,88.4,2.3,No,No,No,Diabetes,Abnormal,4,Medium
P06001,39,Female,120.0,144.0,88,21,96.8,37.1,144.2,1.56,No,Yes,No,Cardiac,Abnormal,5,Medium
P06002,21,Male,90.0,142.0,68,23,100.0,35.8,111.1,2.22,Yes,No,No,None,Normal,3,Low
P06003,66,Female,86.0,,53,24,100.0,36.6,149.6,1.82,Yes,No,No,Hypertension,Normal,6,Medium
P06004,76,Male,67.0,176.0,79,17,99.4,37.0,93.1,1.33,No,Yes,No,Diabetes,Normal,4,Medium
P06005,90,Female,94.0,142.0,82,28,100.0,36.5,143.5,2.54,Yes,Yes,No,Diabetes,Normal,7,Medium
P06006,85,Female,98.0,139.0,77,17,99.5,36.9,127.5,1.86,No,Yes,Yes,None,Normal,6,Medium
P06007,88,Male,81.0,152.0,105,16,100.0,37.3,61.6,2.59,No,No,No,Cardiac,Normal,4,Medium
P06008,19,Female,96.0,110.0,76,20,97.6,37.0,174.0,2.21,No,No,No,None,Normal,0,Low
P06009,66,Female,79.0,111.0,44,20,98.1,37.1,58.7,1.77,No,Yes,No,Multiple,Normal,6,Medium
P06010,48,Male,98.0,142.0,72,14,98.0,35.5,168.2,2.74,No,Yes,No,Hypertension,Abnormal,6,Medium
P06011,57,Male,103.0,104.0,85,17,94.7,36.9,133.2,2.01,Yes,No,No,Multiple,Normal,4,Medium
P06012,65,Male,103.0,140.0,84,16,98.5,35.2,140.6,2.17,Yes,No,No,Multiple,Abnormal,8,High
P06013,68,Male,87.0,129.0,75,19,99.8,36.7,95.3,1.56,No,No,No,None,Normal,1,Low
P06014,60,Male,64.0,104.0,73,22,94.2,38.5,100.2,1.43,Yes,No,No,Respiratory,Normal,3,Low
P06015,72,Male,73.0,126.0,48,17,93.4,37.7,115.2,1.95,No,No,No,None,Normal,3,Low
P06016,66,Female,97.0,158.0,79,21,94.3,35.9,63.4,1.09,No,No,No,Multiple,Normal,4,Medium
P06017,74,Female,134.0,127.0,73,11,100.0,36.6,138.0,1.92,No,No,No,Cardiac,Abnormal,6,Medium
P06018,32,Female,78.0,127.0,82,22,95.3,36.9,100.7,1.96,No,No,No,None,Abnormal,2,Low
P06019,44,Male,94.0,133.0,85,16,92.7,37.4,50.0,0.98,No,No,No,None,Normal,4,Medium
P06020,85,Male,74.0,136.0,97,16,92.9,37.7,190.5,2.83,No,No,No,Cardiac,Normal,6,Medium
P06021,81,Female,66.0,117.0,64,20,93.3,38.3,125.6,2.97,No,No,No,Hypertension,Abnormal,8,High
P06022,47,Female,71.0,134.0,59,20,93.9,36.2,128.0,2.9,Yes,No,No,None,Normal,4,Medium
P06023,53,Male,45.0,99.0,69,17,91.8,37.2,87.4,1.66,No,No,No,Hypertension,Normal,5,Medium
P06024,84,Female,112.0,105.0,67,14,97.8,35.6,128.3,1.94,No,No,No,Respiratory,Normal,5,Medium
P06025,66,Male,45.0,108.0,66,16,95.4,37.3,144.4,1.53,Yes,Yes,No,None,Normal,3,Low
P06026,72,Male,80.0,137.0,100,18,97.6,37.4,56.8,2.39,Yes,No,No,None,Normal,4,Medium
P06027,73,Female,61.0,129.0,80,20,89.1,37.0,139.1,1.67,No,No,Yes,None,Normal,8,High
P06028,85,Male,67.0,122.0,108,14,99.2,37.5,72.6,1.98,No,Yes,No,None,Normal,3,Low
P06029,61,Male,113.0,142.0,78,15,95.8,36.3,63.5,2.1,Yes,No,No,Hypertension,Normal,4,Medium
P06030,48,Male,89.0,134.0,60,19,97.5,35.9,79.8,0.93,Yes,No,No,None,Normal,2,Low
P06031,75,Male,66.0,118.0,66,18,100.0,36.2,199.0,1.78,No,No,No,None,Normal,2,Low
P06032,70,Female,73.0,99.0,93,19,97.1,37.3,146.3,2.54,No,No,No,Diabetes,Abnormal,7,Medium
P06033,40,Male,70.0,105.0,61,8,100.0,38.0,114.3,4.86,Yes,No,No,Hypertension,Abnormal,7,Medium
P06034,45,Male,84.0,88.0,86,17,90.4,36.3,183.1,0.5,No,No,No,None,Abnormal,7,Medium
P06035,33,Female,88.0,129.0,73,22,95.0,36.5,78.1,1.29,No,No,No,Hypertension,Normal,1,Low
P06036,54,Male,123.0,103.0,64,15,90.6,37.1,73.9,1.32,Yes,No,No,Multiple,Abnormal,9,High
P06037,38,Male,47.0,113.0,99,20,96.9,39.8,78.3,0.81,No,No,No,Diabetes,Abnormal,5,Medium
P06038,34,Female,84.0,122.0,69,12,96.2,36.6,190.1,3.37,No,No,No,Multiple,Normal,3,Low
P06039,54,Female,79.0,151.0,66,10,92.7,37.8,149.7,1.77,Yes,No,No,Respiratory,Normal,4,Medium
P06040,36,Male,104.0,148.0,77,20,100.0,36.9,82.4,1.67,Yes,Yes,No,None,Normal,3,Low
P06041,47,Male,92.0,124.0,70,18,94.9,36.6,87.3,2.31,No,Yes,Yes,Hypertension,Normal,5,Medium
P06042,62,Female,97.0,157.0,111,16,89.4,35.9,126.3,1.33,Yes,No,No,None,Normal,7,Medium
P06043,35,Male,92.0,,94,22,98.0,36.8,69.7,2.39,No,No,No,None,Abnormal,5,Medium
P06044,79,Male,66.0,172.0,69,16,98.1,37.7,107.9,1.34,No,Yes,No,Cardiac,Abnormal,6,Medium
P06045,53,Male,109.0,142.0,71,15,94.6,36.3,75.3,2.91,Yes,No,No,Cardiac,Normal,4,Medium
P06046,69,Female,101.0,128.0,48,14,98.4,37.1,112.2,1.91,Yes,No,No,Cardiac,Normal,4,Medium
P06047,36,Male,103.0,103.0,80,13,93.1,36.3,147.6,2.91,No,Yes,No,None,Normal,5,Medium
P06048,61,Female,110.0,114.0,67,20,94.7,36.7,184.7,2.3,Yes,No,No,Hypertension,Normal,4,Medium
P06049,24,Female,93.0,140.0,79,16,97.2,35.8,52.4,0.5,No,Yes,No,Hypertension,Normal,5,Medium
P06050,61,Female,115.0,141.0,49,24,98.8,38.9,139.0,0.83,No,Yes,No,Multiple,Normal,7,Medium
P06051,85,Female,93.0,142.0,78,8,95.3,37.2,142.1,3.12,No,No,No,Cardiac,Normal,4,Medium
P06052,51,Male,81.0,107.0,103,23,94.6,36.7,105.7,1.55,No,No,No,Diabetes,Normal,2,Low
P06053,83,Female,85.0,102.0,79,20,95.9,38.0,91.3,0.5,No,No,Yes,Hypertension,Normal,6,Medium
P06054,86,Male,85.0,130.0,66,18,89.9,36.9,91.3,1.41,No,No,No,Multiple,Abnormal,10,High
P06055,72,Female,75.0,144.0,78,12,95.2,37.4,50.0,1.52,No,No,No,Respiratory,Normal,4,Medium
P06056,27,Female,118.0,125.0,77,10,90.1,38.2,146.2,2.82,Yes,No,No,Diabetes,Normal,6,Medium
P06057,59,Male,91.0,162.0,111,22,93.5,38.2,84.4,1.14,No,No,Yes,Multiple,Normal,7,Medium
P06058,58,Female,87.0,126.0,73,19,91.7,36.1,50.0,1.72,Yes,No,No,Multiple,Abnormal,9,High
P06059,86,Female,93.0,125.0,60,19,97.6,37.0,127.9,2.69,Yes,Yes,No,Cardiac,Normal,6,Medium
P06060,27,Male,145.0,142.0,78,17,93.8,38.0,127.5,1.43,No,No,No,None,Normal,4,Medium
P06061,27,Female,62.0,155.0,81,22,99.7,36.1,148.9,1.13,No,No,Yes,Cardiac,Abnormal,6,Medium
P06062,77,Female,68.0,91.0,86,15,90.5,36.8,187.7,2.11,No,Yes,No,Diabetes,Normal,8,High
P06063,68,Female,57.0,97.0,89,16,95.3,36.8,116.6,2.44,No,Yes,No,None,Abnormal,6,Medium
P06064,38,Male,80.0,117.0,107,17,96.3,37.4,103.0,1.75,Yes,No,Yes,None,Normal,4,Medium
P06065,25,Female,90.0,204.0,69,17,97.5,37.6,99.4,2.31,No,No,No,None,Abnormal,4,Medium
P06066,82,Male,76.0,118.0,68,25,100.0,37.9,103.2,1.38,No,No,No,Diabetes,Normal,4,Medium
P06067,47,Male,74.0,122.0,50,12,,37.1,85.5,0.5,No,Yes,No,Hypertension,Normal,4,Medium
P06068,66,Male,88.0,140.0,88,8,93.7,36.2,97.6,2.5,No,No,No,Hypertension,Normal,4,Medium
P06069,26,Female,75.0,149.0,65,11,100.0,36.7,86.1,1.0,Yes,No,Yes,Respiratory,Abnormal,7,Medium
P06070,34,Female,91.0,129.0,91,21,93.2,36.2,73.4,1.32,No,Yes,No,None,Normal,3,Low
P06071,86,Female,107.0,154.0,71,17,97.3,36.5,184.5,1.99,No,No,No,None,Abnormal,5,Medium
P06072,75,Female,99.0,95.0,104,10,93.2,37.6,170.4,2.58,Yes,Yes,No,None,Abnormal,11,High
P06073,74,Male,103.0,106.0,56,18,91.8,35.9,50.0,1.74,No,Yes,No,Hypertension,Normal,9,High
P06074,79,Male,107.0,154.0,93,16,93.6,36.6,127.7,1.4,No,No,No,None,Normal,5,Medium
P06075,69,Female,91.0,125.0,92,21,100.0,37.7,112.4,2.99,No,No,No,None,Abnormal,4,Medium
P06076,78,Female,82.0,93.0,86,22,92.5,37.5,120.8,1.56,No,No,No,Hypertension,Abnormal,9,High
P06077,57,Male,70.0,92.0,61,31,95.1,36.4,57.0,1.6,Yes,No,No,None,Normal,8,High
P06078,55,Female,77.0,105.0,86,12,,36.3,50.0,0.54,No,Yes,No,Hypertension,Abnormal,6,Medium
P06079,60,Female,75.0,125.0,80,9,98.7,38.3,112.8,1.89,No,No,No,Diabetes,Normal,2,Low
P06080,80,Female,100.0,137.0,51,21,99.4,37.3,100.2,2.96,Yes,No,No,None,Normal,4,Medium
P06081,36,Female,92.0,117.0,101,23,,36.3,93.0,0.64,No,Yes,Yes,Cardiac,Normal,6,Medium
P06082,67,Female,99.0,135.0,73,12,86.4,37.0,106.7,1.23,No,Yes,No,Cardiac,Normal,7,Medium
P06083,50,Female,62.0,114.0,100,12,93.3,37.9,139.0,1.77,No,No,No,None,Abnormal,4,Medium
P06084,30,Male,114.0,156.0,77,20,92.4,36.3,150.3,2.23,No,No,No,Cardiac,Abnormal,6,Medium
P06085,79,Male,76.0,189.0,93,27,99.5,36.3,75.8,2.04,Yes,No,No,Multiple,Normal,8,High
P06086,60,Male,63.0,115.0,65,14,93.2,37.2,79.5,1.83,Yes,Yes,No,Diabetes,Normal,6,Medium
P06087,66,Male,76.0,137.0,81,18,100.0,35.9,121.0,1.27,Yes,No,No,Hypertension,Normal,4,Medium
P06088,53,Female,135.0,135.0,80,9,97.2,36.5,163.9,2.89,No,No,No,None,Normal,3,Low
P06089,27,Female,77.0,128.0,73,17,99.4,36.7,106.4,0.5,Yes,No,Yes,Cardiac,Normal,5,Medium
P06090,23,Male,78.0,141.0,65,17,100.0,34.9,120.8,2.71,No,No,No,Cardiac,Normal,4,Medium
P06091,74,Male,81.0,137.0,40,25,93.2,37.1,60.5,3.42,No,Yes,Yes,Multiple,Abnormal,13,High
P06092,18,Male,82.0,113.0,65,14,91.1,37.5,50.0,,No,No,No,Cardiac,Abnormal,7,Medium
P06093,88,Male,69.0,158.0,89,21,96.6,38.6,207.5,1.33,Yes,No,No,Multiple,Normal,6,Medium
P06094,75,Male,88.0,130.0,57,14,98.9,37.5,126.1,2.03,No,No,Yes,Multiple,Normal,7,Medium
P06095,38,Female,107.0,115.0,60,18,94.0,36.2,74.3,0.87,No,No,No,Diabetes,Abnormal,4,Medium
P06096,73,Female,91.0,186.0,56,28,96.1,36.6,50.0,1.04,Yes,No,No,Cardiac,Normal,8,High
P06097,37,Male,63.0,122.0,81,27,99.7,38.5,172.8,2.23,No,Yes,No,None,Normal,2,Low
P06098,71,Male,78.0,131.0,65,28,99.4,37.4,77.2,2.27,Yes,No,No,Diabetes,Normal,4,Medium
P06099,42,Female,74.0,129.0,96,20,94.3,37.8,77.2,2.09,No,Yes,No,Diabetes,Normal,2,Low
P06100,45,Female,86.0,122.0,89,17,96.8,36.5,86.3,0.84,Yes,No,No,Respiratory,Normal,2,Low
P06101,22,Female,112.0,136.0,81,19,93.2,36.8,120.5,3.68,No,No,No,None,Abnormal,6,Medium
P06102,38,Male,82.0,104.0,83,20,91.7,36.9,140.5,2.26,Yes,No,No,None,Abnormal,5,Medium
P06103,35,Female,83.0,140.0,67,20,100.0,37.7,103.0,1.71,No,Yes,No,Diabetes,Abnormal,4,Medium
P06104,64,Male,121.0,81.0,67,14,89.6,36.7,73.1,1.87,Yes,Yes,No,None,Normal,12,High
P06105,87,Male,103.0,93.0,89,14,96.6,37.5,206.9,1.31,Yes,No,No,None,Normal,6,Medium
P06106,74,Female,96.0,171.0,92,15,94.9,37.0,95.3,1.11,No,No,No,Diabetes,Normal,2,Low
P06107,36,Female,124.0,94.0,89,23,97.6,36.0,115.4,3.78,Yes,No,No,None,Abnormal,9,High
P06108,82,Female,95.0,76.0,71,24,93.9,37.0,55.0,1.12,No,No,No,None,Normal,10,High
P06109,20,Male,45.0,94.0,72,34,99.4,37.9,138.2,1.27,No,No,No,None,Abnormal,7,Medium
P06110,59,Female,102.0,169.0,64,20,95.3,37.0,158.7,1.54,No,No,No,Cardiac,Normal,2,Low
P06111,38,Female,53.0,80.0,90,14,100.0,36.7,80.6,1.23,No,No,No,None,Normal,3,Low
P06112,57,Male,94.0,101.0,49,16,96.7,38.1,50.0,1.81,No,No,No,None,Normal,2,Low
P06113,84,Female,,89.0,45,17,92.9,37.3,99.7,1.46,Yes,No,No,Diabetes,Normal,9,High
P06114,42,Female,76.0,118.0,48,26,97.6,35.9,190.8,1.7,No,No,No,None,Normal,2,Low
P06115,72,Male,78.0,114.0,46,22,97.3,36.8,89.4,1.54,No,Yes,No,Diabetes,Normal,3,Low
P06116,69,Male,70.0,113.0,98,11,95.7,37.2,216.3,1.61,No,No,No,Multiple,Normal,3,Low
P06117,61,Male,78.0,171.0,90,18,93.8,37.2,92.6,0.57,Yes,Yes,No,None,Normal,5,Medium
P06118,73,Male,106.0,95.0,60,11,98.6,37.4,50.0,1.55,No,Yes,Yes,Cardiac,Normal,11,High
P06119,72,Male,71.0,122.0,76,21,93.1,36.9,94.6,1.7,Yes,No,No,None,Normal,4,Medium
P06120,87,Female,96.0,133.0,100,14,93.4,36.8,50.0,1.58,No,No,No,Cardiac,Abnormal,9,High
P06121,90,Female,66.0,100.0,86,15,97.6,37.0,86.2,1.59,No,No,No,Multiple,Normal,4,Medium
P06122,83,Male,81.0,137.0,110,9,95.4,37.6,130.3,2.54,No,No,No,Cardiac,Abnormal,6,Medium
P06123,36,Female,91.0,115.0,76,22,90.1,36.5,96.4,1.39,No,No,Yes,Multiple,Abnormal,9,High
P06124,24,Female,65.0,134.0,68,24,93.1,36.9,159.0,2.61,Yes,Yes,No,Cardiac,Normal,7,Medium
P06125,80,Male,59.0,122.0,62,15,97.2,37.2,93.6,3.41,No,No,No,None,Normal,3,Low
P06126,59,Male,95.0,74.0,78,17,95.2,36.6,55.3,1.28,No,No,No,None,Normal,5,Medium
P06127,59,Male,107.0,158.0,92,16,95.7,37.4,120.9,2.1,No,No,No,Multiple,Normal,3,Low
P06128,76,Female,83.0,177.0,79,17,96.8,37.3,109.1,1.99,Yes,No,No,None,Normal,3,Low
P06129,37,Male,76.0,121.0,73,14,97.4,35.3,114.1,1.84,Yes,Yes,No,Hypertension,Normal,4,Medium
P06130,90,Female,88.0,103.0,97,12,96.3,37.0,64.1,0.51,No,No,No,None,Normal,2,Low
P06131,34,Female,86.0,163.0,86,25,86.0,38.1,125.7,2.51,No,No,No,Multiple,Abnormal,10,High
P06132,44,Female,90.0,172.0,76,8,95.8,38.2,170.6,1.5,No,No,No,None,Normal,0,Low
P06133,64,Female,45.0,121.0,67,21,94.5,37.5,62.4,2.73,Yes,No,No,Diabetes,Normal,4,Medium
P06134,19,Male,64.0,120.0,74,19,96.1,38.0,50.0,1.79,Yes,No,No,None,Normal,3,Low
P06135,80,Female,68.0,123.0,85,26,99.2,36.9,53.2,2.71,No,No,No,Multiple,Normal,8,High
P06136,79,Male,88.0,83.0,66,17,92.8,37.5,113.9,2.21,No,No,No,None,Normal,7,Medium
P06137,36,Female,89.0,118.0,59,16,96.2,37.1,50.7,2.41,Yes,No,Yes,Diabetes,Normal,7,Medium
P06138,34,Male,98.0,168.0,71,14,97.4,37.5,128.1,2.3,No,No,No,None,Normal,0,Low
P06139,86,Male,90.0,121.0,77,20,95.1,38.5,129.3,1.69,Yes,No,No,None,Normal,3,Low
P06140,56,Male,59.0,99.0,98,14,92.1,37.8,129.7,1.51,No,Yes,No,Multiple,Normal,7,Medium
P06141,88,Female,114.0,137.0,61,12,92.4,36.7,218.6,2.16,No,No,No,Hypertension,Normal,6,Medium
P06142,56,Female,110.0,108.0,81,14,,38.3,50.0,2.36,No,Yes,No,Hypertension,Normal,5,Medium
P06143,53,Female,60.0,123.0,74,13,94.1,37.2,50.0,1.79,Yes,No,No,Respiratory,Normal,4,Medium
P06144,57,Male,92.0,93.0,75,13,90.2,37.5,166.1,2.42,No,No,No,Hypertension,Abnormal,7,Medium
P06145,62,Female,73.0,99.0,101,18,93.6,36.8,136.3,1.21,Yes,No,No,None,Normal,6,Medium
P06146,21,Female,88.0,143.0,79,17,92.1,37.6,160.9,2.0,No,Yes,No,Multiple,Normal,5,Medium
P06147,42,Female,106.0,128.0,64,21,98.2,37.3,50.0,2.72,No,No,No,None,Normal,4,Medium
P06148,86,Male,128.0,106.0,91,19,91.5,37.9,60.6,2.0,No,No,No,Respiratory,Normal,7,Medium
P06149,47,Female,100.0,128.0,90,12,100.0,36.6,154.1,1.71,Yes,No,No,None,Normal,1,Low
P06150,85,Female,91.0,110.0,63,8,100.0,37.8,108.3,,No,No,No,None,Abnormal,5,Medium
P06151,46,Male,78.0,105.0,60,13,93.8,35.0,167.6,3.06,Yes,Yes,No,Hypertension,Normal,7,Medium
P06152,90,Male,89.0,154.0,84,22,94.2,36.5,98.3,2.28,No,Yes,No,None,Normal,3,Low
P06153,85,Male,,145.0,78,22,98.8,35.9,106.5,0.54,No,No,No,Diabetes,Normal,5,Medium
P06154,68,Male,84.0,124.0,71,23,99.3,37.3,206.6,1.19,No,Yes,No,Hypertension,Normal,4,Medium
P06155,41,Male,67.0,129.0,94,22,94.5,37.8,73.4,2.62,Yes,No,Yes,Multiple,Abnormal,9,High
P06156,31,Male,53.0,125.0,69,23,94.7,37.0,144.6,1.42,Yes,No,No,Diabetes,Abnormal,5,Medium
P06157,86,Female,95.0,137.0,84,20,94.7,38.1,52.3,1.87,No,No,No,None,Normal,4,Medium
P06158,35,Female,90.0,105.0,96,27,93.4,36.4,80.4,1.39,No,Yes,No,Respiratory,Normal,5,Medium
P06159,59,Male,72.0,147.0,73,19,98.7,35.9,144.5,2.5,No,Yes,No,Hypertension,Normal,3,Low
P06160,74,Female,106.0,134.0,51,28,96.5,37.6,58.4,2.22,No,No,No,Cardiac,Normal,6,Medium
P06161,29,Male,77.0,118.0,72,15,93.8,37.9,150.1,1.29,No,Yes,No,None,Abnormal,5,Medium
P06162,34,Female,82.0,113.0,81,15,96.2,37.1,106.2,2.49,No,No,No,None,Normal,0,Low
P06163,47,Male,85.0,146.0,93,17,94.9,38.5,76.0,2.53,Yes,No,No,Hypertension,Normal,3,Low
P06164,40,Male,78.0,121.0,70,18,100.0,37.4,110.7,2.28,No,No,No,None,Normal,0,Low
P06165,18,Female,90.0,108.0,104,16,95.3,37.3,91.6,1.99,Yes,No,No,Respiratory,Normal,2,Low
P06166,49,Female,108.0,115.0,59,21,98.2,36.7,86.5,4.76,Yes,Yes,No,None,Normal,6,Medium
P06167,26,Female,62.0,144.0,80,17,97.3,36.0,95.2,0.67,Yes,No,No,Respiratory,Normal,2,Low
P06168,32,Female,95.0,85.0,74,15,95.5,36.8,59.3,1.57,Yes,No,No,Diabetes,Normal,7,Medium
P06169,45,Female,88.0,116.0,98,16,97.3,38.3,50.0,1.81,Yes,No,No,Hypertension,Normal,4,Medium
P06170,41,Female,88.0,152.0,56,24,96.6,37.2,50.0,2.82,No,No,No,None,Normal,4,Medium
P06171,77,Female,102.0,121.0,84,20,100.0,36.7,135.1,1.59,No,No,No,Diabetes,Normal,4,Medium
P06172,52,Female,86.0,132.0,74,10,95.7,36.3,132.3,2.72,Yes,Yes,No,Hypertension,Abnormal,6,Medium
P06173,44,Male,95.0,152.0,101,26,88.2,37.4,83.3,1.35,Yes,Yes,No,None,Abnormal,9,High
P06174,37,Female,99.0,147.0,66,20,100.0,36.1,109.8,2.18,Yes,No,No,Diabetes,Normal,2,Low
P06175,82,Female,75.0,114.0,84,21,94.5,37.3,170.4,2.51,No,No,No,Hypertension,Normal,4,Medium
P06176,66,Male,91.0,122.0,65,23,96.3,36.6,90.0,1.32,No,No,Yes,Multiple,Normal,7,Medium
P06177,18,Male,80.0,148.0,81,23,94.4,36.8,104.3,2.43,No,No,No,None,Normal,1,Low
P06178,27,Male,82.0,148.0,72,13,94.2,37.5,192.5,2.97,Yes,Yes,No,Cardiac,Normal,4,Medium
P06179,64,Male,79.0,123.0,72,13,92.6,36.2,130.5,1.74,No,No,No,None,Normal,3,Low
P06180,76,Female,94.0,124.0,48,30,90.0,37.0,151.2,1.03,Yes,No,No,None,Normal,6,Medium
P06181,79,Female,87.0,132.0,84,15,93.8,35.8,143.4,1.57,No,No,No,Respiratory,Abnormal,8,High
P06182,35,Male,93.0,159.0,62,20,97.5,36.9,135.2,1.75,No,No,No,Respiratory,Abnormal,3,Low
P06183,63,Male,85.0,152.0,61,26,91.1,37.4,86.0,2.59,No,No,No,Hypertension,Abnormal,8,High
P06184,49,Female,53.0,142.0,55,16,97.5,37.6,76.1,1.1,No,No,No,None,Normal,0,Low
P06185,44,Female,86.0,98.0,62,16,100.0,37.9,142.0,2.34,No,No,No,None,Normal,2,Low
P06186,35,Female,,118.0,86,23,96.9,37.5,135.9,2.27,Yes,Yes,Yes,Multiple,Abnormal,10,High
P06187,56,Female,90.0,119.0,85,19,91.8,36.7,124.3,2.2,No,No,No,Hypertension,Normal,3,Low
P06188,66,Male,73.0,160.0,88,20,97.2,35.6,126.7,2.79,Yes,No,No,None,Normal,4,Medium
P06189,61,Female,61.0,119.0,63,18,98.9,37.8,84.1,2.03,No,Yes,No,Hypertension,Normal,3,Low
P06190,89,Male,97.0,156.0,81,15,99.9,36.6,67.9,1.37,No,No,No,None,Normal,2,Low
P06191,71,Male,80.0,111.0,69,16,96.6,35.8,85.7,1.77,No,Yes,No,Cardiac,Abnormal,6,Medium
P06192,51,Male,88.0,113.0,92,24,97.8,38.5,105.0,1.86,No,No,Yes,None,Normal,4,Medium
P06193,88,Female,79.0,137.0,84,17,98.6,37.0,91.2,1.42,No,Yes,No,None,Normal,3,Low
P06194,53,Male,85.0,164.0,68,20,97.8,37.4,177.7,0.65,Yes,Yes,Yes,Cardiac,Normal,6,Medium
P06195,35,Female,76.0,120.0,94,13,97.0,37.2,174.0,1.91,No,No,No,None,Normal,0,Low
P06196,55,Male,66.0,70.0,86,28,94.1,37.0,149.1,2.01,Yes,Yes,No,Multiple,Abnormal,10,High
P06197,76,Female,94.0,86.0,57,20,98.9,36.7,163.8,1.77,No,No,No,None,Normal,5,Medium
P06198,26,Male,73.0,132.0,53,20,94.4,36.5,63.2,1.84,No,No,No,Cardiac,Normal,1,Low
P06199,90,Male,88.0,88.0,58,23,100.0,38.8,143.7,1.09,No,No,Yes,None,Normal,10,High
P06200,89,Female,93.0,103.0,103,16,94.1,35.8,113.6,0.5,No,No,No,Hypertension,Abnormal,6,Medium
P06201,68,Female,73.0,125.0,63,24,98.4,36.7,96.6,1.6,No,No,No,Hypertension,Normal,3,Low
P06202,52,Male,61.0,70.0,106,10,92.2,36.3,103.7,0.73,No,Yes,No,None,Normal,6,Medium
P06203,22,Male,134.0,116.0,62,15,94.6,37.4,104.2,2.09,Yes,Yes,Yes,None,Normal,7,Medium
P06204,31,Female,74.0,96.0,60,14,94.2,36.7,99.8,0.94,Yes,No,No,Respiratory,Normal,4,Medium
P06205,47,Male,97.0,88.0,91,9,91.9,36.6,90.4,1.77,Yes,No,No,None,Abnormal,8,High
P06206,21,Female,124.0,105.0,92,15,94.3,37.5,61.4,1.56,No,No,No,Cardiac,Normal,3,Low
P06207,56,Female,101.0,98.0,86,18,97.1,38.5,52.1,1.21,Yes,No,No,Diabetes,Normal,7,Medium
P06208,81,Male,79.0,,88,13,95.3,36.3,131.1,2.6,No,No,No,Hypertension,Normal,4,Medium
P06209,42,Female,84.0,155.0,66,12,99.6,35.8,50.0,0.89,No,No,No,Diabetes,Abnormal,6,Medium
P06210,45,Male,,116.0,90,18,93.2,37.1,192.8,0.5,Yes,Yes,Yes,Respiratory,Normal,8,High
P06211,83,Female,103.0,110.0,82,18,98.1,37.7,90.1,0.82,No,No,No,None,Normal,3,Low
P06212,39,Female,96.0,115.0,73,17,94.2,36.8,50.0,3.02,No,No,No,None,Normal,3,Low
P06213,48,Male,75.0,97.0,79,12,99.4,37.5,135.9,1.58,No,No,No,Diabetes,Normal,3,Low
P06214,40,Female,64.0,93.0,94,16,,36.6,109.6,2.67,Yes,No,No,None,Normal,4,Medium
P06215,65,Male,59.0,84.0,84,15,99.0,38.9,77.1,1.79,Yes,Yes,No,Hypertension,Abnormal,10,High
P06216,37,Female,,92.0,46,18,95.5,37.5,92.0,2.76,No,No,No,Cardiac,Normal,5,Medium
P06217,55,Female,87.0,166.0,91,15,100.0,36.6,111.4,,No,No,No,Hypertension,Abnormal,3,Low
P06218,72,Female,89.0,108.0,90,18,91.0,36.4,158.4,2.03,No,No,No,Diabetes,Normal,4,Medium
P06219,85,Female,69.0,70.0,72,11,97.3,37.2,50.0,2.44,No,No,No,Cardiac,Normal,8,High
P06220,18,Male,56.0,110.0,80,11,96.4,37.5,127.7,0.79,No,No,No,Multiple,Normal,2,Low
P06221,24,Female,104.0,85.0,80,21,98.5,36.0,180.8,0.98,No,Yes,No,Cardiac,Normal,6,Medium
P06222,74,Female,86.0,126.0,48,22,95.8,37.0,82.4,1.6,No,Yes,No,Hypertension,Abnormal,5,Medium
P06223,29,Female,103.0,124.0,72,16,93.0,37.6,144.9,2.18,Yes,No,No,Multiple,Normal,6,Medium
P06224,22,Male,77.0,126.0,73,18,92.7,37.3,141.9,1.17,Yes,No,No,Multiple,Abnormal,7,Medium
P06225,67,Male,80.0,124.0,76,16,96.0,37.5,190.3,2.71,No,No,No,None,Abnormal,4,Medium
P06226,59,Male,99.0,116.0,70,23,95.2,38.2,,2.56,No,Yes,No,None,Normal,3,Low
P06227,29,Male,100.0,89.0,88,17,98.6,34.5,143.1,1.75,Yes,No,No,None,Normal,6,Medium
P06228,35,Female,101.0,123.0,66,16,98.9,37.2,157.6,2.16,Yes,Yes,No,Diabetes,Abnormal,6,Medium
P06229,83,Female,79.0,150.0,92,23,96.1,35.1,139.7,2.38,Yes,Yes,No,Cardiac,Normal,7,Medium
P06230,34,Female,97.0,170.0,87,14,96.1,37.0,79.3,2.48,No,No,Yes,Multiple,Normal,5,Medium
P06231,85,Male,107.0,119.0,98,19,99.2,38.0,85.9,2.2,No,Yes,No,None,Abnormal,6,Medium
P06232,88,Male,83.0,122.0,104,13,95.3,36.9,125.7,1.33,Yes,Yes,No,None,Abnormal,6,Medium
P06233,79,Female,75.0,138.0,104,21,95.4,36.3,149.7,0.5,Yes,No,No,Hypertension,Normal,4,Medium
P06234,58,Female,112.0,162.0,60,22,92.0,37.7,,1.93,Yes,No,No,None,Normal,4,Medium
P06235,51,Female,72.0,113.0,83,12,98.6,37.1,73.6,2.8,No,No,No,None,Normal,1,Low
P06236,87,Male,98.0,142.0,67,11,95.7,37.2,105.2,2.86,No,No,No,Diabetes,Normal,4,Medium
P06237,62,Female,84.0,104.0,127,19,99.4,38.7,59.5,2.06,Yes,No,Yes,Cardiac,Abnormal,11,High
P06238,75,Female,48.0,133.0,87,28,92.4,35.8,138.5,1.44,No,No,No,None,Abnormal,8,High
P06239,68,Male,108.0,149.0,99,22,94.5,36.5,194.2,2.54,No,No,No,None,Abnormal,5,Medium
P06240,51,Male,45.0,93.0,85,17,98.8,37.3,136.1,0.92,Yes,No,No,None,Abnormal,5,Medium
P06241,61,Female,45.0,112.0,40,14,97.0,38.0,50.0,1.31,No,Yes,No,None,Normal,4,Medium
P06242,32,Male,96.0,149.0,66,12,92.5,36.2,119.2,0.65,No,Yes,No,Diabetes,Normal,4,Medium
P06243,87,Female,96.0,140.0,68,22,98.8,36.7,114.4,2.6,No,No,No,Diabetes,Normal,4,Medium
P06244,67,Female,72.0,151.0,72,23,92.1,36.9,93.8,0.5,No,Yes,No,None,Abnormal,7,Medium
P06245,49,Female,88.0,146.0,83,15,98.5,36.9,50.0,2.13,Yes,No,No,Hypertension,Normal,4,Medium
P06246,84,Female,45.0,116.0,86,17,93.1,37.6,134.1,3.66,Yes,No,No,Hypertension,Normal,7,Medium
P06247,20,Male,99.0,180.0,40,18,99.6,37.0,152.9,2.12,No,No,No,Diabetes,Normal,1,Low
P06248,68,Male,90.0,128.0,74,27,96.3,37.5,79.6,1.02,No,No,No,Hypertension,Normal,3,Low
P06249,84,Male,84.0,70.0,71,18,97.0,36.0,79.3,1.47,No,No,No,Multiple,Normal,7,Medium
P06250,65,Female,85.0,118.0,99,13,95.8,37.1,102.3,0.59,Yes,No,No,None,Normal,2,Low
P06251,34,Female,95.0,113.0,87,12,96.3,37.0,184.7,1.08,No,No,No,None,Normal,0,Low
P06252,24,Female,84.0,145.0,75,13,96.2,37.7,103.7,1.23,No,No,No,Cardiac,Abnormal,3,Low
P06253,30,Male,48.0,114.0,81,24,98.1,39.0,84.4,1.13,Yes,No,Yes,None,Normal,6,Medium
P06254,83,Male,129.0,152.0,53,21,95.8,37.8,99.0,1.91,No,Yes,No,Cardiac,Abnormal,8,High
P06255,21,Female,109.0,139.0,88,16,100.0,36.4,138.2,,Yes,No,No,None,Normal,2,Low
P06256,27,Male,59.0,100.0,72,8,93.8,37.5,50.0,0.81,No,Yes,No,None,Normal,5,Medium
P06257,34,Male,78.0,121.0,66,14,98.6,37.0,105.7,2.26,No,No,No,Multiple,Normal,2,Low
P06258,69,Male,80.0,106.0,98,20,97.7,36.7,101.1,3.48,Yes,No,No,Hypertension,Abnormal,6,Medium
P06259,23,Male,107.0,130.0,82,20,99.7,36.6,110.7,2.14,No,No,Yes,Cardiac,Normal,5,Medium
P06260,86,Female,45.0,105.0,68,20,96.4,36.5,87.2,1.13,Yes,No,No,Diabetes,Abnormal,6,Medium
P06261,26,Male,75.0,127.0,69,11,97.0,36.1,61.8,2.48,No,No,No,Multiple,Normal,2,Low
P06262,38,Female,50.0,118.0,83,19,97.0,36.0,152.3,2.67,No,No,Yes,Respiratory,Normal,5,Medium
P06263,41,Male,79.0,121.0,82,13,92.4,37.5,50.0,1.2,Yes,No,No,Respiratory,Normal,6,Medium
P06264,21,Female,76.0,176.0,78,18,97.2,36.7,177.6,1.11,No,No,No,Respiratory,Normal,1,Low
P06265,41,Female,87.0,116.0,60,14,100.0,37.1,,3.09,Yes,No,No,Hypertension,Normal,3,Low
P06266,76,Male,73.0,77.0,62,23,100.0,36.3,142.2,0.94,No,Yes,No,Diabetes,Normal,8,High
P06267,20,Female,70.0,150.0,67,20,93.7,37.5,117.5,3.2,Yes,No,No,Hypertension,Normal,5,Medium
P06268,85,Female,97.0,150.0,75,17,90.6,36.4,162.1,2.25,No,No,No,None,Normal,4,Medium
P06269,57,Male,94.0,76.0,77,25,96.2,35.9,136.5,2.83,No,No,No,Hypertension,Normal,7,Medium
P06270,65,Female,96.0,107.0,76,16,99.2,38.3,,2.61,Yes,Yes,No,Hypertension,Normal,5,Medium
P06271,71,Male,81.0,136.0,76,11,95.9,37.2,148.8,2.64,Yes,No,No,None,Abnormal,5,Medium
P06272,52,Female,,138.0,106,23,100.0,36.8,159.7,0.88,No,No,No,Cardiac,Normal,2,Low
P06273,73,Male,83.0,125.0,91,19,93.7,36.8,86.4,2.38,Yes,Yes,No,Diabetes,Normal,6,Medium
P06274,57,Male,95.0,125.0,96,16,96.7,36.7,99.8,2.82,Yes,No,No,Multiple,Normal,4,Medium
P06275,85,Male,45.0,102.0,85,15,95.7,37.4,115.6,1.61,No,Yes,No,Multiple,Normal,5,Medium
P06276,63,Male,93.0,70.0,79,21,98.2,35.8,115.1,0.5,No,No,No,Respiratory,Normal,6,Medium
P06277,30,Male,91.0,176.0,84,22,98.4,35.6,138.0,0.75,Yes,Yes,No,Diabetes,Normal,4,Medium
P06278,44,Female,86.0,101.0,81,14,99.6,37.1,85.0,0.54,No,No,Yes,Cardiac,Abnormal,6,Medium
P06279,23,Female,82.0,129.0,90,21,95.6,35.6,114.7,1.49,No,No,No,None,Abnormal,3,Low
P06280,34,Male,45.0,121.0,63,19,99.8,35.5,140.1,0.68,No,Yes,No,None,Normal,2,Low
P06281,53,Female,76.0,147.0,89,14,97.0,37.7,50.0,1.3,Yes,Yes,No,Hypertension,Normal,5,Medium
P06282,19,Female,121.0,128.0,81,18,100.0,37.1,157.3,3.42,Yes,No,No,Cardiac,Normal,5,Medium
P06283,69,Female,85.0,129.0,51,15,100.0,37.1,196.8,2.47,No,Yes,No,Diabetes,Normal,3,Low
P06284,83,Male,79.0,,79,24,96.1,36.1,78.4,2.29,Yes,Yes,No,Respiratory,Normal,9,High
P06285,69,Male,85.0,104.0,58,15,94.0,38.1,174.2,2.71,Yes,Yes,No,Hypertension,Abnormal,7,Medium
P06286,60,Female,92.0,144.0,70,26,96.6,37.8,124.1,0.77,No,Yes,Yes,None,Normal,6,Medium
P06287,39,Male,98.0,141.0,76,19,99.0,35.9,79.6,1.05,Yes,No,No,None,Abnormal,4,Medium
P06288,72,Male,80.0,101.0,55,9,91.5,36.9,148.1,1.88,Yes,No,No,Respiratory,Normal,5,Medium
P06289,84,Female,93.0,86.0,77,8,94.5,36.7,192.6,1.27,No,No,No,None,Normal,5,Medium
P06290,77,Male,119.0,128.0,79,17,98.0,37.0,98.9,1.5,No,Yes,No,None,Normal,4,Medium
P06291,75,Male,105.0,70.0,89,25,88.2,37.9,72.3,2.3,No,No,No,Cardiac,Normal,12,High
P06292,29,Male,132.0,96.0,71,24,92.9,36.7,50.0,2.55,No,Yes,No,None,Normal,11,High
P06293,86,Male,72.0,169.0,82,19,94.2,37.8,109.2,2.23,Yes,No,No,None,Normal,3,Low
P06294,56,Male,119.0,161.0,77,14,95.7,35.6,121.5,2.72,Yes,No,No,Respiratory,Normal,5,Medium
P06295,30,Female,69.0,137.0,72,16,95.0,36.5,187.6,0.5,No,No,No,Hypertension,Normal,1,Low
P06296,58,Male,92.0,133.0,53,19,95.1,36.7,189.4,3.41,No,No,No,Hypertension,Normal,2,Low
P06297,74,Male,100.0,76.0,76,23,92.0,36.6,88.5,2.45,No,No,No,Respiratory,Normal,8,High
P06298,70,Female,75.0,106.0,89,21,100.0,37.0,147.3,1.51,No,No,No,Respiratory,Normal,2,Low
P06299,29,Female,87.0,118.0,64,23,94.2,37.1,69.0,0.62,Yes,Yes,No,Respiratory,Normal,4,Medium
P06300,30,Male,103.0,107.0,75,21,90.3,37.2,117.9,1.66,No,No,No,Diabetes,Abnormal,6,Medium
P06301,74,Female,71.0,116.0,77,23,99.4,37.7,109.8,1.16,Yes,Yes,No,None,Normal,4,Medium
P06302,57,Male,118.0,157.0,95,8,93.7,37.6,80.0,2.77,No,No,No,Hypertension,Normal,5,Medium
P06303,62,Female,57.0,111.0,78,14,92.4,35.8,110.2,2.34,No,Yes,No,Hypertension,Normal,6,Medium
P06304,52,Male,124.0,116.0,82,12,98.0,37.1,148.7,1.28,No,No,No,None,Abnormal,4,Medium
P06305,20,Female,105.0,143.0,78,12,94.4,36.5,158.9,0.68,No,Yes,No,Diabetes,Normal,3,Low
P06306,22,Male,83.0,90.0,71,18,96.5,37.7,109.2,1.6,No,No,No,Hypertension,Normal,3,Low
P06307,28,Female,77.0,104.0,61,11,94.1,38.0,111.5,2.6,Yes,No,No,Diabetes,Normal,3,Low
P06308,88,Male,75.0,107.0,74,13,94.6,37.7,50.0,2.24,No,No,No,Multiple,Abnormal,8,High
P06309,73,Male,82.0,126.0,84,18,93.0,38.5,126.0,0.68,No,No,No,None,Normal,3,Low
P06310,27,Male,84.0,116.0,80,10,92.4,37.6,104.4,1.38,No,No,No,None,Normal,2,Low
P06311,51,Female,110.0,117.0,100,16,100.0,37.8,111.4,2.58,Yes,No,No,Multiple,Abnormal,7,Medium
P06312,84,Female,124.0,108.0,92,21,93.5,36.4,95.7,1.69,Yes,No,No,Multiple,Normal,9,High
P06313,89,Male,89.0,98.0,97,12,91.6,37.0,77.0,1.76,No,No,No,Respiratory,Normal,7,Medium
P06314,48,Male,68.0,140.0,48,22,99.4,37.6,80.1,3.31,No,No,No,Multiple,Abnormal,5,Medium
P06315,88,Male,74.0,117.0,102,14,96.8,37.2,87.9,0.95,No,No,No,Diabetes,Normal,3,Low
P06316,83,Male,81.0,140.0,82,19,96.1,36.3,61.9,2.7,No,No,No,Multiple,Abnormal,7,Medium
P06317,87,Female,64.0,97.0,84,12,94.5,36.3,126.7,1.46,No,No,No,Diabetes,Normal,5,Medium
P06318,58,Female,61.0,108.0,91,20,94.8,35.6,137.4,1.51,No,No,No,Diabetes,Normal,2,Low
P06319,80,Female,127.0,119.0,78,16,95.1,37.3,109.5,1.95,No,No,No,None,Abnormal,6,Medium
P06320,49,Male,91.0,122.0,62,20,99.4,36.2,122.1,2.05,No,No,No,Cardiac,Normal,1,Low
P06321,37,Male,68.0,144.0,100,15,95.3,37.5,105.8,2.29,No,No,No,Hypertension,Abnormal,3,Low
P06322,74,Female,101.0,114.0,66,21,99.4,37.6,160.7,1.67,No,No,No,Diabetes,Normal,3,Low
P06323,67,Female,61.0,144.0,63,22,95.8,37.2,117.2,2.34,No,No,No,None,Normal,1,Low
P06324,42,Female,63.0,134.0,74,19,95.4,37.3,126.1,1.91,No,Yes,No,Hypertension,Normal,2,Low
P06325,29,Female,69.0,122.0,72,16,92.9,37.8,147.1,1.36,No,No,No,Cardiac,Abnormal,5,Medium
P06326,88,Male,118.0,101.0,78,17,100.0,37.9,114.0,0.81,No,No,No,None,Normal,3,Low
P06327,56,Male,80.0,144.0,77,12,96.0,35.2,170.7,2.31,Yes,No,No,Hypertension,Normal,3,Low
P06328,34,Male,45.0,102.0,98,19,96.0,37.6,88.4,,No,No,No,Diabetes,Normal,1,Low
P06329,62,Female,109.0,124.0,85,21,100.0,37.4,184.0,1.27,No,No,No,Hypertension,Normal,3,Low
P06330,28,Male,79.0,124.0,65,26,97.2,37.2,107.1,0.67,No,No,No,Diabetes,Normal,2,Low
P06331,87,Female,48.0,120.0,67,25,97.6,37.4,88.9,1.33,Yes,No,No,Cardiac,Normal,5,Medium
P06332,40,Female,79.0,115.0,72,13,96.2,36.7,52.2,0.5,No,No,No,None,Normal,2,Low
P06333,87,Female,95.0,104.0,72,19,93.7,35.1,149.9,2.58,No,No,No,None,Normal,6,Medium
P06334,55,Female,93.0,85.0,70,17,99.7,36.5,100.4,1.71,No,No,No,Hypertension,Normal,4,Medium
P06335,19,Female,121.0,160.0,61,24,91.8,35.5,120.7,2.01,Yes,No,No,Respiratory,Normal,8,High
P06336,89,Male,,113.0,82,14,93.1,35.7,125.4,1.48,No,No,No,Cardiac,Normal,6,Medium
P06337,54,Male,86.0,122.0,71,22,93.7,37.9,95.5,3.22,No,No,No,Diabetes,Normal,4,Medium
P06338,66,Male,71.0,122.0,64,13,96.8,36.6,157.9,2.36,No,Yes,Yes,None,Normal,5,Medium
P06339,69,Female,54.0,152.0,85,17,96.0,37.2,133.2,1.5,No,Yes,Yes,Diabetes,Normal,6,Medium
P06340,50,Male,103.0,173.0,91,14,90.4,37.0,80.9,1.53,No,Yes,No,Diabetes,Normal,5,Medium
P06341,39,Female,94.0,129.0,74,8,100.0,38.1,61.2,1.3,No,No,No,None,Normal,0,Low
P06342,22,Male,91.0,121.0,105,13,98.3,37.1,146.2,1.68,No,No,No,None,Abnormal,2,Low
P06343,35,Female,94.0,97.0,111,17,94.5,36.5,105.4,2.11,No,No,No,None,Normal,2,Low
P06344,55,Female,71.0,89.0,85,25,97.3,38.2,142.9,2.08,No,No,Yes,None,Normal,7,Medium
P06345,54,Male,65.0,81.0,71,13,97.3,36.6,105.0,1.58,Yes,No,No,Hypertension,Normal,5,Medium
P06346,81,Female,86.0,105.0,82,15,95.0,37.3,123.5,2.96,Yes,Yes,No,None,Abnormal,7,Medium
P06347,27,Male,108.0,73.0,60,11,97.2,37.4,147.2,0.5,Yes,Yes,No,Multiple,Abnormal,10,High
P06348,59,Male,117.0,152.0,65,24,97.2,36.0,55.0,1.33,No,No,No,Multiple,Normal,6,Medium
P06349,65,Male,101.0,136.0,53,16,99.3,37.7,182.4,2.35,No,No,No,Multiple,Normal,4,Medium
P06350,61,Female,86.0,119.0,69,16,96.2,38.1,130.0,2.93,No,No,No,None,Normal,2,Low
P06351,33,Female,90.0,153.0,60,16,97.0,36.1,50.0,1.96,No,No,No,Cardiac,Normal,3,Low
P06352,71,Female,85.0,98.0,87,8,95.4,37.0,168.9,3.0,No,No,No,Multiple,Normal,6,Medium
P06353,52,Female,64.0,105.0,67,11,94.7,38.1,154.5,3.17,No,No,No,None,Normal,1,Low
P06354,45,Male,85.0,77.0,82,13,93.7,35.7,107.4,1.51,No,No,No,Respiratory,Abnormal,9,High
P06355,19,Female,58.0,144.0,89,21,93.6,37.5,170.8,1.13,No,No,No,Hypertension,Abnormal,5,Medium
P06356,30,Male,83.0,105.0,96,8,94.6,36.0,89.4,1.11,No,No,No,None,Normal,0,Low
P06357,58,Male,118.0,125.0,73,21,95.3,36.7,109.8,0.66,Yes,No,No,Hypertension,Abnormal,5,Medium
P06358,76,Female,101.0,150.0,83,20,99.0,36.8,208.8,0.82,No,No,No,Hypertension,Normal,4,Medium
P06359,86,Female,67.0,159.0,83,9,94.9,36.1,135.8,1.04,No,No,No,Cardiac,Normal,3,Low
P06360,70,Male,84.0,124.0,97,16,95.0,36.3,158.4,0.87,Yes,No,No,None,Normal,2,Low
P06361,62,Female,68.0,135.0,90,24,95.1,36.9,147.7,2.62,Yes,Yes,No,None,Normal,5,Medium
P06362,37,Male,84.0,102.0,98,13,95.9,38.1,59.6,1.44,No,No,No,None,Normal,2,Low
P06363,41,Female,106.0,167.0,53,15,100.0,37.4,127.0,0.69,Yes,No,No,Hypertension,Normal,3,Low
P06364,78,Female,98.0,121.0,68,32,94.9,35.7,123.3,1.49,Yes,No,No,Cardiac,Abnormal,10,High
P06365,75,Male,135.0,127.0,93,20,97.7,37.4,162.4,2.0,Yes,No,Yes,Diabetes,Normal,9,High
P06366,44,Male,109.0,115.0,87,17,97.0,37.0,175.0,1.59,No,No,No,Hypertension,Normal,2,Low
P06367,43,Male,89.0,155.0,76,16,96.2,36.5,166.6,1.63,Yes,No,No,None,Abnormal,3,Low
P06368,24,Female,99.0,130.0,71,20,93.1,36.7,96.1,0.5,Yes,No,No,Diabetes,Normal,4,Medium
P06369,59,Female,81.0,144.0,90,21,97.6,37.4,57.5,2.53,No,No,No,Respiratory,Abnormal,6,Medium
P06370,64,Female,62.0,134.0,48,8,90.2,35.7,135.0,1.52,No,No,No,Respiratory,Normal,5,Medium
P06371,70,Male,111.0,119.0,90,8,92.9,36.5,111.5,0.76,No,No,No,Respiratory,Normal,5,Medium
P06372,76,Male,105.0,148.0,79,13,94.4,36.1,72.9,1.71,No,No,No,None,Normal,3,Low
P06373,55,Female,,134.0,71,17,95.3,36.4,87.1,1.4,No,Yes,No,Multiple,Abnormal,5,Medium
P06374,86,Male,90.0,101.0,86,18,96.3,37.3,112.6,1.9,No,No,No,None,Abnormal,4,Medium
P06375,70,Female,110.0,100.0,72,9,100.0,37.0,125.3,3.84,No,No,No,Multiple,Abnormal,7,Medium
P06376,32,Male,102.0,129.0,78,17,97.9,37.5,92.8,1.2,No,No,Yes,Cardiac,Normal,5,Medium
P06377,43,Female,56.0,148.0,77,18,96.5,35.2,114.4,2.4,No,No,No,Multiple,Normal,3,Low
P06378,65,Female,90.0,166.0,89,14,95.0,36.8,112.1,1.54,Yes,Yes,No,Cardiac,Normal,4,Medium
P06379,36,Female,82.0,81.0,80,15,95.0,36.9,126.0,1.49,Yes,No,Yes,Respiratory,Normal,8,High
P06380,26,Male,107.0,126.0,49,14,92.6,35.7,76.0,2.8,No,Yes,No,Multiple,Normal,8,High
P06381,81,Male,106.0,137.0,57,20,,36.4,87.1,1.95,No,Yes,No,Multiple,Normal,10,High
P06382,71,Female,111.0,132.0,62,18,92.2,37.0,168.9,3.09,No,No,No,None,Abnormal,7,Medium
P06383,68,Female,63.0,150.0,85,12,99.5,37.3,104.6,1.76,No,Yes,No,Multiple,Normal,4,Medium
P06384,56,Female,69.0,141.0,86,23,93.9,37.3,134.1,2.89,No,Yes,No,Hypertension,Abnormal,8,High
P06385,21,Female,107.0,100.0,103,11,94.4,35.4,66.3,1.53,Yes,No,No,Multiple,Normal,5,Medium
P06386,20,Female,73.0,100.0,63,9,99.1,36.5,162.5,1.25,No,No,No,None,Normal,0,Low
P06387,81,Female,55.0,133.0,98,17,88.1,35.8,161.1,2.15,No,Yes,No,Diabetes,Normal,9,High
P06388,46,Male,96.0,150.0,49,17,94.2,37.0,127.0,1.89,No,Yes,No,None,Abnormal,3,Low
P06389,28,Male,74.0,129.0,78,18,92.7,36.7,90.4,0.73,No,No,No,Multiple,Normal,4,Medium
P06390,75,Male,121.0,86.0,82,12,96.9,36.5,57.5,1.96,No,No,No,Hypertension,Normal,10,High
P06391,44,Male,91.0,99.0,82,22,97.7,39.5,206.0,1.19,No,No,No,None,Normal,3,Low
P06392,38,Female,88.0,142.0,73,27,97.7,36.2,98.8,2.45,No,No,No,None,Normal,1,Low
P06393,56,Female,78.0,116.0,80,18,100.0,37.0,57.7,1.27,No,No,No,None,Normal,2,Low
P06394,63,Female,117.0,128.0,59,20,97.7,37.4,91.1,1.51,Yes,No,No,Diabetes,Normal,4,Medium
P06395,83,Male,92.0,152.0,91,8,96.7,37.3,131.0,0.98,No,No,No,Respiratory,Normal,3,Low
P06396,53,Male,77.0,95.0,82,16,100.0,37.5,65.1,2.6,No,No,No,Diabetes,Normal,4,Medium
P06397,82,Female,69.0,115.0,83,15,89.6,37.3,91.4,2.14,Yes,No,No,None,Abnormal,9,High
P06398,80,Male,84.0,112.0,74,14,100.0,36.7,57.4,3.62,Yes,No,Yes,None,Abnormal,11,High
P06399,52,Male,65.0,134.0,73,15,100.0,37.0,172.7,2.81,Yes,Yes,No,Cardiac,Abnormal,6,Medium
P06400,48,Female,106.0,144.0,86,15,95.6,36.5,111.7,1.45,No,No,No,Diabetes,Normal,2,Low
P06401,45,Female,49.0,88.0,102,11,93.9,36.4,56.9,0.56,No,No,No,Cardiac,Normal,8,High
P06402,18,Female,82.0,125.0,57,16,94.0,35.9,79.0,1.3,No,No,No,Cardiac,Abnormal,4,Medium
P06403,42,Male,97.0,147.0,56,13,,37.6,89.2,1.67,No,Yes,No,Respiratory,Normal,2,Low
P06404,60,Female,92.0,79.0,82,22,99.6,37.9,115.9,0.5,No,No,No,Respiratory,Normal,5,Medium
P06405,84,Female,71.0,123.0,73,20,88.6,36.5,78.5,1.12,No,No,No,Hypertension,Normal,7,Medium
P06406,80,Female,98.0,95.0,80,20,100.0,36.9,100.4,2.61,Yes,No,Yes,Hypertension,Abnormal,12,High
P06407,68,Male,67.0,109.0,78,23,96.0,38.3,89.5,1.11,Yes,No,No,None,Normal,3,Low
P06408,19,Male,,70.0,87,14,99.5,37.9,57.5,1.1,Yes,No,No,None,Normal,6,Medium
P06409,81,Female,98.0,160.0,74,19,,37.7,78.4,2.21,No,No,No,Respiratory,Normal,5,Medium
P06410,86,Female,94.0,116.0,60,23,98.2,37.2,84.1,1.37,No,No,No,Respiratory,Normal,4,Medium
P06411,26,Male,71.0,105.0,66,14,97.2,36.5,66.2,1.81,No,No,No,Hypertension,Normal,1,Low
P06412,19,Male,109.0,133.0,76,8,97.7,36.6,57.3,2.11,No,No,No,Respiratory,Abnormal,6,Medium
P06413,51,Female,87.0,99.0,59,15,93.9,37.2,91.2,1.31,No,No,Yes,None,Normal,7,Medium
P06414,77,Male,100.0,97.0,77,23,94.9,37.4,149.6,2.42,Yes,No,No,None,Normal,6,Medium
P06415,78,Female,116.0,163.0,79,13,92.3,36.2,109.1,2.35,Yes,Yes,Yes,Diabetes,Normal,11,High
P06416,48,Female,107.0,170.0,73,16,98.3,38.0,50.0,2.06,Yes,Yes,No,Respiratory,Abnormal,8,High
P06417,27,Male,107.0,110.0,81,14,100.0,38.1,155.4,3.01,No,Yes,No,None,Abnormal,5,Medium
P06418,53,Female,89.0,152.0,54,17,96.8,37.6,87.3,2.5,No,No,No,None,Normal,0,Low
P06419,66,Female,101.0,134.0,64,13,88.0,38.2,172.5,1.58,No,No,No,Diabetes,Normal,7,Medium
P06420,87,Male,89.0,90.0,61,11,100.0,37.5,,1.19,No,No,No,Diabetes,Normal,5,Medium
P06421,66,Female,61.0,102.0,91,16,96.4,37.2,102.7,1.92,No,Yes,No,Hypertension,Normal,3,Low
P06422,20,Male,91.0,164.0,113,17,88.0,37.0,107.2,1.74,No,No,No,Hypertension,Normal,5,Medium
P06423,22,Female,90.0,89.0,65,24,90.9,36.7,69.4,1.75,No,No,No,None,Abnormal,8,High
P06424,78,Female,97.0,182.0,74,18,,37.0,141.1,1.35,No,No,No,Hypertension,Abnormal,9,High
P06425,43,Male,82.0,111.0,68,12,96.0,36.2,179.7,1.83,Yes,Yes,No,None,Normal,2,Low
P06426,89,Male,70.0,165.0,81,14,92.9,36.9,85.9,3.05,No,No,No,Cardiac,Abnormal,8,High
P06427,22,Male,98.0,117.0,69,22,93.3,36.1,90.9,2.35,No,No,No,Multiple,Abnormal,6,Medium
P06428,32,Male,59.0,145.0,82,16,98.7,36.4,193.9,1.91,No,No,No,Multiple,Normal,2,Low
P06429,33,Male,114.0,160.0,88,13,99.6,38.0,118.5,2.79,No,No,No,Diabetes,Normal,3,Low
P06430,18,Male,80.0,160.0,60,18,98.8,37.9,54.0,2.38,No,Yes,No,Hypertension,Normal,4,Medium
P06431,33,Female,90.0,110.0,82,14,91.1,36.3,60.4,1.54,Yes,Yes,No,Hypertension,Normal,5,Medium
P06432,54,Male,96.0,104.0,51,20,98.8,37.7,183.2,1.76,No,Yes,No,None,Normal,1,Low
P06433,20,Female,97.0,123.0,74,20,94.6,36.5,133.9,2.52,No,Yes,No,Diabetes,Normal,3,Low
P06434,69,Male,57.0,92.0,73,12,100.0,36.5,73.0,1.99,No,No,No,Multiple,Normal,5,Medium
P06435,64,Female,101.0,131.0,75,27,96.8,38.1,128.5,2.14,No,No,No,Hypertension,Normal,4,Medium
P06436,30,Female,91.0,104.0,73,17,99.6,36.1,81.7,0.8,No,Yes,No,Respiratory,Normal,2,Low
P06437,72,Male,72.0,152.0,71,8,97.7,35.6,50.0,1.38,Yes,Yes,No,Hypertension,Normal,7,Medium
P06438,38,Female,70.0,111.0,74,20,97.3,36.5,101.2,1.75,No,No,No,Diabetes,Normal,1,Low
P06439,83,Female,78.0,81.0,82,8,94.9,36.5,114.7,2.71,No,No,No,None,Normal,6,Medium
P06440,71,Female,59.0,160.0,82,23,99.6,36.7,52.3,3.31,No,No,No,Multiple,Normal,7,Medium
P06441,44,Male,119.0,130.0,80,18,98.8,35.6,64.7,1.08,No,Yes,No,None,Normal,3,Low
P06442,55,Male,115.0,126.0,69,17,95.0,37.3,74.9,1.3,Yes,No,No,Cardiac,Normal,3,Low
P06443,75,Female,94.0,152.0,94,18,94.7,38.5,106.8,2.16,Yes,No,Yes,None,Normal,6,Medium
P06444,79,Male,81.0,147.0,101,21,93.9,37.2,120.1,3.5,No,No,No,None,Normal,5,Medium
P06445,63,Male,81.0,106.0,59,15,98.5,36.8,57.3,1.0,No,No,No,Hypertension,Normal,4,Medium
P06446,28,Female,100.0,114.0,80,18,96.7,37.5,91.7,0.5,No,No,No,Diabetes,Normal,1,Low
P06447,89,Female,120.0,97.0,71,18,96.9,37.1,96.2,1.93,Yes,No,No,None,Abnormal,8,High
P06448,25,Male,74.0,88.0,92,8,94.9,37.0,50.0,0.72,No,No,No,None,Normal,5,Medium
P06449,88,Male,63.0,139.0,78,21,100.0,36.9,124.0,2.25,Yes,No,No,Multiple,Normal,5,Medium
P06450,81,Male,116.0,135.0,79,21,91.5,37.2,138.9,2.42,No,No,No,Diabetes,Abnormal,8,High
P06451,38,Female,49.0,144.0,85,20,98.3,36.7,127.5,1.62,No,No,No,Diabetes,Normal,1,Low
P06452,89,Male,65.0,157.0,74,19,98.9,35.7,62.1,1.44,Yes,No,No,Hypertension,Abnormal,7,Medium
P06453,80,Male,80.0,144.0,103,26,95.0,38.5,138.9,1.23,No,No,No,None,Abnormal,5,Medium
P06454,81,Male,54.0,147.0,86,17,91.7,37.4,110.9,1.85,No,No,No,None,Normal,4,Medium
P06455,37,Female,107.0,73.0,92,18,97.1,36.4,154.3,0.75,No,Yes,Yes,Multiple,Normal,10,High
P06456,25,Female,102.0,117.0,75,14,99.6,37.3,134.1,,Yes,No,No,None,Normal,2,Low
P06457,75,Female,74.0,149.0,76,8,100.0,36.1,127.5,1.22,Yes,No,No,Hypertension,Normal,4,Medium
P06458,63,Male,111.0,96.0,90,20,98.0,37.3,103.7,2.02,No,Yes,No,Cardiac,Abnormal,8,High
P06459,48,Male,114.0,127.0,89,15,94.2,37.6,153.2,2.08,Yes,No,Yes,None,Normal,5,Medium
P06460,26,Female,83.0,138.0,59,8,98.1,37.8,69.3,2.93,No,No,No,Cardiac,Normal,2,Low
P06461,32,Male,76.0,136.0,80,17,97.5,37.5,64.4,1.02,Yes,No,No,Multiple,Normal,3,Low
P06462,43,Male,130.0,134.0,85,17,97.0,36.8,224.7,1.52,No,No,No,Respiratory,Abnormal,5,Medium
P06463,27,Male,99.0,140.0,76,16,93.3,37.8,50.0,2.55,No,No,Yes,Diabetes,Normal,9,High
P06464,46,Female,90.0,130.0,84,18,97.8,36.6,67.3,2.18,No,No,No,None,Normal,0,Low
P06465,53,Male,112.0,88.0,77,10,97.4,37.2,147.1,1.27,No,No,No,Multiple,Abnormal,8,High
P06466,54,Male,91.0,138.0,44,23,100.0,36.4,50.0,0.74,Yes,No,No,Respiratory,Abnormal,7,Medium
P06467,88,Female,75.0,132.0,58,20,96.3,37.2,144.5,3.28,No,No,No,Multiple,Abnormal,7,Medium
P06468,40,Male,87.0,89.0,93,24,100.0,38.2,164.1,0.53,No,No,No,Multiple,Normal,6,Medium
P06469,58,Female,106.0,159.0,74,15,100.0,37.6,168.8,0.8,No,Yes,No,None,Normal,2,Low
P06470,45,Male,45.0,138.0,81,20,96.1,37.7,117.7,1.95,No,No,No,None,Abnormal,2,Low
P06471,65,Female,79.0,90.0,78,8,99.7,37.9,68.1,2.57,No,Yes,No,Diabetes,Normal,6,Medium
P06472,55,Female,113.0,105.0,66,13,93.6,36.9,78.4,1.1,No,No,No,None,Normal,3,Low
P06473,48,Male,75.0,111.0,71,11,95.4,36.3,165.6,2.35,No,No,No,Multiple,Normal,2,Low
P06474,31,Male,116.0,111.0,83,19,94.4,35.5,50.0,0.99,No,Yes,Yes,Cardiac,Abnormal,11,High
P06475,90,Female,113.0,,84,12,95.5,36.1,147.9,2.44,Yes,No,No,None,Abnormal,6,Medium
P06476,46,Male,84.0,101.0,111,15,90.0,37.1,50.7,2.45,No,No,No,Cardiac,Normal,5,Medium
P06477,68,Female,74.0,153.0,71,18,100.0,35.4,111.2,1.1,Yes,No,No,None,Abnormal,5,Medium
P06478,66,Male,79.0,151.0,103,16,95.1,37.1,90.1,2.5,No,No,No,Respiratory,Normal,2,Low
P06479,60,Male,138.0,140.0,65,11,98.4,37.4,97.3,1.02,No,No,No,Hypertension,Abnormal,6,Medium
P06480,89,Male,122.0,126.0,85,26,96.7,35.7,168.7,0.5,Yes,No,No,Hypertension,Normal,8,High
P06481,22,Male,88.0,148.0,81,18,95.2,37.7,93.4,1.68,Yes,No,No,None,Normal,1,Low
P06482,59,Female,73.0,118.0,76,26,92.2,36.7,156.7,2.11,No,Yes,No,Cardiac,Normal,5,Medium
P06483,24,Female,87.0,107.0,78,12,93.3,35.7,86.2,2.41,No,No,No,None,Abnormal,5,Medium
P06484,59,Male,90.0,155.0,69,16,95.3,35.6,125.5,2.66,Yes,Yes,No,None,Abnormal,6,Medium
P06485,53,Male,60.0,133.0,92,18,94.6,37.0,109.9,0.97,No,No,No,Multiple,Abnormal,4,Medium
P06486,44,Male,87.0,108.0,65,25,93.1,37.1,60.1,1.79,Yes,No,No,None,Normal,4,Medium
P06487,75,Male,111.0,115.0,83,26,93.9,37.0,61.0,1.45,No,Yes,No,Respiratory,Normal,8,High
P06488,63,Male,49.0,107.0,89,15,97.4,37.8,104.5,1.79,No,Yes,No,Diabetes,Normal,3,Low
P06489,83,Female,102.0,176.0,99,14,98.6,37.0,99.3,3.64,No,No,No,Diabetes,Normal,5,Medium
P06490,42,Female,112.0,125.0,93,18,92.5,36.5,142.1,1.65,Yes,No,No,None,Normal,4,Medium
P06491,90,Male,74.0,129.0,87,24,93.4,36.7,50.0,1.02,No,No,No,None,Normal,7,Medium
P06492,44,Female,119.0,143.0,68,18,96.6,37.9,81.9,1.6,No,No,No,None,Normal,1,Low
P06493,18,Female,71.0,95.0,66,19,95.5,36.1,,2.48,No,Yes,No,None,Normal,3,Low
P06494,59,Male,94.0,152.0,61,24,94.9,37.1,105.0,2.19,No,No,No,Hypertension,Normal,2,Low
P06495,69,Female,79.0,110.0,59,23,98.8,37.2,56.8,2.63,No,No,No,Multiple,Abnormal,9,High
P06496,42,Female,79.0,171.0,78,23,96.6,37.8,129.4,3.28,Yes,No,No,None,Abnormal,5,Medium
P06497,71,Female,,117.0,67,21,91.1,37.1,148.9,3.24,No,No,No,None,Normal,4,Medium
P06498,84,Female,99.0,151.0,96,25,93.6,36.2,75.1,1.16,No,No,No,Hypertension,Abnormal,8,High
P06499,23,Male,102.0,70.0,69,12,91.0,37.2,153.7,2.4,Yes,No,No,Diabetes,Normal,8,High
P06500,75,Female,84.0,96.0,79,29,95.5,37.6,91.2,0.5,Yes,No,Yes,Cardiac,Normal,10,High
P06501,87,Female,58.0,118.0,74,23,92.0,37.1,100.7,2.67,No,Yes,No,None,Normal,7,Medium
P06502,70,Female,93.0,74.0,57,17,90.7,37.9,93.7,0.56,Yes,No,No,Respiratory,Abnormal,10,High
P06503,83,Male,93.0,140.0,94,24,89.8,36.0,155.6,0.57,No,Yes,No,None,Normal,8,High
P06504,75,Female,81.0,133.0,88,16,100.0,36.9,108.5,1.65,No,No,No,Hypertension,Normal,3,Low
P06505,19,Female,122.0,100.0,90,20,91.9,37.0,145.9,2.54,Yes,Yes,No,Hypertension,Normal,8,High
P06506,39,Female,54.0,125.0,87,21,95.1,37.6,95.6,1.05,No,No,Yes,None,Normal,3,Low
P06507,54,Male,45.0,145.0,67,22,96.2,37.7,129.4,1.38,No,Yes,No,None,Normal,1,Low
P06508,37,Male,70.0,72.0,67,16,96.4,37.0,71.5,1.13,Yes,Yes,No,None,Normal,5,Medium
P06509,41,Male,99.0,93.0,85,22,97.9,36.7,155.0,1.92,No,Yes,No,Multiple,Normal,5,Medium
P06510,82,Male,64.0,117.0,101,16,95.8,37.2,102.7,2.54,No,No,No,None,Normal,3,Low
P06511,82,Male,65.0,126.0,84,22,94.6,36.1,165.0,1.81,No,No,No,None,Abnormal,4,Medium
P06512,18,Female,104.0,124.0,93,18,96.7,36.6,112.9,1.3,No,Yes,No,Multiple,Abnormal,6,Medium
P06513,20,Male,94.0,147.0,70,9,96.6,37.5,118.8,3.03,No,No,No,Diabetes,Normal,2,Low
P06514,63,Female,93.0,137.0,94,14,96.2,37.3,206.5,2.61,No,No,No,None,Abnormal,4,Medium
P06515,72,Male,101.0,142.0,72,22,97.9,36.5,144.8,1.17,No,Yes,No,None,Normal,3,Low
P06516,81,Male,76.0,90.0,82,16,94.1,36.4,122.8,1.09,No,No,No,Multiple,Abnormal,8,High
P06517,62,Male,77.0,129.0,73,24,95.4,36.4,66.2,1.48,No,No,No,Multiple,Normal,4,Medium
P06518,43,Female,101.0,117.0,91,12,92.0,36.4,84.8,2.58,No,No,No,None,Normal,4,Medium
P06519,82,Female,58.0,162.0,92,21,95.3,37.1,146.4,0.5,No,No,No,Hypertension,Normal,3,Low
P06520,41,Female,45.0,129.0,56,18,94.1,38.0,101.7,2.85,No,Yes,No,Hypertension,Normal,3,Low
P06521,52,Male,76.0,108.0,98,17,99.2,38.1,106.7,1.51,No,No,No,Cardiac,Normal,1,Low
P06522,41,Male,104.0,146.0,114,12,91.6,36.3,71.7,0.82,No,No,No,None,Normal,3,Low
P06523,45,Male,90.0,139.0,73,19,94.6,37.3,131.2,1.91,Yes,No,No,None,Abnormal,3,Low
P06524,33,Male,102.0,104.0,76,13,94.4,37.2,119.2,2.03,No,No,No,Multiple,Abnormal,5,Medium
P06525,76,Male,45.0,116.0,97,15,98.0,37.2,143.5,2.5,Yes,No,No,Hypertension,Normal,4,Medium
P06526,71,Male,91.0,117.0,79,17,,36.2,164.5,2.72,No,No,No,Diabetes,Normal,5,Medium
P06527,33,Female,98.0,156.0,78,16,96.0,36.4,132.9,2.08,No,No,No,Respiratory,Normal,1,Low
P06528,32,Female,,130.0,106,23,96.2,37.3,68.1,2.2,No,Yes,No,Hypertension,Normal,3,Low
P06529,28,Male,102.0,143.0,58,8,98.8,36.7,54.5,1.85,No,No,No,None,Normal,3,Low
P06530,82,Female,83.0,113.0,66,17,93.4,37.1,144.2,,No,No,No,Cardiac,Normal,5,Medium
P06531,85,Female,146.0,133.0,84,16,92.1,36.2,119.8,1.31,No,No,No,Respiratory,Normal,7,Medium
P06532,60,Female,45.0,158.0,54,18,97.4,36.6,185.1,1.49,No,No,No,None,Normal,1,Low
P06533,86,Male,112.0,116.0,72,15,91.8,35.9,116.0,0.55,Yes,No,No,None,Normal,7,Medium
P06534,30,Male,77.0,,72,23,94.4,37.2,50.0,3.12,Yes,Yes,No,None,Normal,6,Medium
P06535,27,Male,53.0,91.0,92,17,95.3,36.7,64.4,1.29,No,No,No,None,Normal,2,Low
P06536,58,Male,74.0,106.0,88,19,97.8,37.2,85.0,2.66,No,No,No,Cardiac,Abnormal,4,Medium
P06537,67,Female,91.0,117.0,53,22,91.4,36.7,184.7,2.81,Yes,No,No,None,Normal,5,Medium
P06538,88,Male,106.0,98.0,68,18,,37.2,161.8,0.56,No,No,No,None,Abnormal,7,Medium
P06539,76,Male,119.0,158.0,68,12,96.1,38.4,93.6,1.91,No,No,No,Multiple,Normal,5,Medium
P06540,56,Male,113.0,104.0,75,16,93.4,36.6,107.3,2.33,No,Yes,No,Hypertension,Normal,5,Medium
P06541,20,Female,66.0,145.0,62,17,94.9,37.4,60.5,1.36,No,No,No,Diabetes,Abnormal,3,Low
P06542,24,Female,108.0,130.0,85,10,98.7,36.5,59.1,0.71,No,No,No,None,Normal,3,Low
P06543,66,Female,93.0,126.0,68,14,94.5,36.9,159.8,2.99,No,No,No,Diabetes,Normal,3,Low
P06544,43,Female,72.0,,87,18,94.9,37.4,152.6,2.32,No,No,No,None,Normal,0,Low
P06545,50,Female,81.0,70.0,78,28,98.7,37.2,104.0,1.83,No,Yes,No,Multiple,Abnormal,9,High
P06546,65,Male,71.0,120.0,63,20,95.3,37.6,188.7,0.96,Yes,No,No,Multiple,Abnormal,6,Medium
P06547,19,Female,86.0,98.0,99,19,100.0,37.8,132.4,0.99,No,No,No,Multiple,Normal,4,Medium
P06548,88,Female,,76.0,99,26,91.1,37.5,123.5,1.93,No,No,No,Multiple,Normal,10,High
P06549,49,Male,64.0,95.0,82,21,95.2,37.7,123.7,1.43,No,No,No,Multiple,Abnormal,6,Medium
P06550,21,Male,95.0,125.0,74,22,98.3,37.2,72.5,1.98,No,Yes,No,Diabetes,Normal,2,Low
P06551,37,Male,98.0,107.0,62,16,93.8,36.4,,2.1,No,No,No,None,Normal,2,Low
P06552,53,Female,81.0,147.0,94,12,95.3,37.6,153.1,1.44,Yes,No,No,Diabetes,Abnormal,4,Medium
P06553,49,Male,112.0,,90,19,99.8,36.7,124.6,3.15,No,No,No,Cardiac,Normal,3,Low
P06554,45,Female,80.0,117.0,66,27,93.7,37.6,70.3,1.2,No,No,No,None,Abnormal,5,Medium
P06555,18,Male,79.0,117.0,68,26,97.4,36.0,158.6,1.04,Yes,No,Yes,None,Normal,5,Medium
P06556,77,Female,98.0,123.0,85,21,98.2,36.7,50.0,2.14,No,No,No,Cardiac,Abnormal,7,Medium
P06557,73,Female,82.0,115.0,60,15,96.2,36.4,84.0,2.19,No,No,No,Hypertension,Normal,2,Low
P06558,52,Female,87.0,104.0,69,10,96.1,37.3,138.2,1.0,Yes,No,No,Cardiac,Normal,2,Low
P06559,47,Female,45.0,150.0,62,14,92.9,36.5,98.7,1.53,No,No,No,Hypertension,Normal,3,Low
P06560,71,Male,85.0,109.0,63,19,98.2,37.0,75.4,0.57,Yes,No,No,None,Abnormal,4,Medium
P06561,53,Male,48.0,115.0,67,16,92.2,36.9,170.4,1.35,No,No,No,Hypertension,Abnormal,5,Medium
P06562,72,Female,,136.0,92,23,97.2,37.8,160.3,2.44,No,Yes,No,Multiple,Abnormal,7,Medium
P06563,75,Male,58.0,133.0,52,11,94.4,37.4,157.7,0.76,No,Yes,No,Hypertension,Abnormal,6,Medium
P06564,82,Female,64.0,103.0,85,17,94.8,37.2,128.3,0.93,Yes,Yes,No,None,Normal,4,Medium
P06565,86,Male,74.0,144.0,82,14,95.4,37.0,116.4,1.14,No,No,No,None,Normal,2,Low
P06566,68,Male,75.0,138.0,93,23,97.5,36.4,184.5,2.71,Yes,No,No,None,Normal,4,Medium
P06567,39,Female,98.0,129.0,82,21,100.0,36.3,172.4,2.6,No,No,No,Cardiac,Abnormal,4,Medium
P06568,70,Female,89.0,114.0,72,14,96.3,37.2,111.6,0.5,Yes,No,No,Respiratory,Abnormal,5,Medium
P06569,53,Male,47.0,,66,22,93.8,35.9,223.5,,Yes,No,No,None,Normal,4,Medium
P06570,85,Female,87.0,120.0,93,10,91.7,37.0,110.0,1.87,No,No,No,Multiple,Normal,6,Medium
P06571,53,Male,91.0,94.0,85,9,99.5,37.1,130.4,0.51,No,No,No,Hypertension,Abnormal,5,Medium
P06572,69,Male,78.0,124.0,71,14,96.5,35.9,170.6,2.77,No,No,No,Diabetes,Abnormal,6,Medium
P06573,70,Male,84.0,147.0,92,8,95.3,37.0,129.9,0.5,No,No,No,None,Abnormal,3,Low
P06574,67,Female,89.0,147.0,71,17,96.2,37.0,104.4,1.2,No,No,No,Cardiac,Abnormal,4,Medium
P06575,58,Female,100.0,115.0,78,18,98.3,38.7,130.3,1.97,No,No,No,Hypertension,Normal,2,Low
P06576,35,Male,,152.0,69,16,94.8,37.0,114.8,2.98,No,No,Yes,Diabetes,Normal,5,Medium
P06577,39,Female,80.0,173.0,86,21,94.0,37.7,50.0,1.8,No,No,No,None,Normal,2,Low
P06578,83,Female,115.0,117.0,63,14,92.1,37.4,155.1,2.05,No,No,No,Hypertension,Abnormal,8,High
P06579,38,Male,113.0,142.0,74,12,92.8,37.2,90.1,1.94,No,No,No,Diabetes,Normal,4,Medium
P06580,61,Female,102.0,70.0,68,14,95.0,37.7,69.0,2.55,Yes,No,No,Cardiac,Normal,8,High
P06581,64,Female,96.0,94.0,82,12,99.2,35.8,163.2,2.05,No,No,No,Multiple,Normal,6,Medium
P06582,56,Male,118.0,127.0,84,15,94.5,36.9,130.1,2.39,No,No,No,Diabetes,Abnormal,4,Medium
P06583,46,Female,123.0,100.0,61,21,96.8,37.2,142.2,2.41,Yes,No,No,Multiple,Normal,5,Medium
P06584,71,Male,82.0,176.0,84,9,99.4,36.2,109.9,2.67,Yes,Yes,No,None,Normal,4,Medium
P06585,34,Female,66.0,140.0,56,16,97.1,37.0,124.0,0.5,Yes,No,No,Hypertension,Normal,2,Low
P06586,77,Female,80.0,149.0,111,23,100.0,37.1,103.0,0.58,No,Yes,No,Respiratory,Normal,5,Medium
P06587,48,Male,147.0,124.0,70,23,96.2,36.9,80.5,2.34,Yes,No,No,None,Normal,4,Medium
P06588,90,Male,54.0,100.0,94,15,95.5,36.3,142.4,3.37,No,Yes,No,Hypertension,Normal,5,Medium
P06589,66,Female,76.0,112.0,81,29,94.9,36.4,124.5,2.06,Yes,No,No,Respiratory,Normal,4,Medium
P06590,19,Male,57.0,131.0,82,13,100.0,36.7,183.9,1.59,No,Yes,No,Diabetes,Normal,2,Low
P06591,65,Male,87.0,109.0,61,17,,37.3,50.0,2.59,No,No,No,Hypertension,Normal,5,Medium
P06592,31,Female,61.0,142.0,91,12,91.6,37.1,162.2,2.86,No,Yes,No,None,Normal,4,Medium
P06593,76,Male,83.0,143.0,79,20,100.0,37.2,99.5,2.34,Yes,No,No,Respiratory,Normal,4,Medium
P06594,75,Female,46.0,125.0,85,32,97.5,36.8,95.7,1.77,No,No,No,None,Normal,5,Medium
P06595,75,Female,97.0,79.0,77,27,96.4,36.3,138.4,1.84,No,No,No,Hypertension,Normal,7,Medium
P06596,68,Male,109.0,168.0,80,22,97.6,36.8,79.5,2.01,No,Yes,No,Diabetes,Normal,4,Medium
P06597,19,Female,77.0,120.0,65,15,93.1,36.3,97.0,2.86,No,No,No,None,Abnormal,5,Medium
P06598,58,Male,82.0,193.0,76,17,96.6,34.6,138.8,2.14,No,Yes,No,None,Abnormal,7,Medium
P06599,33,Female,82.0,141.0,72,24,95.1,37.0,93.6,2.15,No,No,No,Cardiac,Abnormal,4,Medium
P06600,21,Male,89.0,120.0,67,22,94.9,36.8,86.8,2.56,Yes,No,No,Multiple,Abnormal,6,Medium
P06601,29,Male,84.0,136.0,80,18,98.9,38.0,86.7,1.76,Yes,No,Yes,None,Abnormal,6,Medium
P06602,46,Female,100.0,75.0,83,19,95.2,37.6,,2.01,Yes,No,No,Multiple,Normal,6,Medium
P06603,24,Male,110.0,151.0,82,23,96.3,37.4,66.8,3.37,No,No,No,None,Normal,3,Low
P06604,31,Male,69.0,189.0,76,25,97.0,36.2,145.2,1.29,Yes,Yes,No,Hypertension,Normal,6,Medium
P06605,29,Male,79.0,73.0,84,10,98.8,37.8,199.6,1.34,No,No,No,Hypertension,Normal,4,Medium
P06606,22,Female,103.0,118.0,82,19,99.8,37.1,115.1,1.11,No,Yes,No,Hypertension,Normal,3,Low
P06607,49,Female,57.0,122.0,79,21,96.0,36.7,132.4,2.05,No,Yes,No,Cardiac,Normal,2,Low
P06608,60,Male,46.0,147.0,80,15,94.9,36.4,125.6,2.1,No,No,No,Hypertension,Normal,2,Low
P06609,86,Male,90.0,178.0,96,24,100.0,36.5,77.7,0.5,No,No,No,None,Normal,3,Low
P06610,62,Female,95.0,135.0,60,17,88.3,36.8,127.7,2.57,No,Yes,No,Hypertension,Normal,8,High
P06611,26,Female,71.0,179.0,73,25,98.6,36.2,123.9,0.93,Yes,No,No,Respiratory,Normal,3,Low
P06612,66,Female,73.0,,83,16,95.6,37.0,185.9,2.16,Yes,Yes,No,Hypertension,Normal,4,Medium
P06613,50,Male,70.0,136.0,54,19,97.7,36.9,124.9,1.9,No,No,No,None,Normal,0,Low
P06614,35,Female,68.0,133.0,99,19,96.1,37.5,164.7,0.5,Yes,No,No,None,Abnormal,3,Low
P06615,26,Male,99.0,156.0,82,26,99.8,36.9,132.2,0.5,No,Yes,No,Diabetes,Normal,3,Low
P06616,79,Female,61.0,114.0,92,22,97.3,35.5,94.6,0.9,No,No,No,None,Abnormal,5,Medium
P06617,74,Male,80.0,145.0,95,16,91.7,36.8,67.6,2.74,Yes,No,No,None,Abnormal,7,Medium
P06618,46,Female,67.0,94.0,84,17,91.6,36.1,127.3,0.5,Yes,No,Yes,Hypertension,Abnormal,11,High
P06619,42,Male,56.0,118.0,45,17,95.4,36.5,145.4,2.69,No,No,No,Multiple,Normal,3,Low
P06620,32,Female,102.0,109.0,80,18,97.8,36.2,111.4,0.5,Yes,No,No,None,Normal,2,Low
P06621,23,Female,75.0,127.0,81,13,99.9,38.7,89.7,0.5,No,No,No,Diabetes,Abnormal,4,Medium
P06622,59,Male,89.0,117.0,62,18,94.0,36.7,171.3,2.04,No,No,No,None,Normal,0,Low
P06623,46,Female,55.0,153.0,51,25,89.4,37.6,97.3,1.77,No,No,No,Cardiac,Normal,6,Medium
P06624,21,Female,70.0,103.0,85,25,97.3,36.8,68.9,0.5,No,No,Yes,Hypertension,Normal,5,Medium
P06625,74,Female,100.0,82.0,59,10,96.1,36.8,112.4,0.84,Yes,No,No,Hypertension,Abnormal,8,High
P06626,66,Female,137.0,91.0,109,9,96.4,36.6,118.1,2.04,No,Yes,No,Hypertension,Normal,7,Medium
P06627,61,Male,45.0,150.0,82,15,92.7,36.4,85.6,1.5,Yes,No,No,Respiratory,Normal,5,Medium
P06628,31,Male,81.0,101.0,98,9,99.6,36.5,111.3,2.3,No,No,No,None,Normal,0,Low
P06629,20,Female,93.0,135.0,78,12,93.6,37.3,50.0,1.53,Yes,No,No,Respiratory,Normal,6,Medium
P06630,79,Male,73.0,118.0,89,20,96.9,37.0,132.0,2.59,No,No,No,None,Normal,3,Low
P06631,81,Male,102.0,146.0,79,18,96.8,38.1,73.0,0.88,No,Yes,No,Hypertension,Normal,5,Medium
P06632,62,Male,68.0,119.0,93,9,97.6,36.8,99.7,2.27,Yes,No,No,Diabetes,Normal,3,Low
P06633,75,Male,88.0,194.0,47,24,93.8,36.8,87.9,,No,No,No,Diabetes,Normal,8,High
P06634,37,Male,75.0,172.0,91,16,93.2,37.0,171.1,2.05,Yes,No,No,Hypertension,Normal,4,Medium
P06635,75,Female,109.0,117.0,88,15,98.6,37.5,,2.31,Yes,No,No,None,Normal,4,Medium
P06636,74,Male,71.0,114.0,76,23,97.7,37.1,81.3,0.95,Yes,No,No,Diabetes,Normal,4,Medium
P06637,85,Female,78.0,203.0,72,20,97.0,38.1,198.6,2.1,No,Yes,Yes,None,Abnormal,10,High
P06638,69,Male,104.0,98.0,74,18,99.4,39.1,186.8,2.25,No,No,No,Multiple,Normal,7,Medium
P06639,54,Female,64.0,124.0,82,16,97.0,37.7,148.5,2.2,No,Yes,No,None,Normal,1,Low
P06640,25,Female,86.0,,96,21,94.9,37.3,137.5,1.2,Yes,Yes,No,Respiratory,Normal,3,Low
P06641,61,Female,49.0,125.0,70,16,97.6,35.4,80.4,1.51,Yes,No,No,Diabetes,Normal,4,Medium
P06642,22,Male,63.0,82.0,52,17,,38.1,158.5,3.17,No,No,No,Cardiac,Normal,5,Medium
P06643,86,Male,93.0,137.0,115,12,97.4,38.0,129.6,1.09,Yes,No,No,None,Normal,3,Low
P06644,48,Female,65.0,101.0,88,24,93.4,38.2,89.5,1.91,No,No,No,Multiple,Normal,5,Medium
P06645,62,Female,74.0,161.0,72,26,93.1,37.6,120.6,1.63,Yes,No,No,None,Normal,5,Medium
P06646,26,Male,95.0,89.0,96,19,98.6,36.2,96.4,2.07,No,No,No,Diabetes,Normal,4,Medium
P06647,49,Male,73.0,,92,16,95.6,36.2,54.1,2.92,No,No,No,Multiple,Normal,5,Medium
P06648,50,Female,101.0,70.0,85,23,90.2,36.1,169.6,1.33,No,No,No,None,Normal,7,Medium
P06649,84,Male,89.0,71.0,71,21,91.9,37.1,50.0,2.09,No,No,No,Hypertension,Normal,10,High
P06650,47,Male,94.0,104.0,88,16,92.0,36.4,201.3,2.37,No,No,Yes,None,Normal,5,Medium
P06651,46,Male,110.0,108.0,94,24,99.2,37.7,106.4,1.53,No,No,No,Multiple,Abnormal,6,Medium
P06652,20,Male,91.0,162.0,52,16,95.9,36.5,133.1,1.12,No,No,Yes,None,Abnormal,5,Medium
P06653,74,Male,116.0,124.0,81,12,96.1,36.7,136.4,,No,No,No,Diabetes,Normal,3,Low
P06654,47,Male,103.0,157.0,82,18,94.9,37.2,75.4,1.82,No,Yes,No,Diabetes,Normal,3,Low
P06655,26,Female,75.0,116.0,82,23,92.8,36.6,106.6,0.5,No,Yes,No,None,Abnormal,6,Medium
P06656,43,Female,111.0,140.0,79,19,98.3,36.3,110.9,1.17,No,No,No,Cardiac,Abnormal,4,Medium
P06657,19,Female,90.0,107.0,96,12,98.0,35.5,90.9,2.38,No,Yes,No,Hypertension,Normal,3,Low
P06658,79,Female,77.0,105.0,75,16,93.9,37.7,156.5,1.44,No,No,No,None,Normal,4,Medium
P06659,20,Female,91.0,79.0,78,24,100.0,36.3,66.6,2.17,No,No,No,Multiple,Normal,6,Medium
P06660,63,Female,107.0,133.0,83,19,98.2,36.7,122.9,0.96,No,No,No,Diabetes,Normal,3,Low
P06661,85,Male,,132.0,75,18,93.4,36.7,50.0,1.9,No,No,No,Diabetes,Normal,7,Medium
P06662,42,Male,121.0,144.0,57,17,95.1,35.4,124.6,1.9,No,Yes,No,Diabetes,Normal,5,Medium
P06663,68,Female,107.0,130.0,81,23,94.9,37.2,121.8,2.04,No,No,No,None,Abnormal,5,Medium
P06664,30,Female,95.0,176.0,81,23,96.9,38.1,191.3,1.5,No,Yes,No,None,Abnormal,4,Medium
P06665,61,Female,64.0,129.0,73,11,91.7,37.8,90.4,1.93,Yes,No,No,Respiratory,Normal,5,Medium
P06666,52,Male,81.0,150.0,76,23,93.9,36.7,108.2,3.32,No,Yes,No,Respiratory,Normal,6,Medium
P06667,72,Male,86.0,117.0,40,21,98.4,37.8,105.4,2.14,No,No,No,Cardiac,Normal,2,Low
P06668,26,Male,99.0,102.0,96,26,91.2,35.6,182.3,2.98,No,No,No,Respiratory,Normal,6,Medium
P06669,19,Male,98.0,143.0,92,18,95.4,37.7,92.0,1.66,No,No,No,None,Abnormal,2,Low
P06670,78,Female,88.0,123.0,58,24,92.3,36.4,124.0,0.5,No,Yes,No,Multiple,Normal,8,High
P06671,58,Female,87.0,146.0,68,20,98.7,37.8,103.3,2.4,No,Yes,No,None,Normal,1,Low
P06672,61,Female,99.0,134.0,100,12,97.0,37.0,108.9,3.37,No,No,No,Hypertension,Normal,3,Low
P06673,81,Female,68.0,105.0,61,23,91.6,36.0,115.4,1.91,No,No,No,Hypertension,Normal,6,Medium
P06674,48,Male,119.0,152.0,85,22,92.9,37.2,158.9,1.34,Yes,No,No,Diabetes,Abnormal,7,Medium
P06675,64,Male,45.0,103.0,71,15,96.0,37.0,173.2,1.87,No,No,Yes,Cardiac,Abnormal,7,Medium
P06676,19,Female,114.0,141.0,84,19,89.1,37.2,59.5,2.73,No,No,No,None,Abnormal,10,High
P06677,86,Male,84.0,157.0,79,29,92.7,36.4,146.2,1.91,No,No,No,None,Normal,5,Medium
P06678,75,Male,105.0,115.0,74,16,93.5,36.1,165.2,1.26,Yes,No,No,None,Normal,6,Medium
P06679,61,Male,92.0,154.0,84,22,99.9,37.5,128.6,1.01,No,No,No,Multiple,Abnormal,5,Medium
P06680,73,Male,92.0,135.0,71,13,94.3,36.9,162.4,2.37,No,No,No,Hypertension,Abnormal,4,Medium
P06681,60,Female,96.0,146.0,51,15,98.0,37.5,65.0,4.31,No,No,No,Hypertension,Abnormal,7,Medium
P06682,51,Male,101.0,104.0,64,22,94.6,37.4,135.3,0.86,No,Yes,No,None,Normal,2,Low
P06683,47,Female,78.0,130.0,62,19,98.2,37.6,164.9,2.3,Yes,No,No,None,Normal,1,Low
P06684,88,Male,106.0,90.0,54,17,91.3,38.3,89.8,2.35,Yes,No,No,Hypertension,Abnormal,11,High
P06685,87,Male,63.0,168.0,84,27,93.8,37.2,63.5,0.9,No,No,No,Cardiac,Normal,6,Medium
P06686,72,Female,85.0,75.0,75,13,95.7,36.2,,2.44,No,No,Yes,Hypertension,Abnormal,10,High
P06687,84,Female,,116.0,83,17,96.5,36.4,98.1,3.43,Yes,No,No,Multiple,Normal,7,Medium
P06688,30,Male,105.0,102.0,86,20,97.0,36.8,91.9,2.56,Yes,No,No,None,Normal,3,Low
P06689,20,Male,94.0,142.0,89,14,96.6,37.2,50.0,1.51,Yes,No,No,Respiratory,Normal,4,Medium
P06690,43,Female,77.0,173.0,84,21,97.5,38.1,94.5,0.71,Yes,No,No,Cardiac,Abnormal,4,Medium
P06691,74,Male,103.0,141.0,63,23,96.0,36.9,87.1,2.16,No,No,Yes,None,Normal,6,Medium
P06692,41,Male,72.0,199.0,87,17,96.5,38.3,50.0,1.68,Yes,No,No,Diabetes,Normal,6,Medium
P06693,70,Female,120.0,91.0,81,15,93.0,38.4,91.6,2.33,No,No,No,Multiple,Abnormal,10,High
P06694,87,Male,83.0,92.0,111,16,91.1,37.3,162.4,1.56,No,No,No,None,Normal,6,Medium
P06695,60,Male,54.0,103.0,78,8,,37.5,128.7,1.07,No,No,No,None,Normal,3,Low
P06696,77,Male,61.0,128.0,84,23,90.9,36.6,50.0,1.86,No,No,No,Hypertension,Abnormal,10,High
P06697,75,Male,86.0,99.0,77,19,96.7,38.3,130.6,2.73,Yes,No,No,Cardiac,Normal,7,Medium
P06698,66,Male,88.0,106.0,79,17,98.8,36.5,144.1,2.45,No,Yes,No,None,Normal,2,Low
P06699,59,Female,124.0,141.0,78,10,93.2,38.0,119.2,1.57,No,No,No,None,Normal,4,Medium
P06700,83,Male,64.0,94.0,71,24,99.0,36.2,113.6,0.86,No,Yes,Yes,Diabetes,Abnormal,12,High
P06701,28,Female,86.0,97.0,81,16,97.4,37.5,83.3,1.57,Yes,No,No,Cardiac,Normal,4,Medium
P06702,35,Female,64.0,115.0,87,21,94.3,37.9,131.7,1.55,No,Yes,No,None,Normal,1,Low
P06703,69,Male,75.0,117.0,72,18,95.0,37.7,138.4,1.76,No,No,No,Hypertension,Abnormal,4,Medium
P06704,63,Female,119.0,150.0,91,10,99.3,36.6,126.2,3.38,Yes,No,No,Diabetes,Abnormal,7,Medium
P06705,61,Male,62.0,102.0,89,24,89.0,36.8,184.8,1.55,No,No,No,Hypertension,Normal,7,Medium
P06706,39,Female,97.0,107.0,65,23,99.3,38.2,106.8,1.91,No,Yes,No,Hypertension,Normal,3,Low
P06707,70,Female,93.0,140.0,64,22,,36.6,62.9,2.42,No,No,No,Cardiac,Abnormal,4,Medium
P06708,76,Female,85.0,145.0,85,20,94.2,36.6,182.0,2.21,No,No,Yes,None,Normal,5,Medium
P06709,47,Male,95.0,161.0,69,12,95.7,38.2,50.0,2.97,No,No,No,Diabetes,Normal,4,Medium
P06710,25,Female,62.0,137.0,62,22,100.0,36.9,99.1,1.37,No,No,Yes,None,Normal,3,Low
P06711,74,Female,118.0,128.0,104,29,92.1,37.0,78.2,1.27,No,No,No,Diabetes,Normal,6,Medium
P06712,90,Female,123.0,139.0,64,19,95.5,38.5,110.9,1.51,Yes,No,No,Diabetes,Abnormal,8,High
P06713,37,Male,86.0,118.0,55,19,97.9,36.5,109.6,1.06,No,No,No,None,Normal,0,Low
P06714,42,Male,133.0,118.0,66,12,96.6,36.4,76.7,1.84,Yes,Yes,No,Respiratory,Abnormal,7,Medium
P06715,36,Female,77.0,81.0,81,8,96.2,37.1,157.7,1.93,No,Yes,No,Diabetes,Normal,5,Medium
P06716,22,Female,93.0,147.0,79,16,100.0,37.0,109.6,1.53,Yes,Yes,No,Multiple,Normal,4,Medium
P06717,89,Female,114.0,130.0,106,25,92.7,36.4,163.8,2.24,No,No,No,Hypertension,Normal,7,Medium
P06718,44,Female,76.0,144.0,66,25,92.8,37.6,68.2,2.26,Yes,No,No,Multiple,Abnormal,8,High
P06719,57,Male,57.0,70.0,82,18,88.5,37.0,71.8,1.22,Yes,Yes,No,Multiple,Normal,11,High
P06720,43,Male,53.0,124.0,95,20,92.8,37.1,70.7,2.26,No,Yes,No,None,Normal,3,Low
P06721,44,Male,126.0,104.0,68,12,94.0,37.0,135.8,0.88,Yes,Yes,No,Diabetes,Abnormal,7,Medium
P06722,79,Female,74.0,163.0,89,19,97.0,36.2,184.9,1.06,Yes,No,No,None,Normal,3,Low
P06723,67,Male,81.0,140.0,51,15,98.9,36.3,102.8,2.94,No,No,No,None,Abnormal,4,Medium
P06724,59,Female,63.0,131.0,104,18,93.1,35.7,50.0,1.62,No,Yes,No,None,Normal,6,Medium
P06725,46,Female,104.0,114.0,93,17,95.6,37.9,134.0,1.64,Yes,Yes,No,None,Abnormal,5,Medium
P06726,56,Female,69.0,135.0,68,17,100.0,37.0,141.6,3.13,No,No,No,Diabetes,Normal,2,Low
P06727,77,Male,75.0,102.0,90,23,95.4,37.8,73.6,1.94,No,No,No,Cardiac,Normal,4,Medium
P06728,58,Female,91.0,123.0,98,28,97.6,36.6,137.6,1.59,Yes,No,No,Multiple,Normal,4,Medium
P06729,50,Male,64.0,111.0,59,17,99.4,37.9,147.4,1.08,No,No,Yes,Hypertension,Abnormal,6,Medium
P06730,33,Female,81.0,182.0,69,25,93.2,35.7,50.0,2.17,No,No,No,None,Normal,8,High
P06731,40,Male,113.0,162.0,98,12,92.6,37.8,159.6,2.96,No,No,No,Diabetes,Normal,5,Medium
P06732,24,Female,94.0,152.0,79,18,100.0,36.9,162.2,1.75,No,No,Yes,Cardiac,Normal,4,Medium
P06733,43,Male,88.0,88.0,85,12,97.7,35.9,102.7,2.83,No,No,No,Diabetes,Normal,6,Medium
P06734,29,Female,89.0,147.0,79,16,92.0,34.7,140.8,1.68,No,No,No,None,Normal,4,Medium
P06735,89,Male,77.0,130.0,91,22,92.8,37.4,194.1,1.2,No,No,No,Cardiac,Normal,5,Medium
P06736,22,Female,125.0,156.0,86,24,95.4,37.8,88.7,1.41,No,No,No,Respiratory,Normal,4,Medium
P06737,86,Female,69.0,133.0,80,14,100.0,37.0,161.4,1.2,Yes,Yes,No,Cardiac,Abnormal,7,Medium
P06738,66,Female,89.0,125.0,46,20,98.9,37.5,124.8,2.9,No,No,No,Hypertension,Abnormal,5,Medium
P06739,43,Male,87.0,131.0,88,24,99.2,37.4,69.4,2.7,Yes,Yes,No,Hypertension,Abnormal,7,Medium
P06740,22,Female,105.0,80.0,89,23,94.7,37.0,50.0,2.11,Yes,No,No,Hypertension,Abnormal,11,High
P06741,39,Female,107.0,106.0,59,19,,37.8,143.9,0.5,Yes,No,No,Multiple,Abnormal,6,Medium
P06742,30,Female,84.0,134.0,60,15,93.6,35.8,62.7,2.98,No,No,No,None,Abnormal,6,Medium
P06743,45,Male,91.0,153.0,86,15,94.8,37.1,153.7,1.49,No,No,No,Hypertension,Abnormal,3,Low
P06744,50,Female,92.0,111.0,81,14,92.6,37.5,50.0,1.3,No,Yes,No,Diabetes,Normal,6,Medium
P06745,40,Female,45.0,124.0,48,18,93.4,36.6,121.0,1.53,No,Yes,No,None,Abnormal,5,Medium
P06746,35,Male,53.0,85.0,66,14,93.8,37.2,102.2,1.83,Yes,No,No,Multiple,Normal,8,High
P06747,47,Female,73.0,161.0,83,21,95.6,36.1,182.1,2.14,No,Yes,No,Respiratory,Normal,2,Low
P06748,43,Male,74.0,153.0,88,19,97.3,37.1,124.0,2.67,Yes,No,No,None,Normal,2,Low
P06749,33,Female,61.0,141.0,69,19,100.0,36.4,139.5,2.22,No,No,No,Respiratory,Normal,1,Low
P06750,56,Male,100.0,135.0,76,9,94.9,36.6,97.8,1.82,No,No,No,None,Normal,0,Low
P06751,50,Male,85.0,164.0,65,18,97.8,37.5,107.9,1.5,No,No,Yes,None,Normal,3,Low
P06752,43,Male,81.0,105.0,98,16,95.5,35.6,157.1,1.1,No,Yes,No,Multiple,Abnormal,6,Medium
P06753,65,Female,60.0,102.0,81,29,98.9,36.1,115.7,2.1,No,No,No,Multiple,Normal,4,Medium
P06754,82,Female,84.0,152.0,68,12,92.2,37.6,78.2,2.22,Yes,No,No,Respiratory,Abnormal,8,High
P06755,55,Male,45.0,150.0,61,17,94.4,36.9,160.6,1.19,No,Yes,No,Multiple,Normal,3,Low
P06756,19,Female,82.0,95.0,59,20,98.0,36.4,182.4,0.96,No,Yes,No,None,Normal,3,Low
P06757,23,Female,86.0,112.0,105,13,97.7,37.4,175.1,2.43,No,No,No,Hypertension,Normal,1,Low
P06758,63,Male,90.0,167.0,75,28,97.8,36.1,166.6,1.46,Yes,No,No,Diabetes,Normal,4,Medium
P06759,67,Male,54.0,135.0,72,28,100.0,36.1,103.7,0.87,No,No,No,Hypertension,Normal,3,Low
P06760,55,Male,89.0,145.0,75,14,90.8,36.8,75.7,1.04,No,Yes,No,Hypertension,Abnormal,6,Medium
P06761,35,Male,64.0,96.0,69,15,92.2,36.9,67.5,2.21,Yes,No,No,Hypertension,Abnormal,8,High
P06762,44,Female,69.0,141.0,76,29,97.7,36.4,62.7,3.06,No,Yes,No,None,Normal,3,Low
P06763,58,Female,99.0,90.0,79,25,98.4,36.8,111.3,2.61,No,Yes,No,None,Normal,5,Medium
P06764,89,Female,125.0,76.0,78,16,98.0,38.1,185.9,0.5,Yes,No,No,None,Abnormal,10,High
P06765,34,Female,86.0,143.0,59,20,100.0,37.0,50.0,1.72,No,No,No,Cardiac,Normal,3,Low
P06766,79,Female,69.0,161.0,91,11,93.3,36.1,115.7,2.45,No,No,No,Diabetes,Normal,5,Medium
P06767,46,Female,89.0,119.0,70,29,97.1,37.0,102.2,0.62,No,No,Yes,Hypertension,Abnormal,7,Medium
P06768,75,Male,104.0,111.0,68,18,95.8,35.3,68.0,3.1,Yes,No,No,Multiple,Abnormal,10,High
P06769,87,Female,97.0,168.0,67,21,97.9,38.3,104.9,0.5,No,No,No,Cardiac,Abnormal,5,Medium
P06770,39,Female,140.0,120.0,62,13,97.1,36.1,166.6,2.28,Yes,No,No,Multiple,Normal,5,Medium
P06771,23,Female,71.0,123.0,82,12,94.4,37.2,124.1,1.52,No,No,No,Diabetes,Normal,1,Low
P06772,43,Male,90.0,167.0,91,20,97.2,37.1,140.1,1.97,No,No,No,Hypertension,Normal,1,Low
P06773,56,Male,116.0,116.0,67,28,96.3,36.4,157.8,1.87,No,No,No,None,Abnormal,4,Medium
P06774,29,Female,115.0,109.0,50,15,96.4,38.0,130.5,1.1,No,Yes,No,Diabetes,Abnormal,5,Medium
P06775,31,Male,46.0,145.0,63,13,99.4,38.6,100.3,2.23,No,No,No,None,Normal,1,Low
P06776,39,Male,85.0,107.0,71,20,100.0,36.4,119.0,1.62,No,No,No,Hypertension,Abnormal,3,Low
P06777,68,Female,115.0,121.0,60,26,90.3,37.6,72.1,2.27,No,No,Yes,Hypertension,Normal,9,High
P06778,40,Female,143.0,92.0,69,15,99.9,36.2,117.3,1.28,No,Yes,No,None,Normal,5,Medium
P06779,65,Female,99.0,130.0,70,17,97.9,38.1,119.9,1.6,No,No,Yes,Respiratory,Normal,5,Medium
P06780,88,Male,78.0,127.0,78,22,93.8,38.0,167.7,2.25,Yes,No,No,None,Normal,5,Medium
P06781,67,Male,65.0,149.0,56,23,94.9,37.8,102.0,1.22,No,No,No,Diabetes,Normal,3,Low
P06782,30,Female,129.0,146.0,87,17,98.6,35.7,102.0,2.74,Yes,No,No,None,Abnormal,7,Medium
P06783,27,Male,100.0,139.0,103,23,96.2,36.6,54.4,2.04,No,Yes,No,None,Abnormal,6,Medium
P06784,72,Male,68.0,135.0,99,21,95.9,36.6,140.9,3.39,No,No,No,Diabetes,Normal,3,Low
P06785,26,Male,81.0,123.0,69,18,93.9,36.5,56.2,1.67,No,Yes,No,Hypertension,Normal,6,Medium
P06786,69,Female,91.0,140.0,88,23,93.7,38.1,95.1,,Yes,Yes,No,None,Normal,6,Medium
P06787,19,Female,96.0,97.0,86,22,93.1,35.6,86.6,1.62,No,No,No,None,Normal,5,Medium
P06788,42,Female,67.0,70.0,77,13,94.5,37.3,150.6,1.8,No,Yes,No,None,Normal,4,Medium
P06789,30,Female,73.0,154.0,81,25,95.6,37.6,134.5,,Yes,No,No,None,Abnormal,4,Medium
P06790,68,Female,52.0,142.0,88,20,97.1,36.4,143.3,3.09,No,No,No,Cardiac,Normal,3,Low
P06791,75,Male,106.0,122.0,91,25,93.5,37.4,152.8,2.94,No,No,No,Multiple,Normal,9,High
P06792,51,Male,78.0,152.0,66,18,98.3,37.4,89.4,2.42,No,No,No,Cardiac,Normal,1,Low
P06793,52,Male,94.0,107.0,89,19,,36.8,80.3,0.95,No,Yes,No,Hypertension,Normal,4,Medium
P06794,20,Male,113.0,107.0,103,20,98.3,37.9,50.0,1.51,Yes,No,No,Multiple,Normal,6,Medium
P06795,76,Male,89.0,104.0,91,21,93.4,36.6,120.1,2.27,No,No,No,Diabetes,Normal,5,Medium
P06796,87,Male,83.0,139.0,101,26,100.0,37.9,83.7,1.16,No,Yes,No,None,Normal,4,Medium
P06797,65,Female,89.0,85.0,40,20,97.9,37.1,133.0,1.79,No,No,No,None,Normal,4,Medium
P06798,81,Female,86.0,106.0,87,18,98.5,36.8,161.4,1.93,No,No,No,Multiple,Normal,4,Medium
P06799,36,Male,110.0,132.0,82,23,95.5,36.8,152.2,3.26,Yes,No,No,Multiple,Abnormal,8,High
P06800,84,Female,91.0,95.0,93,20,97.8,35.9,119.8,1.67,No,No,No,None,Normal,5,Medium
P06801,90,Male,74.0,108.0,61,33,92.2,36.7,118.1,0.54,No,No,No,Multiple,Abnormal,11,High
P06802,22,Male,106.0,70.0,70,19,93.1,36.1,114.6,2.42,No,Yes,Yes,None,Abnormal,12,High
P06803,84,Female,110.0,140.0,92,24,95.1,37.2,200.0,2.64,Yes,No,No,Diabetes,Normal,7,Medium
P06804,28,Female,58.0,108.0,62,22,100.0,37.7,91.7,3.62,No,No,No,Cardiac,Normal,2,Low
P06805,85,Male,116.0,98.0,82,8,99.0,37.4,118.2,1.45,Yes,No,No,Diabetes,Normal,7,Medium
P06806,86,Female,92.0,93.0,78,14,89.3,36.4,107.8,0.7,No,No,No,Cardiac,Normal,9,High
P06807,18,Male,91.0,115.0,75,16,93.0,36.8,83.7,2.08,No,Yes,No,Hypertension,Normal,4,Medium
P06808,80,Male,105.0,85.0,87,11,95.7,37.2,99.8,2.22,No,No,No,Multiple,Normal,8,High
P06809,46,Male,74.0,174.0,61,16,99.8,37.3,116.1,2.26,No,No,Yes,Diabetes,Normal,4,Medium
P06810,29,Male,104.0,70.0,66,11,96.7,38.3,67.6,1.48,No,No,No,Hypertension,Normal,5,Medium
P06811,58,Male,77.0,114.0,76,12,88.4,37.5,180.9,2.14,No,No,No,Cardiac,Abnormal,7,Medium
P06812,19,Female,56.0,128.0,60,19,92.5,37.1,144.0,1.89,Yes,No,No,Multiple,Normal,5,Medium
P06813,54,Male,65.0,106.0,96,28,98.2,37.1,158.7,1.35,No,No,No,Diabetes,Normal,2,Low
P06814,62,Female,96.0,130.0,66,11,96.6,36.7,108.5,0.92,No,No,No,Multiple,Normal,3,Low
P06815,65,Male,66.0,105.0,90,12,96.4,37.0,102.5,1.54,No,No,Yes,Cardiac,Normal,5,Medium
P06816,41,Female,117.0,163.0,65,15,99.3,37.6,106.4,1.75,No,No,No,Multiple,Abnormal,5,Medium
P06817,39,Male,109.0,97.0,89,17,95.0,36.4,87.1,2.35,Yes,No,No,None,Normal,4,Medium
P06818,28,Female,112.0,70.0,54,10,98.1,37.3,167.0,1.77,No,No,No,Cardiac,Normal,5,Medium
P06819,75,Male,87.0,93.0,99,15,100.0,36.9,170.9,1.39,No,No,No,Diabetes,Normal,5,Medium
P06820,63,Male,90.0,135.0,95,14,96.7,38.4,137.0,2.23,Yes,Yes,No,Diabetes,Normal,4,Medium
P06821,46,Female,61.0,122.0,70,20,93.3,37.2,182.9,1.74,No,No,No,None,Normal,2,Low
P06822,52,Female,105.0,144.0,66,20,94.7,37.3,210.9,1.24,Yes,No,No,None,Normal,2,Low
P06823,32,Female,93.0,138.0,85,17,93.3,36.3,,2.07,No,No,No,Respiratory,Abnormal,5,Medium
P06824,77,Female,96.0,109.0,55,16,89.3,38.2,96.2,2.33,No,Yes,No,Hypertension,Normal,8,High
P06825,59,Female,119.0,113.0,79,14,93.6,37.4,,1.73,Yes,Yes,No,None,Normal,7,Medium
P06826,60,Female,73.0,115.0,66,18,97.9,38.1,144.7,3.12,No,No,No,Respiratory,Normal,3,Low
P06827,66,Male,82.0,172.0,74,13,96.0,36.9,132.1,2.79,No,No,No,Multiple,Normal,4,Medium
P06828,81,Male,92.0,142.0,68,26,100.0,37.0,119.4,2.22,Yes,No,No,Diabetes,Normal,5,Medium
P06829,49,Male,66.0,172.0,66,11,96.4,35.9,105.7,1.51,No,No,No,Multiple,Abnormal,5,Medium
P06830,81,Female,81.0,146.0,104,15,98.7,38.5,169.0,0.5,Yes,No,No,None,Normal,3,Low
P06831,19,Female,95.0,123.0,90,22,90.7,37.3,53.1,0.83,No,No,No,None,Abnormal,6,Medium
P06832,41,Female,78.0,100.0,56,16,94.7,38.5,176.3,2.51,No,No,No,None,Normal,1,Low
P06833,83,Male,111.0,130.0,65,21,95.2,36.7,184.3,1.06,No,No,Yes,Hypertension,Normal,7,Medium
P06834,55,Female,55.0,123.0,91,27,93.5,37.4,121.0,2.13,No,No,No,Cardiac,Normal,4,Medium
P06835,48,Male,107.0,123.0,93,22,100.0,37.8,126.4,1.08,No,No,No,Hypertension,Normal,2,Low
P06836,43,Female,98.0,120.0,57,12,90.2,37.3,67.6,1.66,No,Yes,No,Respiratory,Abnormal,6,Medium
P06837,46,Female,74.0,74.0,88,12,95.7,36.7,155.2,1.42,Yes,No,No,Cardiac,Normal,5,Medium
P06838,84,Female,67.0,157.0,82,17,99.4,36.6,165.9,2.47,No,No,No,Cardiac,Normal,3,Low
P06839,42,Male,45.0,124.0,49,20,98.3,36.7,145.6,2.53,No,No,No,Hypertension,Normal,2,Low
P06840,65,Female,69.0,90.0,72,24,94.9,39.1,65.4,0.51,No,Yes,No,None,Normal,6,Medium
P06841,82,Male,106.0,137.0,76,14,93.3,36.5,50.6,2.88,No,Yes,No,None,Abnormal,11,High
P06842,70,Female,84.0,104.0,79,16,99.3,35.4,105.4,1.59,No,Yes,No,Multiple,Normal,5,Medium
P06843,84,Female,108.0,139.0,58,17,94.4,37.0,118.2,2.67,Yes,No,No,None,Normal,5,Medium
P06844,35,Female,73.0,147.0,67,17,93.5,37.0,155.6,2.85,Yes,No,Yes,None,Normal,7,Medium
P06845,26,Female,99.0,150.0,69,25,99.0,36.7,105.4,1.35,Yes,No,Yes,Multiple,Normal,7,Medium
P06846,55,Male,71.0,121.0,70,17,96.9,36.5,157.5,3.1,No,No,No,Multiple,Abnormal,5,Medium
P06847,38,Female,66.0,115.0,70,19,94.9,36.8,160.2,0.5,No,Yes,No,Diabetes,Normal,2,Low
P06848,82,Male,83.0,109.0,76,23,97.0,35.9,133.9,0.97,No,No,No,Multiple,Normal,6,Medium
P06849,38,Female,72.0,107.0,83,26,97.3,38.4,149.8,1.47,No,No,No,None,Normal,1,Low
P06850,44,Female,54.0,125.0,105,18,95.8,37.2,98.4,0.97,No,Yes,Yes,Diabetes,Abnormal,7,Medium
P06851,87,Female,81.0,120.0,91,24,96.5,37.1,69.3,0.64,No,No,No,None,Normal,3,Low
P06852,61,Male,87.0,104.0,98,27,89.5,37.8,92.2,2.62,Yes,No,No,Diabetes,Normal,9,High
P06853,45,Female,110.0,96.0,71,17,95.7,39.2,81.7,1.44,No,No,No,Multiple,Normal,6,Medium
P06854,62,Male,104.0,122.0,63,15,94.1,36.7,163.4,1.86,No,No,Yes,None,Normal,5,Medium
P06855,34,Male,109.0,114.0,90,29,93.6,37.2,149.5,2.34,No,No,No,Diabetes,Abnormal,7,Medium
P06856,57,Female,99.0,96.0,78,24,93.9,37.6,50.0,2.67,Yes,No,No,Multiple,Normal,11,High
P06857,20,Male,92.0,146.0,89,18,94.5,37.6,122.2,3.04,Yes,No,No,None,Abnormal,4,Medium
P06858,83,Female,60.0,169.0,65,21,95.1,37.7,50.0,1.1,No,No,No,Cardiac,Normal,5,Medium
P06859,63,Male,88.0,149.0,88,13,96.5,37.7,71.6,3.04,No,No,No,Hypertension,Normal,3,Low
P06860,47,Male,97.0,107.0,75,24,93.8,36.7,148.3,1.93,Yes,No,No,Respiratory,Normal,5,Medium
P06861,86,Male,114.0,124.0,71,9,97.6,38.0,50.0,1.93,No,Yes,No,Diabetes,Normal,7,Medium
P06862,26,Male,99.0,164.0,72,23,98.2,36.9,60.4,1.58,Yes,Yes,No,Hypertension,Abnormal,6,Medium
P06863,28,Female,110.0,96.0,85,14,98.2,37.2,74.0,2.05,No,No,No,Diabetes,Normal,4,Medium
P06864,86,Male,64.0,145.0,90,10,98.8,37.5,51.6,3.03,No,Yes,No,Cardiac,Normal,7,Medium
P06865,83,Female,78.0,89.0,73,8,94.3,36.4,58.2,,No,No,No,Hypertension,Normal,8,High
P06866,48,Male,94.0,167.0,83,16,95.2,37.3,112.8,2.68,Yes,No,No,Respiratory,Normal,3,Low
P06867,50,Female,108.0,114.0,83,22,96.7,37.5,50.0,1.1,No,Yes,No,Diabetes,Abnormal,7,Medium
P06868,56,Female,82.0,181.0,89,11,94.7,35.5,105.0,1.45,Yes,No,No,None,Normal,4,Medium
P06869,63,Male,83.0,168.0,93,12,92.5,38.1,115.4,,Yes,No,No,Diabetes,Normal,5,Medium
P06870,54,Male,99.0,122.0,105,16,94.5,36.3,145.1,2.2,No,No,No,Multiple,Normal,2,Low
P06871,77,Female,62.0,107.0,71,22,100.0,37.2,152.2,2.08,Yes,Yes,No,Hypertension,Normal,5,Medium
P06872,48,Male,117.0,130.0,100,23,93.8,38.2,60.0,3.24,No,No,No,Respiratory,Normal,6,Medium
P06873,28,Male,67.0,120.0,80,19,93.6,37.5,62.0,1.27,No,No,No,Hypertension,Normal,3,Low
P06874,19,Male,47.0,115.0,62,23,94.4,37.8,59.8,2.17,No,Yes,No,Respiratory,Normal,5,Medium
P06875,44,Male,85.0,84.0,68,21,97.7,37.9,146.6,2.21,Yes,No,No,Hypertension,Normal,5,Medium
P06876,19,Male,119.0,112.0,85,16,97.0,36.6,128.8,1.48,No,No,No,None,Abnormal,3,Low
P06877,38,Male,97.0,97.0,89,23,98.1,36.2,100.9,1.75,No,No,No,Hypertension,Abnormal,6,Medium
P06878,75,Male,100.0,139.0,63,12,100.0,37.3,67.3,1.27,No,No,No,Multiple,Normal,4,Medium
P06879,22,Male,86.0,150.0,67,20,98.5,37.6,121.2,2.04,No,No,No,None,Normal,0,Low
P06880,69,Male,82.0,144.0,70,12,98.7,37.9,169.8,0.75,No,No,No,Multiple,Abnormal,5,Medium
P06881,62,Female,54.0,134.0,65,19,100.0,37.6,167.1,3.15,Yes,No,No,Diabetes,Normal,4,Medium
P06882,37,Male,45.0,104.0,50,24,97.5,36.6,56.1,1.6,No,No,No,None,Normal,3,Low
P06883,78,Male,89.0,130.0,45,19,94.8,37.7,157.8,1.23,No,No,No,Hypertension,Normal,3,Low
P06884,55,Male,111.0,145.0,72,18,95.1,35.3,55.5,0.5,No,Yes,Yes,Multiple,Abnormal,12,High
P06885,37,Male,92.0,110.0,82,19,99.2,38.0,98.9,1.52,No,No,Yes,Hypertension,Normal,4,Medium
P06886,42,Male,97.0,128.0,88,21,92.2,36.3,94.2,1.61,No,No,No,Diabetes,Abnormal,5,Medium
P06887,19,Female,117.0,121.0,58,29,90.2,36.3,125.7,2.04,No,No,No,None,Normal,4,Medium
P06888,49,Female,92.0,167.0,58,21,93.5,39.0,74.9,1.63,No,No,No,Multiple,Normal,5,Medium
P06889,43,Male,83.0,146.0,70,15,98.5,37.0,119.1,4.12,Yes,No,Yes,None,Normal,7,Medium
P06890,87,Female,69.0,140.0,78,17,97.8,36.8,71.8,0.78,No,Yes,No,Multiple,Normal,5,Medium
P06891,58,Male,125.0,82.0,93,13,95.5,36.1,121.9,2.29,Yes,No,No,None,Normal,6,Medium
P06892,84,Male,96.0,129.0,89,12,99.2,37.4,62.3,,No,No,No,Diabetes,Abnormal,5,Medium
P06893,18,Female,66.0,121.0,72,8,97.8,37.6,99.1,0.72,No,No,No,None,Normal,0,Low
P06894,68,Female,62.0,121.0,83,16,97.0,36.7,115.1,1.54,Yes,Yes,No,Hypertension,Normal,4,Medium
P06895,22,Female,110.0,86.0,65,11,95.9,35.3,105.0,,Yes,No,No,None,Abnormal,9,High
P06896,30,Female,64.0,98.0,79,18,98.7,38.3,148.8,1.38,No,No,No,Cardiac,Normal,3,Low
P06897,36,Female,122.0,123.0,77,15,98.3,36.8,50.0,3.42,No,Yes,Yes,Hypertension,Normal,10,High
P06898,29,Male,45.0,153.0,99,13,95.2,36.8,,1.71,No,No,Yes,None,Normal,3,Low
P06899,65,Male,113.0,110.0,85,8,98.4,37.0,81.8,1.83,Yes,No,No,Hypertension,Normal,4,Medium
P06900,42,Male,95.0,115.0,66,16,94.0,36.4,138.6,,No,Yes,Yes,Cardiac,Abnormal,7,Medium
P06901,74,Female,87.0,170.0,67,9,96.7,38.0,116.2,1.01,No,No,No,Diabetes,Abnormal,4,Medium
P06902,52,Male,81.0,118.0,73,22,97.2,37.6,158.5,0.83,No,No,No,None,Abnormal,2,Low
P06903,22,Female,123.0,122.0,55,19,95.0,37.4,105.7,1.31,No,No,No,Respiratory,Normal,3,Low
P06904,39,Male,99.0,122.0,75,17,96.4,38.8,164.4,2.4,No,Yes,No,None,Abnormal,4,Medium
P06905,74,Female,67.0,91.0,76,25,97.8,36.4,121.3,2.23,Yes,Yes,No,Hypertension,Normal,7,Medium
P06906,64,Female,51.0,139.0,85,18,92.8,38.0,63.3,1.5,No,Yes,Yes,None,Normal,7,Medium
P06907,71,Male,89.0,109.0,87,20,96.6,35.2,82.5,3.3,No,No,No,None,Abnormal,5,Medium
P06908,20,Male,85.0,124.0,79,21,100.0,37.5,91.5,1.13,No,No,No,None,Abnormal,2,Low
P06909,70,Male,55.0,136.0,54,15,93.5,38.8,119.6,2.17,No,No,No,Hypertension,Normal,5,Medium
P06910,48,Male,,174.0,60,15,99.1,36.2,151.0,0.75,No,No,No,Respiratory,Abnormal,3,Low
P06911,86,Female,74.0,92.0,69,18,95.7,38.3,139.4,2.04,Yes,No,No,None,Abnormal,7,Medium
P06912,50,Male,85.0,147.0,88,11,99.5,35.9,141.6,2.21,No,Yes,No,None,Abnormal,4,Medium
P06913,89,Female,100.0,147.0,87,27,93.8,38.7,85.1,1.64,Yes,No,No,Respiratory,Normal,8,High
P06914,67,Male,115.0,109.0,74,19,96.0,36.6,150.3,1.84,No,No,No,Hypertension,Abnormal,5,Medium
P06915,33,Male,103.0,140.0,113,17,100.0,36.4,119.2,1.42,Yes,No,No,None,Normal,2,Low
P06916,56,Male,71.0,166.0,101,28,95.5,36.6,146.8,2.54,No,Yes,No,Diabetes,Normal,4,Medium
P06917,63,Male,92.0,106.0,97,12,97.9,37.0,55.9,2.5,No,No,No,Multiple,Normal,5,Medium
P06918,64,Male,86.0,131.0,89,26,97.8,36.9,133.1,2.15,Yes,No,No,Hypertension,Normal,4,Medium
P06919,61,Female,58.0,135.0,85,22,89.9,37.0,90.6,2.36,No,No,No,Respiratory,Abnormal,8,High
P06920,26,Male,93.0,138.0,84,24,97.3,37.3,64.4,2.24,No,No,No,Hypertension,Normal,2,Low
P06921,67,Female,122.0,144.0,51,17,92.3,37.2,140.9,1.47,No,No,Yes,None,Normal,8,High
P06922,77,Male,86.0,129.0,62,18,97.9,37.0,97.8,2.08,No,No,No,None,Normal,2,Low
P06923,32,Female,53.0,138.0,75,16,96.4,36.6,136.2,2.4,No,No,No,Cardiac,Normal,1,Low
P06924,53,Male,86.0,102.0,80,23,92.7,37.3,75.9,1.64,No,Yes,No,None,Normal,4,Medium
P06925,80,Male,61.0,129.0,76,20,92.4,37.3,196.3,2.26,Yes,No,No,None,Normal,5,Medium
P06926,86,Male,102.0,113.0,82,15,95.8,37.3,110.2,0.74,No,Yes,No,None,Normal,4,Medium
P06927,58,Female,95.0,94.0,46,15,100.0,37.0,96.2,0.85,No,No,No,None,Normal,2,Low
P06928,41,Female,82.0,112.0,86,18,100.0,36.4,154.6,1.87,No,No,No,Hypertension,Abnormal,3,Low
P06929,66,Male,78.0,132.0,79,16,97.1,37.1,111.6,1.55,No,No,No,Multiple,Abnormal,5,Medium
P06930,35,Male,81.0,136.0,75,25,97.5,36.8,241.6,2.68,Yes,Yes,No,Respiratory,Normal,5,Medium
P06931,24,Male,85.0,93.0,92,22,97.8,35.3,161.6,1.65,Yes,Yes,No,None,Abnormal,7,Medium
P06932,21,Female,70.0,102.0,62,22,94.4,37.8,96.1,2.72,Yes,No,No,None,Abnormal,4,Medium
P06933,86,Male,57.0,143.0,74,19,93.9,37.2,118.0,1.78,No,Yes,No,Respiratory,Normal,6,Medium
P06934,77,Female,108.0,138.0,82,14,98.6,37.0,117.7,2.08,No,No,No,Cardiac,Abnormal,6,Medium
P06935,72,Male,77.0,147.0,65,21,94.2,37.4,72.8,1.46,No,No,No,Hypertension,Abnormal,4,Medium
P06936,33,Female,88.0,159.0,48,8,100.0,36.4,166.3,1.7,No,No,No,Hypertension,Normal,1,Low
P06937,46,Female,91.0,138.0,61,19,91.9,38.1,97.8,1.22,Yes,No,No,Cardiac,Normal,4,Medium
P06938,40,Female,91.0,115.0,77,14,93.3,38.0,105.1,0.95,No,Yes,No,Hypertension,Normal,4,Medium
P06939,31,Male,62.0,128.0,74,14,100.0,36.1,123.7,2.54,No,No,No,Hypertension,Normal,2,Low
P06940,66,Female,51.0,166.0,78,16,95.1,36.5,78.4,2.66,No,No,Yes,Diabetes,Normal,6,Medium
P06941,50,Male,73.0,,68,18,95.6,37.5,123.5,2.54,No,Yes,No,Respiratory,Normal,5,Medium
P06942,42,Female,93.0,137.0,58,18,97.9,37.2,94.9,2.69,No,No,No,None,Normal,1,Low
P06943,38,Male,70.0,,80,22,99.5,37.0,95.9,1.97,No,No,No,Multiple,Normal,2,Low
P06944,34,Female,,143.0,76,17,97.8,37.4,108.5,1.45,Yes,No,No,Hypertension,Normal,2,Low
P06945,40,Female,128.0,126.0,88,17,96.9,35.5,85.6,1.24,No,No,No,Hypertension,Abnormal,6,Medium
P06946,74,Male,48.0,154.0,67,11,98.4,36.3,52.4,0.5,No,No,No,Multiple,Normal,5,Medium
P06947,75,Male,70.0,150.0,48,12,97.2,36.5,122.0,2.23,No,No,No,Hypertension,Normal,3,Low
P06948,31,Female,123.0,134.0,40,19,99.3,37.6,50.0,1.9,Yes,Yes,No,None,Abnormal,8,High
P06949,37,Female,84.0,117.0,72,21,100.0,35.3,50.0,2.1,No,Yes,No,Respiratory,Normal,5,Medium
P06950,47,Male,71.0,87.0,80,17,97.5,37.1,116.8,2.28,No,No,No,Multiple,Normal,5,Medium
P06951,36,Female,108.0,143.0,75,23,93.4,36.7,107.7,2.91,Yes,No,No,None,Normal,6,Medium
P06952,70,Female,86.0,130.0,70,11,99.1,37.5,125.4,1.54,No,Yes,No,None,Normal,2,Low
P06953,73,Male,78.0,107.0,54,20,95.6,37.6,141.6,2.18,No,No,Yes,Hypertension,Normal,5,Medium
P06954,40,Male,89.0,97.0,50,14,97.0,38.4,50.0,1.4,No,No,No,Multiple,Normal,6,Medium
P06955,79,Male,72.0,142.0,84,13,97.1,36.1,90.4,0.5,No,No,No,None,Normal,2,Low
P06956,50,Female,65.0,85.0,75,14,94.3,36.3,97.1,1.66,No,Yes,No,None,Normal,4,Medium
P06957,35,Female,83.0,132.0,73,18,94.9,37.0,127.5,2.97,Yes,Yes,No,None,Normal,3,Low
P06958,90,Female,65.0,146.0,55,20,89.1,38.1,124.1,1.65,No,No,No,Cardiac,Normal,7,Medium
P06959,50,Male,85.0,139.0,64,20,95.7,37.3,98.8,1.09,Yes,Yes,No,Respiratory,Normal,3,Low
P06960,49,Female,92.0,115.0,79,17,97.7,37.1,116.8,2.11,No,Yes,Yes,None,Normal,4,Medium
P06961,78,Male,102.0,94.0,82,21,96.0,38.0,104.0,2.51,No,Yes,No,Multiple,Abnormal,11,High
P06962,71,Male,108.0,140.0,76,26,94.6,36.7,78.5,2.21,No,No,No,Diabetes,Normal,4,Medium
P06963,34,Female,77.0,155.0,99,17,97.1,37.9,117.2,2.88,No,No,No,None,Normal,1,Low
P06964,36,Male,95.0,111.0,69,18,93.2,38.4,50.0,1.05,No,No,No,Hypertension,Abnormal,7,Medium
P06965,87,Female,95.0,138.0,97,15,92.8,36.9,124.8,2.91,Yes,No,Yes,Hypertension,Abnormal,12,High
P06966,51,Male,92.0,165.0,81,16,97.6,35.8,171.5,0.5,Yes,No,No,None,Normal,2,Low
P06967,42,Male,75.0,133.0,80,24,97.7,37.1,101.1,0.5,Yes,No,No,Hypertension,Normal,3,Low
P06968,85,Male,64.0,115.0,92,24,97.5,38.3,197.5,0.63,Yes,No,Yes,Respiratory,Abnormal,10,High
P06969,28,Female,95.0,151.0,69,17,95.1,37.4,139.1,2.18,No,Yes,No,Cardiac,Normal,2,Low
P06970,33,Male,51.0,107.0,73,20,99.3,35.9,173.3,0.59,Yes,No,No,Diabetes,Normal,3,Low
P06971,78,Female,80.0,93.0,60,23,92.6,38.0,130.4,1.29,No,No,No,Respiratory,Normal,8,High
P06972,24,Male,45.0,145.0,92,16,95.1,37.6,137.1,1.46,Yes,No,No,Hypertension,Normal,2,Low
P06973,33,Male,58.0,115.0,83,11,98.2,37.8,120.7,2.4,No,No,No,None,Normal,0,Low
P06974,33,Male,67.0,117.0,94,21,98.6,37.9,52.3,2.82,No,Yes,No,Respiratory,Normal,5,Medium
P06975,57,Female,107.0,109.0,81,22,93.7,36.6,50.0,2.52,No,No,No,None,Normal,6,Medium
P06976,29,Female,99.0,113.0,95,22,100.0,37.8,105.3,0.66,Yes,No,No,Hypertension,Normal,2,Low
P06977,52,Female,74.0,160.0,67,16,95.6,36.5,90.9,1.94,No,No,No,Hypertension,Normal,1,Low
P06978,38,Female,100.0,167.0,93,26,96.3,36.1,92.2,1.5,No,No,Yes,Hypertension,Normal,5,Medium
P06979,67,Female,103.0,170.0,72,19,98.9,36.3,64.4,1.67,No,Yes,No,Hypertension,Normal,4,Medium
P06980,60,Male,82.0,152.0,78,12,100.0,37.6,159.3,1.75,No,Yes,No,Multiple,Abnormal,6,Medium
P06981,34,Male,57.0,137.0,89,10,96.2,36.7,73.8,1.43,No,No,No,None,Normal,0,Low
P06982,49,Female,81.0,89.0,113,17,99.5,38.2,71.2,1.22,No,No,No,None,Abnormal,5,Medium
P06983,58,Female,83.0,120.0,90,19,94.6,37.9,116.5,1.44,No,Yes,No,None,Normal,1,Low
P06984,23,Female,60.0,179.0,92,17,100.0,37.5,158.3,1.25,Yes,No,No,Diabetes,Abnormal,4,Medium
P06985,44,Female,92.0,114.0,70,28,96.1,38.1,148.9,2.61,No,No,No,Hypertension,Abnormal,5,Medium
P06986,37,Male,91.0,163.0,80,20,96.9,36.1,89.0,1.75,No,No,No,None,Normal,0,Low
P06987,42,Female,94.0,126.0,77,13,95.0,37.8,106.5,2.61,No,No,No,Multiple,Normal,3,Low
P06988,83,Female,91.0,70.0,99,8,96.6,37.5,180.6,2.67,No,No,No,None,Normal,6,Medium
P06989,26,Female,100.0,141.0,76,19,93.8,36.0,159.2,2.91,Yes,No,No,None,Abnormal,6,Medium
P06990,70,Female,81.0,157.0,98,23,95.8,36.4,150.1,0.79,No,No,No,Multiple,Normal,4,Medium
P06991,78,Male,89.0,124.0,58,27,96.1,36.9,130.4,2.01,No,No,No,None,Abnormal,5,Medium
P06992,55,Male,77.0,156.0,99,17,92.8,36.9,119.0,0.81,No,No,Yes,Hypertension,Normal,6,Medium
P06993,20,Female,73.0,83.0,65,27,94.3,37.0,195.3,3.27,Yes,No,No,None,Normal,6,Medium
P06994,87,Male,112.0,90.0,91,11,89.7,36.5,160.1,2.27,No,No,No,Hypertension,Abnormal,12,High
P06995,72,Male,45.0,130.0,65,16,92.3,38.2,119.9,1.42,No,No,No,None,Normal,3,Low
P06996,18,Female,103.0,137.0,87,13,96.0,36.0,143.9,1.55,Yes,No,No,None,Abnormal,4,Medium
P06997,87,Female,73.0,159.0,64,22,98.9,36.0,105.0,2.47,No,No,No,None,Normal,2,Low
P06998,62,Male,70.0,141.0,94,11,94.9,36.2,50.8,1.51,Yes,Yes,No,Multiple,Normal,7,Medium
P06999,64,Male,90.0,95.0,91,20,95.9,36.5,74.1,0.71,Yes,No,Yes,Multiple,Normal,9,High
P07000,43,Male,55.0,130.0,69,12,99.5,36.4,96.6,2.16,No,Yes,No,Respiratory,Normal,2,Low
P07001,31,Male,69.0,140.0,87,27,98.5,38.3,94.0,2.79,No,Yes,No,None,Normal,3,Low
P07002,71,Male,68.0,78.0,92,16,98.5,36.5,86.1,1.74,Yes,No,No,None,Normal,5,Medium
P07003,88,Female,81.0,124.0,64,20,96.4,36.9,87.9,2.4,No,No,Yes,None,Normal,5,Medium
P07004,63,Male,69.0,117.0,62,9,94.5,36.0,167.2,1.33,No,Yes,No,Hypertension,Normal,3,Low
P07005,48,Male,117.0,109.0,62,11,97.2,36.6,188.3,1.9,Yes,Yes,No,None,Normal,3,Low
P07006,76,Male,121.0,137.0,60,14,99.8,37.5,167.5,1.88,No,No,No,None,Normal,4,Medium
P07007,46,Male,45.0,96.0,62,22,100.0,37.5,50.0,1.52,No,Yes,No,None,Abnormal,7,Medium
P07008,34,Male,96.0,135.0,92,21,100.0,37.8,158.1,1.04,Yes,Yes,No,Respiratory,Abnormal,5,Medium
P07009,31,Male,102.0,139.0,86,23,100.0,36.2,144.5,1.22,Yes,No,No,None,Normal,3,Low
P07010,53,Male,96.0,152.0,53,10,96.1,36.5,113.5,1.25,No,No,No,None,Normal,0,Low
P07011,75,Male,72.0,97.0,70,21,92.4,37.7,95.1,,No,No,No,Hypertension,Normal,7,Medium
P07012,41,Female,,87.0,61,15,97.8,37.0,102.8,1.69,No,No,No,Hypertension,Normal,4,Medium
P07013,80,Female,70.0,132.0,91,14,99.3,37.0,154.6,1.92,No,Yes,No,Diabetes,Abnormal,6,Medium
P07014,42,Male,77.0,118.0,71,15,88.3,37.5,130.4,1.91,Yes,No,No,Hypertension,Abnormal,8,High
P07015,76,Female,61.0,198.0,55,17,91.6,37.8,163.8,1.72,No,Yes,No,None,Normal,7,Medium
P07016,49,Female,83.0,136.0,81,21,94.6,36.4,147.6,1.81,No,No,No,Cardiac,Normal,1,Low
P07017,35,Female,55.0,126.0,87,24,93.7,36.9,172.6,1.11,No,No,No,None,Abnormal,5,Medium
P07018,54,Female,81.0,121.0,64,21,91.2,36.9,140.4,1.95,No,No,No,Hypertension,Normal,3,Low
P07019,43,Female,60.0,95.0,74,21,97.1,36.2,69.5,0.55,No,No,No,Diabetes,Abnormal,5,Medium
P07020,26,Female,89.0,139.0,64,27,99.7,37.2,51.0,0.99,No,No,No,None,Normal,3,Low
P07021,81,Male,71.0,123.0,97,21,95.4,36.6,140.8,0.97,No,No,No,Diabetes,Normal,3,Low
P07022,89,Male,91.0,123.0,72,17,91.0,37.0,139.0,1.34,No,No,No,Hypertension,Abnormal,7,Medium
P07023,37,Female,107.0,127.0,67,21,96.6,37.5,90.3,2.03,Yes,Yes,No,None,Normal,3,Low
P07024,71,Male,117.0,131.0,77,27,92.7,37.2,124.9,1.94,No,No,Yes,Respiratory,Normal,9,High
P07025,47,Female,45.0,82.0,75,14,93.0,36.3,96.8,2.02,No,No,Yes,Cardiac,Normal,9,High
P07026,70,Male,68.0,146.0,88,16,98.9,37.2,95.3,2.45,Yes,No,Yes,None,Normal,5,Medium
P07027,80,Male,79.0,104.0,96,25,99.6,37.1,57.7,1.94,No,Yes,No,None,Normal,6,Medium
P07028,28,Male,94.0,122.0,96,17,95.1,36.6,116.8,0.99,Yes,No,No,None,Normal,1,Low
P07029,48,Female,52.0,157.0,72,22,98.2,36.3,94.3,1.82,Yes,No,No,Respiratory,Normal,2,Low
P07030,66,Male,65.0,169.0,83,24,92.8,37.1,130.1,1.05,No,Yes,Yes,Multiple,Normal,10,High
P07031,36,Male,88.0,82.0,100,12,97.6,35.9,50.0,1.53,Yes,No,No,None,Abnormal,9,High
P07032,29,Female,87.0,,101,16,94.8,36.1,139.1,2.12,No,No,No,None,Abnormal,2,Low
P07033,32,Female,93.0,132.0,65,24,92.0,36.0,94.4,1.66,No,No,No,Cardiac,Normal,4,Medium
P07034,48,Male,94.0,87.0,87,17,93.3,36.0,72.3,2.31,No,No,Yes,Diabetes,Normal,9,High
P07035,60,Female,92.0,145.0,84,8,97.2,36.6,97.4,1.81,Yes,No,No,Hypertension,Normal,3,Low
P07036,54,Male,89.0,128.0,92,15,91.6,37.8,51.1,0.59,No,Yes,No,Respiratory,Abnormal,8,High
P07037,46,Male,86.0,130.0,97,22,95.2,37.5,103.4,1.48,No,No,No,Multiple,Normal,2,Low
P07038,43,Female,98.0,102.0,62,24,99.2,37.9,119.9,2.31,No,Yes,No,Diabetes,Normal,3,Low
P07039,19,Female,45.0,135.0,68,18,94.5,36.5,117.9,2.17,No,No,No,None,Normal,0,Low
P07040,32,Male,116.0,146.0,92,20,91.4,35.4,133.4,0.94,Yes,Yes,No,Respiratory,Normal,7,Medium
P07041,21,Female,45.0,128.0,80,16,95.2,36.5,92.3,1.43,No,No,Yes,Diabetes,Normal,4,Medium
P07042,67,Male,63.0,112.0,45,23,98.0,37.9,146.2,1.97,No,No,No,None,Normal,2,Low
P07043,55,Female,80.0,114.0,53,25,92.1,36.7,125.6,1.38,No,No,No,Cardiac,Abnormal,6,Medium
P07044,40,Female,98.0,131.0,88,22,99.6,37.0,147.6,1.53,No,No,No,Cardiac,Abnormal,3,Low
P07045,76,Female,45.0,126.0,91,17,98.3,36.8,181.4,2.0,Yes,No,No,None,Normal,3,Low
P07046,45,Female,84.0,148.0,58,20,97.1,37.6,53.0,3.27,No,No,No,None,Normal,3,Low
P07047,83,Female,101.0,113.0,94,23,97.7,37.7,99.7,2.05,Yes,No,No,None,Normal,5,Medium
P07048,25,Male,105.0,95.0,75,18,96.4,35.8,84.5,2.35,No,Yes,No,None,Abnormal,7,Medium
P07049,46,Male,71.0,134.0,63,22,97.0,35.1,200.5,1.09,No,No,No,Diabetes,Normal,2,Low
P07050,28,Male,79.0,113.0,70,20,96.2,37.5,138.9,0.8,No,Yes,Yes,Multiple,Normal,6,Medium
P07051,35,Female,73.0,145.0,60,25,98.6,36.8,126.5,1.1,Yes,No,No,Hypertension,Normal,3,Low
P07052,72,Male,77.0,125.0,69,22,99.9,37.5,162.8,1.66,No,Yes,No,Multiple,Normal,4,Medium
P07053,67,Male,64.0,141.0,50,16,93.5,36.8,115.5,1.98,Yes,No,No,None,Abnormal,6,Medium
P07054,31,Female,67.0,100.0,77,25,93.9,37.4,133.7,2.18,Yes,No,No,Cardiac,Normal,5,Medium
P07055,26,Female,94.0,129.0,87,20,94.8,36.9,96.8,2.51,Yes,No,Yes,None,Abnormal,7,Medium
P07056,28,Female,88.0,108.0,58,17,94.2,36.4,60.4,2.81,Yes,No,No,Respiratory,Abnormal,5,Medium
P07057,80,Male,95.0,94.0,78,11,99.4,36.7,150.9,0.5,No,No,No,Diabetes,Normal,5,Medium
P07058,84,Male,89.0,103.0,66,19,,36.9,76.6,1.02,No,No,No,Hypertension,Normal,5,Medium
P07059,70,Female,99.0,111.0,88,27,97.6,37.5,144.9,3.13,No,No,No,Multiple,Abnormal,7,Medium
P07060,56,Male,103.0,156.0,43,8,100.0,36.9,158.3,2.08,No,No,No,Respiratory,Normal,2,Low
P07061,73,Male,50.0,111.0,89,8,94.3,36.1,50.0,1.71,No,Yes,No,None,Normal,4,Medium
P07062,45,Female,68.0,93.0,51,22,100.0,38.3,156.8,0.5,No,No,No,Cardiac,Normal,3,Low
P07063,56,Male,80.0,128.0,75,19,99.5,37.2,125.2,0.76,Yes,No,No,Diabetes,Normal,2,Low
P07064,42,Female,85.0,126.0,67,21,95.0,38.1,76.2,2.51,Yes,Yes,No,Hypertension,Normal,4,Medium
P07065,38,Male,72.0,113.0,73,15,98.5,36.1,50.0,1.43,Yes,No,No,None,Normal,3,Low
P07066,27,Female,103.0,121.0,55,8,93.5,36.8,112.2,2.24,No,No,No,None,Normal,3,Low
P07067,60,Male,125.0,149.0,103,14,92.7,37.2,107.9,1.48,No,No,Yes,Multiple,Normal,10,High
P07068,32,Male,89.0,142.0,59,26,94.6,37.5,158.7,,No,No,No,Multiple,Normal,4,Medium
P07069,65,Female,87.0,140.0,60,16,100.0,35.5,117.6,1.76,Yes,No,No,None,Normal,3,Low
P07070,38,Female,102.0,95.0,105,16,94.6,35.5,71.5,0.61,No,No,No,Multiple,Abnormal,8,High
P07071,77,Female,48.0,197.0,83,8,96.1,36.5,52.9,2.26,Yes,No,No,Hypertension,Normal,8,High
P07072,67,Female,86.0,151.0,59,9,93.0,37.4,120.9,1.86,Yes,Yes,No,Hypertension,Normal,6,Medium
P07073,40,Male,105.0,138.0,76,24,98.6,36.5,115.2,1.3,Yes,Yes,No,Cardiac,Abnormal,7,Medium
P07074,30,Female,72.0,96.0,74,17,98.5,36.9,167.8,1.96,No,No,No,Cardiac,Abnormal,5,Medium
P07075,86,Female,60.0,149.0,53,23,93.9,37.0,95.3,2.64,No,No,Yes,None,Normal,9,High
P07076,21,Female,81.0,112.0,67,14,89.0,36.3,131.7,1.61,Yes,Yes,No,Respiratory,Normal,7,Medium
P07077,89,Female,84.0,120.0,78,11,94.9,38.2,109.7,1.04,No,No,No,Respiratory,Abnormal,5,Medium
P07078,26,Female,67.0,83.0,97,17,97.3,36.4,50.0,1.97,No,Yes,No,None,Normal,6,Medium
P07079,52,Male,127.0,94.0,75,15,96.0,35.3,143.6,1.29,No,No,No,Hypertension,Abnormal,8,High
P07080,38,Female,75.0,136.0,76,14,96.2,36.2,98.0,2.06,No,No,No,Cardiac,Normal,1,Low
P07081,75,Female,62.0,150.0,66,14,97.0,36.3,141.4,2.81,Yes,No,No,Hypertension,Normal,5,Medium
P07082,35,Female,83.0,142.0,94,17,94.5,37.1,121.8,0.89,No,No,No,None,Normal,0,Low
P07083,89,Male,103.0,141.0,92,16,92.2,37.2,75.4,0.5,No,No,No,None,Normal,5,Medium
P07084,60,Male,85.0,123.0,90,13,98.2,37.5,108.0,3.63,No,No,No,Multiple,Abnormal,6,Medium
P07085,23,Male,95.0,115.0,80,27,93.3,38.5,113.7,1.91,No,No,No,Respiratory,Abnormal,6,Medium
P07086,84,Female,68.0,132.0,54,20,92.4,37.0,122.4,0.8,Yes,No,No,None,Normal,5,Medium
P07087,29,Female,115.0,146.0,94,19,97.5,37.7,135.5,1.0,No,No,No,Respiratory,Abnormal,4,Medium
P07088,29,Male,96.0,125.0,79,18,92.7,36.6,116.2,1.42,No,No,No,None,Normal,2,Low
P07089,83,Male,106.0,155.0,73,21,93.5,37.2,184.8,2.04,No,No,No,Multiple,Abnormal,9,High
P07090,19,Female,92.0,120.0,85,21,100.0,36.7,148.6,0.5,No,No,No,Respiratory,Abnormal,3,Low
P07091,32,Female,,100.0,81,13,,36.9,154.8,2.36,No,No,No,Respiratory,Normal,2,Low
P07092,40,Female,68.0,125.0,62,10,99.6,37.1,148.0,1.25,Yes,No,No,None,Normal,1,Low
P07093,46,Male,75.0,128.0,73,8,98.3,37.8,118.1,2.99,No,No,No,None,Normal,1,Low
P07094,24,Female,,123.0,49,27,99.5,37.0,144.3,2.11,No,No,No,Respiratory,Abnormal,5,Medium
P07095,45,Female,116.0,157.0,79,16,100.0,37.0,165.0,2.52,No,No,No,Diabetes,Normal,3,Low
P07096,31,Male,62.0,145.0,98,21,99.3,37.3,120.0,1.61,No,No,No,Multiple,Normal,2,Low
P07097,61,Male,90.0,89.0,51,19,96.8,37.7,157.0,2.0,No,Yes,No,Cardiac,Normal,6,Medium
P07098,47,Male,76.0,163.0,80,23,98.6,35.9,62.9,2.91,No,No,No,None,Abnormal,5,Medium
P07099,49,Female,71.0,70.0,88,18,94.6,37.2,159.0,1.12,Yes,Yes,No,None,Abnormal,7,Medium
P07100,87,Male,91.0,179.0,90,11,96.4,35.9,84.2,2.15,No,No,No,Multiple,Normal,5,Medium
P07101,23,Male,108.0,118.0,67,13,96.6,38.0,62.8,2.23,No,No,No,None,Abnormal,3,Low
P07102,44,Female,94.0,120.0,61,16,95.6,37.3,103.8,2.89,Yes,Yes,No,Hypertension,Abnormal,6,Medium
P07103,41,Female,79.0,123.0,69,10,95.1,38.0,123.3,1.29,No,No,Yes,None,Normal,3,Low
P07104,51,Male,95.0,135.0,96,14,99.9,35.7,128.4,1.12,No,No,No,Multiple,Abnormal,5,Medium
P07105,57,Female,78.0,125.0,52,12,93.1,36.9,166.6,2.75,Yes,No,No,Multiple,Abnormal,8,High
P07106,64,Male,93.0,122.0,60,16,96.4,37.7,92.7,1.62,Yes,No,Yes,Hypertension,Abnormal,8,High
P07107,41,Female,113.0,158.0,71,16,92.1,38.1,180.8,1.08,No,No,No,None,Normal,3,Low
P07108,82,Female,45.0,139.0,63,19,90.0,37.3,180.8,1.4,Yes,Yes,No,Multiple,Abnormal,10,High
P07109,35,Male,101.0,101.0,77,22,99.6,36.7,124.0,0.69,No,No,No,Diabetes,Abnormal,4,Medium
P07110,61,Male,54.0,144.0,99,17,99.9,36.8,81.9,1.78,No,No,No,Diabetes,Abnormal,4,Medium
P07111,74,Male,110.0,138.0,60,10,94.5,36.2,214.6,0.5,No,No,No,Diabetes,Abnormal,5,Medium
P07112,45,Female,72.0,111.0,76,8,96.2,38.2,184.0,2.01,No,No,No,None,Normal,0,Low
P07113,88,Male,61.0,145.0,78,19,95.1,37.5,122.6,0.57,No,No,No,None,Normal,2,Low
P07114,40,Female,99.0,121.0,73,15,95.1,36.9,60.5,2.81,No,No,No,Respiratory,Normal,2,Low
P07115,51,Female,92.0,119.0,54,17,94.5,37.4,139.8,1.24,Yes,No,Yes,None,Abnormal,6,Medium
P07116,28,Male,65.0,119.0,68,20,97.4,36.9,91.4,1.14,No,No,No,Diabetes,Normal,1,Low
P07117,52,Female,60.0,70.0,68,25,94.9,36.8,150.0,1.83,Yes,No,No,None,Normal,5,Medium
P07118,59,Female,81.0,,88,9,97.2,36.4,124.2,2.11,No,Yes,No,None,Normal,1,Low
P07119,45,Male,61.0,143.0,84,13,100.0,36.4,51.2,1.83,No,No,No,Hypertension,Abnormal,5,Medium
P07120,41,Female,64.0,124.0,55,18,97.2,37.3,67.8,0.5,No,No,No,None,Normal,0,Low
P07121,25,Female,87.0,93.0,72,12,96.4,37.8,84.5,1.89,No,No,No,None,Normal,2,Low
P07122,70,Male,66.0,149.0,70,11,94.3,36.7,180.6,1.74,Yes,No,No,None,Normal,2,Low
P07123,89,Male,94.0,118.0,107,25,96.0,36.4,89.0,1.71,Yes,Yes,No,Hypertension,Normal,6,Medium
P07124,21,Female,115.0,94.0,82,13,91.0,37.8,50.0,2.26,No,No,No,Respiratory,Normal,8,High
P07125,22,Female,82.0,180.0,62,11,100.0,37.1,106.9,1.18,No,Yes,Yes,None,Abnormal,6,Medium
P07126,66,Female,88.0,99.0,66,12,93.1,35.2,104.5,0.89,No,No,Yes,None,Normal,9,High
P07127,47,Female,125.0,147.0,72,23,90.2,36.4,178.6,2.29,Yes,No,Yes,Hypertension,Normal,10,High
P07128,89,Male,61.0,106.0,83,15,95.7,37.4,175.6,0.5,Yes,No,No,None,Normal,3,Low
P07129,80,Female,109.0,128.0,85,11,97.1,36.4,62.6,2.03,Yes,No,No,Respiratory,Normal,5,Medium
P07130,64,Female,106.0,,81,14,100.0,37.0,130.7,0.83,Yes,Yes,No,Hypertension,Normal,5,Medium
P07131,43,Female,102.0,94.0,75,18,96.7,36.0,146.7,2.92,No,No,No,Cardiac,Normal,5,Medium
P07132,74,Female,111.0,138.0,76,22,98.8,36.7,110.2,0.64,No,No,No,Respiratory,Normal,3,Low
P07133,54,Male,91.0,135.0,76,22,98.8,36.1,122.0,0.65,No,No,No,None,Abnormal,2,Low
P07134,24,Female,73.0,154.0,51,14,98.5,36.0,159.2,3.66,No,No,No,Multiple,Normal,3,Low
P07135,57,Male,107.0,124.0,77,15,92.6,36.4,126.7,2.81,No,No,No,Multiple,Normal,6,Medium
P07136,56,Male,108.0,181.0,69,29,97.5,37.7,141.8,1.15,No,No,Yes,None,Normal,7,Medium
P07137,79,Male,107.0,132.0,53,23,91.8,37.3,171.3,0.81,No,No,Yes,None,Normal,9,High
P07138,70,Male,86.0,139.0,114,17,100.0,38.6,97.1,1.06,No,No,No,None,Normal,2,Low
P07139,21,Male,71.0,,83,8,98.1,36.5,146.8,2.09,Yes,No,No,Multiple,Abnormal,7,Medium
P07140,42,Female,89.0,110.0,78,16,94.1,37.8,97.2,2.03,No,No,Yes,Hypertension,Normal,4,Medium
P07141,24,Male,104.0,138.0,72,11,97.1,38.5,157.9,1.48,Yes,No,No,Diabetes,Abnormal,5,Medium
P07142,45,Male,105.0,,89,14,93.0,37.9,90.1,3.17,No,No,No,Multiple,Normal,6,Medium
P07143,86,Male,76.0,130.0,61,13,91.3,37.9,132.4,1.17,No,No,No,Cardiac,Normal,5,Medium
P07144,84,Female,91.0,105.0,73,17,98.6,37.1,105.9,0.5,No,Yes,No,None,Abnormal,5,Medium
P07145,37,Male,59.0,128.0,64,18,93.1,37.2,138.5,3.94,No,No,No,Multiple,Normal,5,Medium
P07146,28,Female,105.0,128.0,89,14,95.5,36.3,81.2,2.53,No,No,No,Respiratory,Abnormal,5,Medium
P07147,84,Male,69.0,95.0,66,12,96.6,34.9,103.9,1.64,No,No,Yes,Diabetes,Normal,10,High
P07148,24,Male,101.0,141.0,95,17,95.5,37.2,112.9,1.97,No,No,Yes,None,Normal,4,Medium
P07149,40,Female,62.0,82.0,77,16,92.9,36.2,72.0,1.9,Yes,No,No,Cardiac,Normal,7,Medium
P07150,78,Female,106.0,130.0,90,9,96.2,36.7,90.7,0.5,No,No,No,None,Normal,3,Low
P07151,88,Female,91.0,169.0,84,21,96.4,36.3,50.0,1.79,Yes,No,Yes,Diabetes,Normal,9,High
P07152,51,Male,69.0,142.0,94,14,98.6,37.3,130.1,2.15,No,Yes,No,None,Abnormal,3,Low
P07153,36,Female,99.0,142.0,64,17,,36.8,146.8,2.11,Yes,Yes,No,Hypertension,Abnormal,5,Medium
P07154,75,Female,73.0,103.0,92,17,90.1,38.0,59.3,0.5,No,Yes,No,Diabetes,Normal,8,High
P07155,26,Female,100.0,169.0,50,18,93.6,36.4,68.2,1.95,Yes,No,No,Respiratory,Normal,4,Medium
P07156,65,Female,80.0,159.0,79,19,96.7,37.1,76.6,2.17,No,No,No,Hypertension,Normal,2,Low
P07157,58,Female,51.0,104.0,70,11,99.0,36.8,64.1,1.76,No,No,No,Hypertension,Normal,1,Low
P07158,65,Male,65.0,113.0,57,20,97.0,36.8,131.0,0.83,No,No,No,None,Normal,1,Low
P07159,62,Female,76.0,156.0,65,16,99.4,36.9,87.3,2.85,No,No,No,Respiratory,Normal,3,Low
P07160,42,Male,112.0,170.0,68,23,91.6,38.2,125.0,1.77,No,Yes,No,Multiple,Abnormal,9,High
P07161,42,Female,103.0,93.0,75,22,95.0,37.7,85.1,1.63,No,Yes,No,Cardiac,Abnormal,7,Medium
P07162,36,Female,117.0,100.0,70,25,100.0,36.6,101.4,1.68,Yes,No,No,None,Normal,3,Low
P07163,56,Male,118.0,121.0,79,13,93.4,36.5,156.5,0.63,Yes,No,No,Respiratory,Abnormal,7,Medium
P07164,44,Male,74.0,71.0,66,24,87.3,36.4,68.8,3.36,Yes,No,No,Cardiac,Normal,11,High
P07165,80,Male,81.0,125.0,71,18,93.5,37.1,92.5,2.7,No,No,No,None,Abnormal,7,Medium
P07166,85,Male,77.0,155.0,74,21,97.3,35.8,131.7,1.25,Yes,No,Yes,None,Normal,7,Medium
P07167,36,Female,72.0,89.0,81,21,95.8,36.8,102.3,0.5,No,Yes,No,Respiratory,Abnormal,7,Medium
P07168,45,Male,48.0,128.0,91,20,92.1,37.3,122.5,2.22,No,No,No,None,Abnormal,4,Medium
P07169,50,Female,85.0,110.0,91,13,93.8,36.4,115.1,2.4,No,No,No,None,Normal,2,Low
P07170,27,Female,59.0,166.0,82,23,92.0,37.0,54.7,1.85,No,Yes,No,None,Normal,6,Medium
P07171,47,Female,84.0,111.0,84,20,92.4,37.2,171.0,1.53,No,Yes,No,Diabetes,Abnormal,6,Medium
P07172,39,Male,127.0,163.0,83,11,93.4,35.6,111.0,0.5,No,No,No,Hypertension,Normal,6,Medium
P07173,20,Male,75.0,110.0,73,16,96.3,37.2,178.8,2.28,Yes,No,No,Hypertension,Abnormal,4,Medium
P07174,65,Male,89.0,144.0,92,12,88.8,36.6,128.5,0.5,No,No,No,Multiple,Abnormal,9,High
P07175,19,Female,103.0,131.0,64,11,100.0,38.5,167.7,2.02,Yes,No,Yes,Respiratory,Normal,6,Medium
P07176,71,Male,91.0,122.0,47,22,,37.2,155.9,2.38,Yes,No,No,Respiratory,Normal,3,Low
P07177,23,Male,91.0,105.0,62,11,92.7,36.3,164.2,1.55,Yes,No,No,None,Normal,3,Low
P07178,57,Female,78.0,133.0,99,11,93.1,35.5,106.1,1.6,No,No,No,None,Normal,3,Low
P07179,19,Male,80.0,114.0,74,28,94.1,37.0,186.5,0.5,Yes,No,No,Diabetes,Abnormal,5,Medium
P07180,90,Female,66.0,108.0,82,16,96.0,38.0,96.1,1.06,No,No,No,None,Abnormal,4,Medium
P07181,19,Male,102.0,162.0,74,21,96.5,36.5,129.5,1.42,No,Yes,No,Respiratory,Normal,3,Low
P07182,72,Male,50.0,139.0,86,24,95.4,37.3,149.5,0.51,No,No,No,Respiratory,Normal,3,Low
P07183,89,Male,104.0,141.0,79,22,93.7,37.6,241.9,2.83,No,No,Yes,Diabetes,Normal,10,High
P07184,77,Male,57.0,115.0,77,19,96.0,37.6,158.8,1.18,Yes,Yes,No,Hypertension,Abnormal,7,Medium
P07185,23,Male,104.0,120.0,87,18,89.8,37.0,94.0,1.43,No,No,No,None,Normal,5,Medium
P07186,36,Female,78.0,119.0,71,21,92.4,36.5,125.8,3.23,No,No,No,Hypertension,Abnormal,6,Medium
P07187,44,Male,,133.0,84,17,94.0,36.8,61.1,2.62,Yes,Yes,No,Cardiac,Abnormal,6,Medium
P07188,18,Male,,141.0,75,21,92.0,36.1,173.8,3.21,Yes,No,No,Diabetes,Abnormal,7,Medium
P07189,50,Male,104.0,124.0,76,17,95.3,36.2,50.0,2.82,No,Yes,No,Hypertension,Normal,6,Medium
P07190,57,Male,76.0,105.0,66,17,92.0,37.8,108.1,2.35,No,No,No,None,Normal,2,Low
P07191,49,Male,99.0,144.0,75,27,100.0,37.3,202.8,1.16,No,Yes,No,Respiratory,Normal,3,Low
P07192,86,Male,45.0,126.0,70,16,91.6,37.2,145.4,0.62,No,No,No,Hypertension,Normal,5,Medium
P07193,34,Male,59.0,89.0,95,18,100.0,36.4,134.6,2.44,Yes,No,No,None,Abnormal,6,Medium
P07194,25,Female,111.0,72.0,53,20,90.0,38.0,67.3,1.36,No,Yes,No,Diabetes,Normal,8,High
P07195,74,Female,81.0,132.0,91,20,100.0,36.8,168.2,0.5,Yes,No,No,Hypertension,Abnormal,5,Medium
P07196,59,Male,48.0,104.0,52,19,97.8,37.1,78.4,2.15,No,No,No,None,Normal,0,Low
P07197,26,Female,71.0,136.0,86,12,98.4,37.9,78.8,1.99,No,No,No,Multiple,Normal,2,Low
P07198,52,Male,67.0,106.0,65,19,91.9,36.4,168.2,0.76,Yes,No,No,Cardiac,Abnormal,6,Medium
P07199,88,Female,82.0,128.0,86,19,95.0,36.5,77.1,2.92,Yes,No,No,None,Normal,4,Medium
P07200,70,Male,78.0,116.0,76,24,95.2,37.8,56.5,1.1,No,No,No,Respiratory,Normal,5,Medium
P07201,71,Male,89.0,169.0,57,22,95.7,37.7,76.4,,Yes,No,No,Cardiac,Normal,4,Medium
P07202,42,Female,84.0,149.0,98,24,99.8,37.3,122.6,2.85,Yes,No,No,None,Abnormal,5,Medium
P07203,84,Male,112.0,159.0,90,13,98.1,35.3,94.9,2.61,Yes,No,No,Respiratory,Normal,7,Medium
P07204,79,Female,93.0,126.0,86,13,95.5,38.0,187.7,1.31,Yes,No,No,None,Abnormal,5,Medium
P07205,72,Male,94.0,146.0,68,20,,36.5,116.4,1.94,Yes,No,No,Hypertension,Normal,3,Low
P07206,63,Male,108.0,127.0,90,24,99.5,36.5,65.4,2.01,Yes,No,No,Hypertension,Normal,5,Medium
P07207,41,Male,77.0,162.0,59,17,94.3,36.8,50.0,1.57,Yes,No,No,Multiple,Normal,5,Medium
P07208,63,Male,60.0,123.0,45,14,94.2,36.0,151.0,1.81,No,No,No,Hypertension,Normal,2,Low
P07209,39,Female,109.0,90.0,55,10,100.0,38.0,127.0,3.19,No,No,No,None,Normal,4,Medium
P07210,28,Male,88.0,75.0,64,20,95.3,37.1,139.3,1.24,No,No,No,Hypertension,Normal,4,Medium
P07211,65,Female,88.0,167.0,67,17,94.1,37.6,97.9,2.17,No,No,No,Multiple,Normal,3,Low
P07212,25,Female,72.0,137.0,71,16,95.5,36.4,121.2,1.35,No,No,No,None,Normal,0,Low
P07213,56,Male,73.0,139.0,72,23,99.2,37.8,162.6,0.54,No,No,No,Hypertension,Normal,2,Low
P07214,52,Male,102.0,162.0,68,18,98.2,38.1,115.2,2.65,Yes,Yes,No,Cardiac,Normal,5,Medium
P07215,66,Female,105.0,84.0,46,18,95.6,36.0,69.1,2.12,No,No,Yes,Respiratory,Abnormal,11,High
P07216,63,Female,101.0,116.0,81,22,97.8,36.1,143.9,2.59,No,No,No,Respiratory,Normal,4,Medium
P07217,55,Male,101.0,119.0,74,29,96.8,36.4,101.0,1.03,Yes,Yes,No,Hypertension,Abnormal,7,Medium
P07218,25,Female,96.0,144.0,68,16,95.6,37.7,153.6,1.3,Yes,No,Yes,Hypertension,Normal,5,Medium
P07219,71,Female,88.0,108.0,99,14,95.1,37.1,116.0,2.12,Yes,No,No,Diabetes,Normal,3,Low
P07220,54,Female,81.0,,74,13,96.4,36.9,149.5,2.42,Yes,No,No,None,Abnormal,5,Medium
P07221,57,Male,109.0,95.0,79,20,94.8,37.3,135.3,2.75,No,No,No,Multiple,Normal,6,Medium
P07222,51,Female,78.0,154.0,90,13,96.2,38.5,166.9,1.72,No,No,No,None,Normal,0,Low
P07223,34,Female,92.0,106.0,56,16,95.9,35.6,153.5,2.2,No,Yes,No,Respiratory,Normal,3,Low
P07224,50,Female,69.0,111.0,78,17,91.6,36.8,62.8,3.23,No,No,No,Hypertension,Normal,4,Medium
P07225,64,Female,72.0,141.0,90,26,94.4,34.5,50.0,1.49,Yes,Yes,Yes,None,Normal,11,High
P07226,69,Male,80.0,108.0,77,24,95.2,37.4,111.9,2.03,No,No,Yes,Cardiac,Normal,6,Medium
P07227,26,Male,69.0,82.0,58,10,100.0,37.9,139.1,1.68,No,Yes,No,Hypertension,Abnormal,7,Medium
P07228,50,Female,101.0,85.0,71,26,95.5,36.8,86.0,1.97,Yes,No,No,None,Normal,6,Medium
P07229,77,Female,58.0,124.0,81,12,96.8,37.5,132.8,2.91,No,No,No,None,Normal,3,Low
P07230,38,Female,87.0,137.0,46,19,100.0,35.8,131.1,1.32,No,No,No,None,Abnormal,3,Low
P07231,75,Male,88.0,120.0,58,14,91.3,37.4,112.1,1.13,No,No,No,Hypertension,Normal,5,Medium
P07232,86,Male,49.0,136.0,108,16,91.4,39.0,89.6,2.5,No,No,No,Diabetes,Normal,6,Medium
P07233,27,Female,76.0,85.0,85,13,93.7,36.7,74.2,,No,No,No,None,Normal,6,Medium
P07234,23,Female,90.0,86.0,100,26,95.0,37.3,214.2,,Yes,No,No,Hypertension,Abnormal,8,High
P07235,30,Male,94.0,181.0,91,17,95.3,36.5,50.0,1.53,No,Yes,No,Diabetes,Normal,6,Medium
P07236,82,Female,81.0,156.0,84,19,94.5,37.1,65.4,2.05,No,No,No,Hypertension,Normal,3,Low
P07237,37,Female,99.0,144.0,73,13,92.3,37.9,219.0,1.84,Yes,No,No,Respiratory,Normal,4,Medium
P07238,74,Male,83.0,109.0,84,11,98.9,37.5,73.7,1.91,Yes,No,No,None,Normal,2,Low
P07239,63,Male,85.0,119.0,100,16,94.6,36.9,92.5,1.85,No,No,No,None,Abnormal,3,Low
P07240,25,Male,90.0,125.0,90,21,99.6,36.9,142.2,1.21,No,No,No,Cardiac,Abnormal,3,Low
P07241,27,Male,104.0,158.0,81,17,92.9,36.0,134.2,0.5,No,No,No,None,Abnormal,5,Medium
P07242,90,Male,71.0,135.0,75,23,100.0,37.8,132.7,1.78,No,No,No,Hypertension,Normal,4,Medium
P07243,84,Female,75.0,138.0,85,19,91.0,37.6,174.8,1.62,No,Yes,No,Respiratory,Abnormal,8,High
P07244,28,Male,72.0,121.0,70,18,,36.0,76.7,0.6,No,No,No,None,Normal,0,Low
P07245,29,Male,78.0,145.0,85,21,93.0,37.1,122.0,1.26,No,Yes,No,Cardiac,Normal,4,Medium
P07246,27,Male,114.0,133.0,68,19,96.1,36.3,112.9,2.51,No,No,No,None,Normal,2,Low
P07247,42,Male,96.0,126.0,73,23,93.1,36.6,79.8,1.64,No,No,No,Cardiac,Normal,4,Medium
P07248,66,Male,62.0,106.0,63,21,89.6,37.6,,1.95,No,No,No,Respiratory,Normal,6,Medium
P07249,66,Male,73.0,122.0,71,23,93.7,37.8,137.4,0.94,Yes,No,No,None,Normal,5,Medium
P07250,28,Female,92.0,98.0,68,22,100.0,37.6,138.4,2.27,No,No,No,Multiple,Normal,4,Medium
P07251,79,Male,67.0,124.0,103,25,93.0,36.8,157.8,3.58,No,No,No,Cardiac,Normal,7,Medium
P07252,53,Female,70.0,127.0,65,22,97.5,37.4,113.4,2.22,Yes,Yes,No,None,Normal,2,Low
P07253,56,Female,112.0,70.0,84,27,96.0,36.4,74.7,2.15,No,Yes,No,None,Abnormal,8,High
P07254,70,Male,73.0,119.0,64,15,94.6,37.6,59.6,2.0,No,Yes,No,None,Normal,4,Medium
P07255,73,Male,104.0,96.0,79,22,100.0,37.0,96.5,1.27,No,No,No,Diabetes,Normal,5,Medium
P07256,18,Female,110.0,137.0,82,11,95.1,36.6,60.9,2.57,Yes,No,No,Hypertension,Abnormal,6,Medium
P07257,73,Female,70.0,141.0,50,23,96.5,36.4,86.6,1.7,No,No,No,Cardiac,Normal,3,Low
P07258,21,Female,67.0,114.0,57,18,96.3,37.5,67.7,3.18,Yes,Yes,No,Hypertension,Normal,4,Medium
P07259,47,Male,,139.0,64,23,100.0,36.9,88.8,3.23,Yes,No,No,Multiple,Normal,5,Medium
P07260,29,Female,63.0,140.0,58,26,91.5,36.6,186.3,1.37,Yes,No,Yes,Hypertension,Normal,8,High
P07261,52,Male,87.0,119.0,79,22,100.0,36.6,110.1,2.41,Yes,Yes,No,Diabetes,Normal,3,Low
P07262,69,Male,81.0,163.0,82,16,100.0,36.0,177.9,1.33,No,Yes,No,Hypertension,Normal,3,Low
P07263,48,Female,92.0,107.0,62,13,97.2,37.1,131.7,2.73,Yes,No,No,None,Abnormal,4,Medium
P07264,85,Male,,162.0,80,21,97.9,37.2,90.1,1.1,No,No,No,Cardiac,Abnormal,6,Medium
P07265,69,Male,101.0,119.0,72,17,95.3,35.8,110.1,1.99,No,No,Yes,Diabetes,Abnormal,9,High
P07266,24,Female,95.0,104.0,77,21,96.5,36.1,50.0,2.22,No,No,No,Respiratory,Abnormal,5,Medium
P07267,39,Female,46.0,116.0,69,15,,35.7,101.8,2.42,No,Yes,No,None,Abnormal,4,Medium
P07268,73,Male,94.0,98.0,85,13,93.3,38.0,62.6,,No,Yes,No,Hypertension,Normal,7,Medium
P07269,75,Female,119.0,145.0,103,17,100.0,37.5,138.9,2.17,Yes,No,No,None,Normal,4,Medium
P07270,81,Male,45.0,85.0,90,21,96.7,37.9,97.6,1.97,No,No,No,Hypertension,Abnormal,8,High
P07271,29,Female,99.0,160.0,99,19,96.4,38.3,102.9,0.89,No,Yes,No,Respiratory,Abnormal,4,Medium
P07272,24,Female,82.0,102.0,57,14,93.4,37.4,98.3,2.73,Yes,Yes,No,Diabetes,Normal,6,Medium
P07273,72,Female,68.0,146.0,68,27,99.5,37.0,150.9,3.09,No,No,No,None,Normal,3,Low
P07274,79,Female,101.0,126.0,86,17,95.9,37.2,79.4,1.85,Yes,Yes,No,Multiple,Normal,7,Medium
P07275,90,Male,119.0,132.0,101,8,94.4,36.5,76.8,1.69,No,Yes,No,Diabetes,Abnormal,7,Medium
P07276,72,Female,101.0,110.0,88,23,92.7,36.4,128.7,1.51,Yes,No,No,None,Normal,6,Medium
P07277,53,Male,78.0,134.0,63,18,95.5,36.7,158.5,,No,Yes,No,None,Abnormal,4,Medium
P07278,41,Male,66.0,128.0,71,17,92.5,36.8,128.3,2.55,No,No,No,None,Normal,3,Low
P07279,61,Female,88.0,89.0,83,17,97.0,35.7,202.5,1.23,No,No,No,None,Normal,5,Medium
P07280,34,Female,102.0,101.0,76,17,98.3,36.0,77.6,0.53,No,No,No,None,Abnormal,3,Low
P07281,19,Female,77.0,111.0,66,26,94.8,36.0,50.0,1.46,Yes,No,No,Cardiac,Abnormal,7,Medium
P07282,30,Female,79.0,106.0,74,20,96.7,36.0,134.5,1.46,Yes,No,No,Diabetes,Abnormal,4,Medium
P07283,48,Female,141.0,156.0,78,19,99.7,37.5,108.9,,No,No,No,Cardiac,Abnormal,5,Medium
P07284,45,Male,107.0,125.0,62,17,95.5,36.7,133.9,1.84,Yes,Yes,No,None,Normal,3,Low
P07285,77,Female,108.0,,93,27,95.7,36.8,149.3,2.72,No,Yes,No,Diabetes,Abnormal,9,High
P07286,44,Male,56.0,113.0,71,22,96.0,37.3,54.0,0.5,No,No,No,Hypertension,Abnormal,5,Medium
P07287,32,Male,71.0,112.0,77,23,94.7,37.7,103.5,2.23,No,No,No,Diabetes,Normal,2,Low
P07288,50,Male,86.0,118.0,94,19,94.9,37.4,138.4,2.52,No,No,No,None,Normal,1,Low
P07289,37,Male,65.0,98.0,76,23,93.7,38.3,125.2,0.5,No,No,No,None,Abnormal,7,Medium
P07290,59,Female,117.0,105.0,93,20,97.3,37.0,108.0,1.11,No,No,No,Hypertension,Normal,2,Low
P07291,29,Female,113.0,144.0,63,16,95.8,37.2,144.5,1.41,Yes,Yes,No,Multiple,Normal,5,Medium
P07292,90,Male,74.0,130.0,84,20,97.8,36.5,154.9,2.21,Yes,No,No,None,Abnormal,5,Medium
P07293,40,Male,121.0,121.0,91,28,99.1,35.5,50.0,1.47,Yes,No,No,Diabetes,Abnormal,10,High
P07294,89,Female,85.0,125.0,66,19,92.8,37.1,178.0,1.77,Yes,No,No,None,Normal,5,Medium
P07295,31,Male,137.0,124.0,75,24,93.5,37.7,,1.17,Yes,Yes,No,Diabetes,Normal,8,High
P07296,42,Female,88.0,120.0,76,24,98.1,36.4,138.8,1.85,Yes,No,No,None,Abnormal,4,Medium
P07297,48,Male,97.0,138.0,81,21,95.2,36.6,101.8,1.29,No,No,Yes,None,Normal,3,Low
P07298,71,Female,113.0,136.0,85,26,96.2,37.8,165.2,1.1,Yes,No,No,None,Normal,4,Medium
P07299,22,Male,111.0,86.0,64,8,96.3,37.0,143.8,1.91,No,No,No,None,Normal,4,Medium
P07300,30,Male,95.0,122.0,77,9,93.2,36.3,138.6,2.49,No,No,No,None,Normal,2,Low
P07301,45,Male,,87.0,102,27,97.5,36.2,123.9,2.01,No,No,Yes,Cardiac,Normal,8,High
P07302,60,Female,95.0,141.0,94,15,96.7,37.5,93.5,1.62,No,No,No,Diabetes,Abnormal,4,Medium
P07303,64,Female,69.0,144.0,90,19,93.0,36.9,75.4,2.61,No,No,No,None,Normal,4,Medium
P07304,88,Female,88.0,110.0,75,27,95.5,36.9,59.7,1.43,Yes,No,No,Multiple,Normal,8,High
P07305,55,Male,63.0,122.0,110,19,95.7,35.9,90.0,1.74,No,No,No,Hypertension,Normal,2,Low
P07306,84,Male,49.0,72.0,93,26,98.2,37.4,151.5,2.74,No,No,No,Hypertension,Abnormal,10,High
P07307,79,Male,86.0,149.0,79,16,99.5,37.8,74.9,1.46,Yes,No,No,Hypertension,Normal,4,Medium
P07308,56,Male,110.0,143.0,81,21,96.0,36.7,163.4,1.37,No,No,No,Diabetes,Normal,2,Low
P07309,54,Male,104.0,154.0,71,18,91.0,37.3,74.0,2.39,No,No,No,None,Abnormal,5,Medium
P07310,25,Male,83.0,162.0,84,25,98.2,36.7,108.4,1.0,No,No,No,Diabetes,Abnormal,4,Medium
P07311,69,Female,120.0,94.0,87,17,100.0,37.5,133.0,2.76,Yes,No,Yes,Diabetes,Abnormal,12,High
P07312,50,Female,74.0,147.0,89,13,98.2,37.4,156.1,0.5,Yes,No,No,Respiratory,Normal,2,Low
P07313,59,Female,47.0,162.0,75,16,95.2,36.7,100.3,1.86,Yes,No,No,Cardiac,Normal,2,Low
P07314,44,Male,45.0,88.0,56,16,97.2,35.3,,1.28,No,No,No,Cardiac,Normal,5,Medium
P07315,25,Female,61.0,121.0,82,15,98.4,36.4,123.5,2.07,No,Yes,No,None,Normal,1,Low
P07316,40,Male,101.0,116.0,89,15,96.3,37.3,105.0,2.97,No,No,No,Multiple,Abnormal,6,Medium
P07317,81,Male,72.0,146.0,63,24,99.9,37.7,73.5,0.87,No,No,No,Hypertension,Abnormal,6,Medium
P07318,37,Female,94.0,70.0,77,25,92.6,36.5,132.6,0.68,Yes,No,No,None,Normal,7,Medium
P07319,33,Male,118.0,170.0,98,20,94.8,38.1,116.1,2.72,No,No,No,Hypertension,Abnormal,5,Medium
P07320,34,Male,63.0,122.0,60,15,97.4,38.2,102.2,1.62,Yes,Yes,No,Cardiac,Normal,3,Low
P07321,36,Male,95.0,148.0,74,15,98.1,37.6,119.6,1.73,No,No,No,Respiratory,Normal,1,Low
P07322,25,Male,96.0,123.0,100,8,94.4,36.1,137.8,1.59,No,No,No,Respiratory,Normal,1,Low
P07323,55,Male,68.0,,80,20,94.6,37.6,50.0,1.51,No,No,No,None,Normal,2,Low
P07324,55,Female,112.0,70.0,70,15,94.0,36.6,93.1,1.07,Yes,No,No,None,Abnormal,7,Medium
P07325,70,Female,79.0,115.0,78,25,93.8,36.5,76.0,1.61,No,No,No,Diabetes,Normal,5,Medium
P07326,48,Male,77.0,146.0,90,11,97.6,37.4,79.1,1.13,No,No,No,Hypertension,Normal,1,Low
P07327,61,Male,127.0,132.0,75,15,95.9,37.3,83.4,2.6,No,No,No,Diabetes,Normal,5,Medium
P07328,77,Female,95.0,84.0,87,18,99.9,37.4,158.9,1.36,Yes,Yes,No,None,Normal,7,Medium
P07329,34,Female,104.0,,82,20,92.7,37.5,128.3,2.85,No,No,No,Diabetes,Abnormal,7,Medium
P07330,90,Female,112.0,105.0,83,27,95.5,37.0,71.0,2.34,Yes,Yes,No,Hypertension,Normal,7,Medium
P07331,56,Male,72.0,102.0,88,11,98.2,35.8,122.4,1.0,Yes,No,No,Cardiac,Normal,3,Low
P07332,59,Female,110.0,87.0,74,16,97.0,38.7,132.1,0.95,No,Yes,No,None,Normal,6,Medium
P07333,65,Female,75.0,140.0,64,11,92.7,36.7,100.7,1.62,No,No,No,Hypertension,Normal,4,Medium
P07334,29,Male,74.0,153.0,85,22,99.5,36.4,63.5,1.21,Yes,Yes,No,None,Abnormal,4,Medium
P07335,35,Male,80.0,178.0,76,15,96.3,36.0,71.5,1.21,No,No,No,Respiratory,Abnormal,3,Low
P07336,23,Female,73.0,88.0,71,17,100.0,37.1,51.6,2.47,No,Yes,No,Hypertension,Normal,7,Medium
P07337,60,Male,101.0,144.0,86,17,95.6,37.0,200.6,2.02,Yes,No,No,Diabetes,Normal,4,Medium
P07338,52,Female,90.0,146.0,97,19,99.5,36.9,50.0,2.78,Yes,No,No,Respiratory,Normal,5,Medium
P07339,71,Female,75.0,110.0,76,17,94.9,38.2,64.8,0.94,Yes,No,No,Cardiac,Normal,3,Low
P07340,79,Male,98.0,102.0,78,13,95.3,37.5,114.1,0.5,No,Yes,No,Multiple,Abnormal,7,Medium
P07341,86,Male,79.0,98.0,60,18,97.5,36.2,50.0,1.22,Yes,No,No,Cardiac,Normal,8,High
P07342,33,Female,78.0,112.0,75,14,90.9,38.7,68.6,2.66,No,No,No,None,Normal,4,Medium
P07343,25,Male,86.0,130.0,81,22,89.9,35.8,119.6,1.3,Yes,No,No,Respiratory,Normal,7,Medium
P07344,48,Male,94.0,159.0,78,18,94.0,36.9,123.1,3.11,Yes,No,No,None,Normal,2,Low
P07345,27,Male,93.0,153.0,73,13,92.1,36.4,131.4,1.37,Yes,No,No,Respiratory,Normal,4,Medium
P07346,73,Male,78.0,,89,30,89.2,37.3,143.6,2.27,Yes,No,No,Multiple,Normal,12,High
P07347,87,Male,102.0,105.0,79,26,98.2,37.5,113.4,1.78,Yes,No,No,Multiple,Abnormal,9,High
P07348,37,Male,81.0,157.0,117,30,93.6,36.7,87.4,0.5,Yes,No,No,Hypertension,Normal,5,Medium
P07349,22,Male,72.0,107.0,81,16,95.0,37.8,133.3,1.27,No,No,No,Multiple,Normal,2,Low
P07350,40,Female,56.0,124.0,40,14,96.4,37.2,170.6,2.18,Yes,No,No,Multiple,Normal,3,Low
P07351,26,Male,105.0,82.0,61,22,97.5,38.2,139.7,1.76,No,No,No,Cardiac,Abnormal,7,Medium
P07352,75,Female,85.0,154.0,86,24,96.8,37.7,80.4,1.45,No,No,No,Diabetes,Normal,4,Medium
P07353,76,Male,89.0,77.0,68,19,96.6,36.6,139.6,1.67,Yes,No,No,None,Abnormal,8,High
P07354,71,Female,106.0,84.0,69,8,97.4,37.8,137.4,1.92,No,Yes,No,None,Normal,6,Medium
P07355,63,Male,,151.0,59,13,94.5,36.5,65.5,0.5,No,No,No,Diabetes,Abnormal,4,Medium
P07356,39,Female,58.0,173.0,71,20,93.9,37.5,105.7,1.35,Yes,No,No,Hypertension,Normal,4,Medium
P07357,81,Male,86.0,118.0,81,15,89.0,37.4,137.7,1.15,No,No,Yes,None,Normal,9,High
P07358,25,Female,91.0,124.0,84,11,97.9,36.6,161.4,2.35,No,No,No,Cardiac,Normal,1,Low
P07359,37,Male,80.0,148.0,63,17,93.9,35.4,89.1,2.41,Yes,No,No,None,Normal,4,Medium
P07360,68,Male,114.0,132.0,90,8,100.0,38.2,56.7,1.94,No,No,No,None,Normal,4,Medium
P07361,56,Female,45.0,116.0,60,15,98.2,37.3,135.3,1.89,No,No,No,None,Abnormal,2,Low
P07362,54,Female,107.0,113.0,85,16,98.9,37.0,105.1,0.5,Yes,Yes,Yes,None,Normal,6,Medium
P07363,67,Male,101.0,86.0,83,20,98.1,37.0,124.6,1.07,No,No,Yes,Cardiac,Normal,9,High
P07364,51,Female,94.0,131.0,64,21,97.6,37.8,122.6,,No,No,No,None,Normal,0,Low
P07365,50,Female,45.0,123.0,62,20,97.4,38.7,120.9,1.71,Yes,No,No,Hypertension,Normal,3,Low
P07366,48,Male,111.0,,84,22,97.7,37.7,98.5,1.8,No,No,No,Respiratory,Normal,2,Low
P07367,71,Female,64.0,100.0,70,17,96.5,37.3,151.3,0.5,No,No,Yes,Respiratory,Abnormal,7,Medium
P07368,61,Male,,102.0,75,11,94.2,37.2,81.0,2.58,No,No,No,Diabetes,Normal,3,Low
P07369,51,Female,82.0,140.0,88,18,92.5,37.3,,0.98,No,No,No,Cardiac,Normal,3,Low
P07370,88,Male,93.0,147.0,85,14,97.3,36.2,130.6,0.5,No,No,No,Hypertension,Normal,3,Low
P07371,79,Female,98.0,117.0,64,11,99.9,37.5,107.2,2.43,No,Yes,No,None,Normal,3,Low
P07372,40,Male,103.0,114.0,77,21,95.6,36.0,146.7,1.07,No,No,No,None,Abnormal,3,Low
P07373,63,Male,101.0,104.0,64,11,96.5,37.4,96.4,2.35,Yes,No,No,Diabetes,Normal,4,Medium
P07374,73,Female,90.0,148.0,91,21,92.0,36.6,206.9,0.5,No,No,No,Multiple,Normal,5,Medium
P07375,24,Female,93.0,126.0,101,12,94.6,37.7,124.5,1.48,No,No,No,Hypertension,Abnormal,3,Low
P07376,78,Male,63.0,134.0,65,17,92.3,37.3,164.5,1.03,No,No,No,Hypertension,Normal,5,Medium
P07377,20,Male,70.0,134.0,78,15,92.5,36.7,150.5,2.11,Yes,No,No,Hypertension,Normal,4,Medium
P07378,55,Female,103.0,117.0,92,24,96.3,36.2,171.9,1.09,No,No,No,None,Normal,2,Low
P07379,51,Female,102.0,96.0,78,21,95.8,38.2,118.5,2.11,No,No,No,None,Normal,3,Low
P07380,61,Female,99.0,100.0,86,14,98.4,36.9,160.1,1.46,Yes,No,No,Multiple,Abnormal,6,Medium
P07381,47,Female,75.0,153.0,79,17,98.3,38.4,173.2,1.27,No,No,No,Respiratory,Normal,1,Low
P07382,34,Female,103.0,107.0,62,25,93.4,36.0,126.5,2.52,No,Yes,No,Hypertension,Normal,7,Medium
P07383,76,Female,62.0,115.0,80,25,90.2,36.8,87.1,3.36,No,No,No,Diabetes,Abnormal,9,High
P07384,27,Male,107.0,97.0,95,11,93.2,35.2,188.2,1.51,No,No,No,None,Abnormal,8,High
P07385,35,Female,80.0,95.0,83,25,93.9,37.6,115.8,1.18,No,No,No,Hypertension,Normal,6,Medium
P07386,62,Female,119.0,106.0,102,24,97.7,37.7,118.1,1.69,No,No,No,Multiple,Normal,5,Medium
P07387,76,Female,55.0,167.0,51,19,97.8,36.5,125.8,1.89,No,Yes,No,None,Normal,3,Low
P07388,79,Female,120.0,141.0,84,18,95.9,36.5,83.7,0.5,No,No,No,Hypertension,Normal,4,Medium
P07389,76,Male,78.0,112.0,68,15,98.2,36.7,128.6,0.99,Yes,No,No,Multiple,Normal,5,Medium
P07390,66,Male,77.0,152.0,65,12,100.0,36.8,128.9,0.6,No,No,No,Cardiac,Normal,2,Low
P07391,80,Male,89.0,121.0,98,20,95.6,36.6,114.6,0.88,No,Yes,No,Respiratory,Normal,4,Medium
P07392,49,Male,71.0,159.0,74,17,95.3,37.9,112.3,2.96,No,Yes,No,Hypertension,Abnormal,5,Medium
P07393,27,Female,84.0,180.0,73,20,93.5,36.6,106.1,0.5,Yes,No,No,Multiple,Normal,5,Medium
P07394,28,Male,70.0,151.0,83,20,97.0,35.5,99.8,2.1,No,No,No,Multiple,Normal,3,Low
P07395,87,Female,71.0,127.0,46,31,99.4,36.8,144.1,1.5,Yes,Yes,No,Hypertension,Normal,8,High
P07396,79,Female,95.0,142.0,98,24,94.5,36.6,126.6,1.99,No,No,No,Cardiac,Normal,4,Medium
P07397,64,Male,67.0,125.0,107,21,94.8,36.0,152.2,0.87,No,No,Yes,Multiple,Normal,6,Medium
P07398,51,Male,70.0,79.0,92,8,94.4,37.2,94.1,1.43,No,Yes,Yes,Diabetes,Abnormal,10,High
P07399,34,Female,58.0,109.0,84,20,92.5,35.5,160.1,2.78,No,No,No,Diabetes,Normal,5,Medium
P07400,71,Male,75.0,101.0,75,26,96.4,37.3,150.7,1.44,Yes,No,No,None,Abnormal,5,Medium
P07401,57,Male,111.0,108.0,62,16,96.5,37.0,105.3,2.93,No,Yes,No,Hypertension,Abnormal,6,Medium
P07402,36,Female,68.0,170.0,96,29,95.9,36.5,88.3,0.5,No,No,No,None,Normal,1,Low
P07403,84,Female,70.0,153.0,92,21,100.0,36.1,138.8,2.23,No,No,No,Hypertension,Abnormal,5,Medium
P07404,70,Female,89.0,136.0,85,19,97.2,35.8,51.6,1.83,No,No,No,None,Normal,4,Medium
P07405,81,Female,78.0,145.0,83,13,92.7,37.7,98.4,0.65,No,No,No,Multiple,Normal,6,Medium
P07406,64,Female,130.0,78.0,83,26,97.9,36.8,126.0,2.53,No,Yes,No,Hypertension,Normal,10,High
P07407,23,Male,82.0,143.0,70,14,95.0,35.7,109.0,1.2,No,No,No,None,Abnormal,3,Low
P07408,33,Female,92.0,148.0,116,15,95.0,37.0,72.2,1.99,Yes,No,No,Cardiac,Normal,2,Low
P07409,89,Female,104.0,70.0,74,9,95.5,36.8,118.6,1.01,Yes,No,No,Hypertension,Normal,8,High
P07410,35,Female,103.0,144.0,72,22,95.1,38.1,75.0,1.39,No,No,No,Cardiac,Abnormal,4,Medium
P07411,69,Male,90.0,89.0,95,21,96.8,36.7,125.4,2.36,No,No,No,Respiratory,Normal,5,Medium
P07412,65,Female,82.0,76.0,78,18,100.0,37.8,99.3,3.68,No,Yes,No,Cardiac,Abnormal,9,High
P07413,60,Female,125.0,158.0,78,22,94.9,36.8,109.5,1.08,No,No,No,None,Normal,3,Low
P07414,56,Male,83.0,100.0,99,21,96.3,36.1,82.1,2.8,Yes,No,No,None,Normal,2,Low
P07415,66,Female,76.0,107.0,88,16,96.7,37.4,146.0,2.87,No,Yes,No,None,Normal,3,Low
P07416,29,Female,72.0,150.0,89,14,,38.0,109.2,2.31,No,Yes,Yes,Cardiac,Normal,5,Medium
P07417,27,Female,50.0,117.0,57,9,94.8,37.7,85.5,2.41,No,Yes,No,Diabetes,Normal,2,Low
P07418,88,Male,101.0,120.0,84,17,99.0,37.3,110.2,1.23,No,No,No,None,Abnormal,5,Medium
P07419,72,Male,,120.0,63,11,94.5,37.8,184.4,1.02,Yes,No,No,Diabetes,Normal,3,Low
P07420,18,Female,85.0,134.0,71,19,93.3,37.1,128.4,1.42,No,No,No,Diabetes,Normal,3,Low
P07421,66,Female,81.0,,81,17,100.0,37.1,158.0,2.01,No,No,No,Hypertension,Normal,2,Low
P07422,53,Female,130.0,128.0,77,16,92.4,35.8,50.5,1.56,No,Yes,No,Multiple,Abnormal,12,High
P07423,38,Male,48.0,112.0,88,23,98.7,37.2,107.1,1.2,No,No,No,Respiratory,Normal,2,Low
P07424,54,Male,67.0,134.0,90,13,95.4,38.2,75.0,1.24,Yes,No,No,Cardiac,Normal,2,Low
P07425,41,Male,82.0,133.0,91,9,92.4,35.7,94.2,1.56,Yes,No,No,None,Abnormal,6,Medium
P07426,72,Male,81.0,172.0,58,17,94.9,36.0,84.3,2.49,No,No,No,Multiple,Abnormal,5,Medium
P07427,42,Male,74.0,115.0,113,14,95.3,36.7,166.6,0.94,No,No,No,Diabetes,Normal,1,Low
P07428,24,Male,83.0,120.0,78,19,91.1,35.9,143.7,2.25,No,No,No,Diabetes,Abnormal,6,Medium
P07429,88,Female,60.0,131.0,96,13,97.3,37.5,84.8,2.22,No,No,No,None,Normal,2,Low
P07430,88,Male,92.0,149.0,40,20,97.0,35.6,96.4,1.38,No,No,No,Hypertension,Normal,4,Medium
P07431,41,Female,45.0,98.0,74,13,95.0,37.5,129.5,2.04,No,Yes,No,Multiple,Normal,5,Medium
P07432,28,Male,,128.0,56,13,97.4,37.8,,2.75,No,No,No,None,Normal,1,Low
P07433,90,Female,73.0,70.0,65,21,96.6,37.5,156.6,1.54,No,No,No,None,Normal,5,Medium
P07434,29,Male,105.0,118.0,79,18,99.9,37.0,140.4,1.18,No,No,No,None,Normal,1,Low
P07435,52,Female,120.0,152.0,73,12,92.8,37.4,187.6,1.03,No,No,No,None,Abnormal,5,Medium
P07436,80,Female,78.0,107.0,98,13,95.1,36.1,132.1,1.12,No,Yes,No,Cardiac,Normal,4,Medium
P07437,85,Female,113.0,129.0,105,16,99.0,37.2,97.2,2.43,No,Yes,No,Respiratory,Normal,5,Medium
P07438,74,Male,79.0,112.0,63,12,97.6,36.5,82.4,1.75,Yes,No,Yes,Cardiac,Normal,6,Medium
P07439,30,Male,66.0,104.0,71,17,89.1,37.7,71.8,0.52,No,No,No,None,Normal,4,Medium
P07440,40,Male,120.0,149.0,63,17,91.0,37.6,66.6,2.8,No,No,Yes,Hypertension,Abnormal,10,High
P07441,56,Female,95.0,99.0,95,13,96.0,36.4,142.0,1.66,No,Yes,No,Hypertension,Abnormal,6,Medium
P07442,29,Female,85.0,132.0,80,21,100.0,37.3,178.6,2.18,No,No,No,Diabetes,Normal,1,Low
P07443,51,Female,99.0,133.0,78,13,94.7,37.3,119.2,2.28,No,No,No,Hypertension,Abnormal,3,Low
P07444,88,Male,90.0,,83,24,97.9,36.6,188.1,,Yes,No,No,Hypertension,Abnormal,7,Medium
P07445,48,Male,,129.0,73,17,96.2,37.0,116.1,0.82,No,No,No,None,Normal,0,Low
P07446,79,Female,58.0,102.0,65,15,97.7,37.4,139.3,1.03,No,No,No,Multiple,Normal,4,Medium
P07447,30,Male,80.0,138.0,79,21,99.2,36.6,51.7,1.64,No,No,No,Hypertension,Normal,3,Low
P07448,48,Male,97.0,92.0,74,18,98.8,36.3,147.5,2.15,No,No,No,Multiple,Normal,4,Medium
P07449,19,Male,83.0,117.0,83,22,98.7,37.2,89.5,3.29,No,No,Yes,None,Normal,4,Medium
P07450,32,Male,103.0,119.0,54,8,94.2,38.2,148.2,2.52,No,No,No,Diabetes,Normal,3,Low
P07451,74,Female,93.0,153.0,81,21,95.5,36.9,166.3,0.5,Yes,No,No,None,Normal,2,Low
P07452,51,Male,67.0,129.0,68,15,97.6,36.7,127.2,1.68,No,No,No,Respiratory,Normal,1,Low
P07453,85,Male,59.0,149.0,80,18,97.4,36.4,132.3,0.5,No,No,No,Hypertension,Abnormal,5,Medium
P07454,46,Female,82.0,139.0,92,18,97.8,37.9,119.7,2.57,Yes,No,No,None,Abnormal,4,Medium
P07455,83,Female,75.0,139.0,70,25,90.7,37.7,140.6,1.64,No,Yes,No,Hypertension,Abnormal,9,High
P07456,33,Male,92.0,117.0,96,9,99.6,36.9,189.9,1.83,No,No,No,Hypertension,Normal,1,Low
P07457,56,Male,71.0,151.0,52,26,90.9,36.4,115.5,1.61,Yes,Yes,No,Respiratory,Normal,6,Medium
P07458,54,Male,73.0,116.0,101,22,93.7,36.4,121.6,1.86,Yes,Yes,Yes,None,Abnormal,9,High
P07459,38,Male,106.0,82.0,97,19,96.6,36.3,50.0,1.25,No,No,No,None,Normal,6,Medium
P07460,61,Female,88.0,120.0,65,11,95.9,36.6,131.9,1.88,No,No,No,None,Normal,1,Low
P07461,36,Female,71.0,136.0,65,10,100.0,36.6,83.8,1.04,No,No,No,None,Normal,0,Low
P07462,88,Female,85.0,85.0,56,15,92.5,36.4,107.1,2.03,No,No,No,None,Normal,7,Medium
P07463,25,Male,113.0,103.0,92,21,94.9,37.9,134.1,2.02,Yes,No,No,None,Normal,2,Low
P07464,83,Male,91.0,94.0,73,18,90.1,38.3,50.4,2.18,No,No,No,None,Normal,8,High
P07465,58,Female,97.0,145.0,72,21,96.4,36.1,133.6,1.72,No,No,No,None,Normal,0,Low
P07466,87,Male,70.0,167.0,61,11,95.4,36.5,125.0,2.63,No,No,No,Hypertension,Abnormal,6,Medium
P07467,78,Female,106.0,120.0,105,18,92.3,36.2,143.1,3.25,Yes,No,No,None,Abnormal,9,High
P07468,43,Female,131.0,138.0,63,23,99.9,37.3,89.5,0.57,No,Yes,No,Multiple,Normal,6,Medium
P07469,88,Female,69.0,138.0,78,25,99.2,36.7,159.5,0.79,No,Yes,No,None,Abnormal,6,Medium
P07470,87,Female,61.0,164.0,81,12,,36.2,127.2,1.66,No,No,No,Diabetes,Normal,3,Low
P07471,46,Female,89.0,109.0,72,16,99.4,38.3,86.6,1.44,No,No,No,None,Abnormal,2,Low
P07472,83,Female,103.0,120.0,69,16,95.7,37.4,60.2,2.18,No,Yes,No,None,Normal,4,Medium
P07473,36,Female,83.0,116.0,72,15,98.1,36.2,93.3,2.18,No,No,No,Diabetes,Normal,1,Low
P07474,85,Male,64.0,127.0,86,23,98.6,38.2,149.8,2.04,Yes,No,No,Hypertension,Normal,5,Medium
P07475,75,Female,83.0,188.0,73,32,92.8,36.1,132.8,0.5,No,No,No,Multiple,Normal,11,High
P07476,87,Female,97.0,126.0,102,12,97.3,37.5,50.0,1.96,Yes,No,No,None,Abnormal,7,Medium
P07477,74,Male,77.0,104.0,66,20,96.5,38.9,101.7,3.28,Yes,No,No,Respiratory,Abnormal,7,Medium
P07478,54,Female,97.0,96.0,89,19,92.9,36.9,120.0,2.21,Yes,No,No,None,Abnormal,7,Medium
P07479,78,Male,108.0,156.0,52,20,92.2,36.8,191.4,1.75,Yes,Yes,No,Diabetes,Normal,8,High
P07480,47,Female,90.0,104.0,66,25,97.5,37.1,166.5,2.29,Yes,Yes,No,Hypertension,Normal,4,Medium
P07481,88,Male,84.0,142.0,66,20,95.2,38.8,107.9,1.11,Yes,No,No,None,Abnormal,6,Medium
P07482,90,Male,102.0,108.0,61,8,91.6,38.2,122.2,2.13,No,Yes,No,Multiple,Normal,8,High
P07483,42,Male,68.0,93.0,82,11,97.7,36.6,60.5,1.78,No,No,No,Hypertension,Normal,3,Low
P07484,82,Female,66.0,140.0,76,13,98.8,37.2,,0.89,No,No,No,Hypertension,Normal,5,Medium
P07485,23,Male,80.0,109.0,44,14,92.5,37.7,99.1,2.0,Yes,Yes,No,None,Abnormal,6,Medium
P07486,35,Female,75.0,136.0,108,17,96.0,36.7,155.1,1.84,No,No,Yes,Diabetes,Normal,4,Medium
P07487,27,Female,69.0,137.0,81,17,100.0,36.1,122.2,2.45,No,No,No,None,Normal,0,Low
P07488,28,Female,122.0,139.0,78,9,93.3,37.9,85.0,1.91,No,Yes,No,Hypertension,Normal,6,Medium
P07489,82,Female,128.0,118.0,98,10,100.0,37.4,151.5,1.97,No,No,No,Diabetes,Abnormal,7,Medium
P07490,82,Female,78.0,142.0,93,8,95.0,37.3,186.7,1.92,No,No,No,Diabetes,Normal,3,Low
P07491,69,Female,87.0,102.0,74,10,95.8,37.9,55.4,1.91,No,No,Yes,Hypertension,Normal,7,Medium
P07492,84,Female,81.0,70.0,49,23,91.8,36.1,112.9,2.71,Yes,No,No,Cardiac,Normal,11,High
P07493,48,Male,107.0,143.0,86,17,91.9,36.8,93.7,2.37,Yes,No,No,None,Normal,4,Medium
P07494,34,Female,111.0,129.0,64,13,94.0,39.1,116.8,1.05,Yes,No,No,None,Abnormal,5,Medium
P07495,72,Female,49.0,110.0,97,8,98.7,37.5,96.8,1.7,No,Yes,No,None,Normal,2,Low
P07496,53,Male,95.0,88.0,66,13,100.0,37.5,226.7,0.67,No,Yes,Yes,None,Abnormal,9,High
P07497,43,Female,59.0,74.0,71,21,100.0,37.1,110.2,2.99,No,No,No,None,Abnormal,6,Medium
P07498,70,Male,120.0,126.0,58,20,95.6,35.5,127.0,1.24,No,No,No,Respiratory,Normal,4,Medium
P07499,34,Male,94.0,166.0,59,17,94.9,36.3,121.7,1.19,Yes,No,No,None,Normal,1,Low
P07500,42,Female,69.0,122.0,76,17,93.0,37.7,64.9,3.26,No,Yes,No,None,Abnormal,6,Medium
P07501,19,Female,80.0,116.0,75,9,99.3,36.6,123.1,1.32,Yes,No,No,Hypertension,Normal,2,Low
P07502,22,Male,79.0,124.0,71,14,93.8,36.9,56.1,1.04,Yes,No,No,Multiple,Normal,7,Medium
P07503,21,Female,96.0,179.0,109,21,95.3,37.2,187.1,2.33,Yes,No,No,Multiple,Abnormal,5,Medium
P07504,53,Male,106.0,144.0,87,15,97.5,36.2,151.1,1.79,No,No,No,Hypertension,Normal,2,Low
P07505,23,Male,62.0,102.0,78,26,97.4,36.0,91.9,1.08,No,Yes,No,Diabetes,Abnormal,5,Medium
P07506,38,Female,122.0,126.0,40,24,,37.0,108.3,2.07,No,No,Yes,Diabetes,Abnormal,9,High
P07507,43,Male,117.0,133.0,90,16,95.7,36.7,156.0,2.3,No,No,No,Respiratory,Normal,2,Low
P07508,72,Female,67.0,99.0,123,17,94.2,37.2,125.9,2.49,No,Yes,No,None,Abnormal,6,Medium
P07509,56,Female,86.0,144.0,75,29,93.5,35.9,50.0,2.0,No,Yes,Yes,None,Normal,10,High
P07510,50,Male,119.0,105.0,66,22,92.9,36.6,121.7,2.51,No,No,No,None,Abnormal,6,Medium
P07511,31,Male,110.0,87.0,80,18,91.6,37.6,158.4,2.48,No,No,No,None,Abnormal,8,High
P07512,73,Female,78.0,127.0,57,19,97.1,39.4,50.0,1.43,No,Yes,No,None,Normal,5,Medium
P07513,38,Female,101.0,123.0,85,19,95.3,37.1,120.5,3.17,Yes,No,No,None,Normal,3,Low
P07514,63,Female,145.0,125.0,101,18,92.6,37.5,81.6,2.32,Yes,Yes,No,None,Normal,7,Medium
P07515,33,Male,87.0,106.0,68,13,92.3,37.4,165.7,2.92,Yes,No,No,None,Normal,4,Medium
P07516,33,Female,72.0,109.0,68,16,92.3,37.2,96.9,1.69,No,No,No,None,Normal,2,Low
P07517,46,Male,88.0,153.0,77,11,94.2,37.5,92.8,2.48,Yes,No,No,None,Normal,1,Low
P07518,25,Male,90.0,136.0,70,22,99.4,36.2,148.1,2.02,No,No,No,Respiratory,Abnormal,3,Low
P07519,20,Male,75.0,101.0,55,17,94.0,36.7,79.1,2.58,No,Yes,No,Cardiac,Normal,3,Low
P07520,36,Female,94.0,76.0,72,22,97.7,37.2,118.4,1.46,No,Yes,No,Cardiac,Normal,5,Medium
P07521,83,Male,60.0,102.0,69,12,100.0,36.2,126.2,1.36,No,No,Yes,None,Abnormal,7,Medium
P07522,39,Female,72.0,129.0,98,25,96.5,37.3,107.2,2.79,Yes,No,No,Hypertension,Abnormal,6,Medium
P07523,63,Male,100.0,109.0,95,24,93.7,35.5,62.8,1.99,No,Yes,No,Cardiac,Normal,7,Medium
P07524,30,Female,50.0,107.0,99,10,95.7,37.6,80.1,2.59,No,Yes,No,None,Normal,2,Low
P07525,50,Female,103.0,110.0,90,15,95.9,36.9,109.8,0.67,No,Yes,No,Diabetes,Normal,3,Low
P07526,22,Male,45.0,123.0,81,16,100.0,37.6,50.0,1.16,Yes,No,No,Hypertension,Normal,4,Medium
P07527,44,Female,50.0,145.0,65,11,90.8,37.8,118.4,1.38,Yes,No,No,None,Abnormal,5,Medium
P07528,41,Male,75.0,125.0,98,17,99.3,38.1,104.5,2.84,No,No,No,Cardiac,Normal,2,Low
P07529,84,Male,91.0,127.0,83,21,90.8,37.2,137.9,2.81,No,No,Yes,Hypertension,Abnormal,11,High
P07530,80,Male,112.0,119.0,59,16,98.4,35.6,141.0,1.87,No,No,No,None,Abnormal,6,Medium
P07531,65,Male,,113.0,64,9,94.8,35.6,70.1,2.18,No,No,No,Diabetes,Abnormal,5,Medium
P07532,80,Male,80.0,147.0,59,22,100.0,36.0,94.2,1.93,No,No,No,Diabetes,Normal,3,Low
P07533,29,Male,97.0,144.0,47,14,98.0,37.6,77.9,1.0,No,No,No,Diabetes,Normal,1,Low
P07534,45,Male,68.0,176.0,84,15,97.7,35.9,93.9,1.85,Yes,No,Yes,Hypertension,Normal,6,Medium
P07535,61,Female,88.0,140.0,59,26,93.2,36.8,104.9,1.08,No,No,No,Diabetes,Abnormal,7,Medium
P07536,60,Male,61.0,113.0,67,20,100.0,36.7,159.8,1.5,Yes,Yes,Yes,None,Normal,6,Medium
P07537,34,Male,87.0,102.0,79,14,100.0,37.3,91.2,1.62,No,No,No,Hypertension,Normal,1,Low
P07538,57,Female,82.0,149.0,75,12,100.0,37.6,150.5,3.12,No,Yes,No,None,Abnormal,4,Medium
P07539,66,Female,69.0,105.0,67,23,93.0,37.1,125.4,1.93,No,No,No,None,Abnormal,6,Medium
P07540,74,Male,88.0,145.0,101,22,95.4,37.6,170.4,1.47,Yes,Yes,No,Hypertension,Normal,4,Medium
P07541,81,Male,88.0,106.0,55,15,92.4,36.1,100.9,2.29,No,Yes,No,Diabetes,Normal,6,Medium
P07542,74,Male,109.0,134.0,56,12,94.2,37.8,82.5,1.27,No,No,No,Hypertension,Normal,3,Low
P07543,87,Female,53.0,99.0,85,20,96.9,37.1,120.8,3.93,Yes,Yes,No,None,Abnormal,9,High
P07544,60,Male,83.0,144.0,69,21,98.2,37.6,50.7,2.14,No,No,No,None,Abnormal,5,Medium
P07545,40,Female,70.0,94.0,68,16,97.6,36.6,121.3,0.5,No,No,Yes,Multiple,Abnormal,9,High
P07546,44,Male,102.0,132.0,62,12,90.8,35.4,137.6,1.16,No,No,No,Hypertension,Normal,5,Medium
P07547,75,Male,100.0,120.0,83,18,95.9,37.5,158.9,3.24,No,No,No,Diabetes,Normal,4,Medium
P07548,54,Female,95.0,128.0,81,20,97.6,36.9,131.2,1.92,No,No,No,Multiple,Abnormal,4,Medium
P07549,23,Male,71.0,115.0,80,16,98.8,38.0,109.3,1.42,No,No,No,Multiple,Normal,2,Low
P07550,82,Male,103.0,115.0,69,19,97.3,37.3,192.6,2.12,Yes,No,Yes,None,Abnormal,9,High
P07551,23,Male,54.0,129.0,67,20,97.5,39.4,114.6,0.53,No,Yes,No,None,Abnormal,4,Medium
P07552,67,Female,50.0,100.0,76,24,95.3,38.0,72.7,1.02,No,No,No,Hypertension,Normal,3,Low
P07553,39,Male,59.0,100.0,92,16,96.8,36.8,113.6,0.67,No,Yes,No,Multiple,Abnormal,5,Medium
P07554,42,Male,84.0,116.0,102,12,100.0,35.7,61.2,1.51,Yes,No,No,Hypertension,Normal,3,Low
P07555,89,Female,99.0,115.0,95,18,99.6,36.3,65.6,3.09,No,No,No,Multiple,Normal,5,Medium
P07556,68,Female,45.0,100.0,86,26,97.1,36.2,124.7,2.28,No,No,No,Cardiac,Normal,3,Low
P07557,65,Male,111.0,148.0,93,9,98.2,36.6,62.0,2.18,Yes,Yes,No,None,Abnormal,6,Medium
P07558,87,Male,88.0,,60,8,96.2,36.9,90.3,1.27,No,No,No,Diabetes,Normal,3,Low
P07559,82,Female,54.0,119.0,67,17,96.2,37.3,68.3,2.42,No,Yes,No,Multiple,Normal,5,Medium
P07560,77,Male,87.0,92.0,86,16,98.9,38.1,120.6,1.18,No,No,No,None,Abnormal,6,Medium
P07561,63,Male,107.0,177.0,76,17,94.2,36.3,86.5,1.64,Yes,No,No,Multiple,Normal,5,Medium
P07562,53,Female,97.0,186.0,83,17,95.6,35.9,136.3,2.4,No,Yes,No,None,Abnormal,6,Medium
P07563,75,Male,107.0,105.0,93,23,91.9,37.7,133.1,1.74,No,Yes,No,Multiple,Normal,9,High
P07564,55,Male,58.0,156.0,90,18,98.3,38.1,62.8,,No,No,No,Hypertension,Normal,2,Low
P07565,28,Female,77.0,123.0,62,22,99.2,36.6,151.8,1.64,No,No,No,Diabetes,Abnormal,3,Low
P07566,29,Male,67.0,165.0,78,8,97.8,37.8,108.1,2.89,Yes,No,No,Multiple,Abnormal,6,Medium
P07567,59,Male,119.0,133.0,64,15,95.3,37.6,66.0,2.13,Yes,No,No,None,Normal,2,Low
P07568,56,Male,98.0,127.0,66,14,95.9,35.6,129.9,1.09,No,No,No,Cardiac,Normal,2,Low
P07569,88,Female,142.0,70.0,52,8,96.4,36.5,185.4,1.37,Yes,No,Yes,Hypertension,Abnormal,14,High
P07570,28,Male,76.0,103.0,80,19,99.3,36.6,107.1,1.62,No,No,No,Diabetes,Abnormal,3,Low
P07571,53,Female,71.0,126.0,51,17,99.1,38.6,50.0,2.57,No,No,No,Hypertension,Abnormal,7,Medium
P07572,69,Female,82.0,130.0,84,16,91.7,37.4,151.9,3.27,No,Yes,No,Cardiac,Normal,6,Medium
P07573,48,Male,,95.0,98,17,93.4,36.6,178.0,0.61,No,No,No,None,Abnormal,7,Medium
P07574,50,Female,78.0,107.0,86,19,97.3,36.4,71.8,1.49,No,No,No,None,Abnormal,2,Low
P07575,30,Male,87.0,139.0,79,23,92.0,35.7,83.2,2.78,No,Yes,No,Diabetes,Abnormal,9,High
P07576,35,Male,87.0,90.0,101,21,98.8,37.9,116.4,1.76,No,No,No,Cardiac,Normal,3,Low
P07577,58,Male,86.0,128.0,83,20,95.2,37.3,50.0,1.68,No,No,No,Multiple,Normal,4,Medium
P07578,75,Female,72.0,156.0,65,30,98.1,37.5,198.3,2.26,No,Yes,No,Multiple,Abnormal,8,High
P07579,73,Male,82.0,135.0,80,14,96.1,36.0,113.0,0.72,No,No,No,Diabetes,Abnormal,4,Medium
P07580,41,Male,81.0,133.0,107,11,95.7,37.6,116.7,2.29,Yes,No,No,Diabetes,Normal,2,Low
P07581,90,Male,85.0,74.0,62,24,92.7,36.8,129.3,2.05,No,No,No,Multiple,Normal,10,High
P07582,48,Female,104.0,104.0,57,27,94.4,36.4,104.7,1.96,Yes,No,No,None,Abnormal,5,Medium
P07583,72,Female,120.0,176.0,87,15,95.7,37.4,94.4,2.66,No,Yes,Yes,Cardiac,Normal,8,High
P07584,27,Male,68.0,110.0,75,25,95.6,36.0,77.3,1.74,No,Yes,No,Hypertension,Abnormal,5,Medium
P07585,77,Male,77.0,157.0,70,15,98.2,37.1,,1.83,No,Yes,No,None,Abnormal,5,Medium
P07586,19,Male,68.0,110.0,59,21,94.1,36.8,131.3,1.94,No,No,No,Respiratory,Abnormal,3,Low
P07587,32,Male,89.0,118.0,49,21,95.9,37.9,169.1,0.5,Yes,No,No,None,Normal,1,Low
P07588,20,Female,74.0,138.0,56,15,100.0,37.7,153.0,2.64,No,No,No,None,Abnormal,3,Low
P07589,60,Female,90.0,128.0,102,27,98.5,37.1,103.4,2.27,Yes,No,No,Hypertension,Normal,4,Medium
P07590,48,Female,107.0,135.0,78,28,96.3,37.2,107.3,2.23,No,Yes,No,None,Normal,3,Low
P07591,87,Female,45.0,105.0,49,13,91.6,37.5,179.7,2.07,No,No,No,None,Normal,4,Medium
P07592,84,Female,95.0,97.0,96,19,91.9,37.0,83.1,2.89,No,No,No,Cardiac,Abnormal,10,High
P07593,73,Female,76.0,103.0,97,23,97.9,36.3,50.0,1.97,No,No,No,None,Normal,4,Medium
P07594,80,Female,94.0,112.0,96,9,98.2,36.6,125.1,1.63,No,No,No,Multiple,Normal,4,Medium
P07595,32,Male,67.0,119.0,72,18,90.2,36.0,149.1,0.5,Yes,No,No,Multiple,Normal,5,Medium
P07596,27,Male,109.0,151.0,74,10,98.1,37.7,50.0,0.78,No,No,No,Diabetes,Normal,4,Medium
P07597,55,Male,103.0,127.0,80,21,94.3,37.3,130.9,1.56,No,Yes,No,Cardiac,Abnormal,5,Medium
P07598,64,Male,96.0,137.0,99,18,,36.7,69.9,1.88,No,No,No,Respiratory,Abnormal,4,Medium
P07599,74,Male,101.0,129.0,70,16,98.7,36.4,58.3,1.33,Yes,No,No,Hypertension,Abnormal,8,High
P07600,67,Male,70.0,97.0,67,10,98.2,37.2,103.4,1.62,Yes,No,No,Respiratory,Normal,5,Medium
P07601,88,Female,73.0,125.0,88,15,95.7,35.9,68.8,1.08,No,Yes,No,Respiratory,Normal,5,Medium
P07602,32,Male,100.0,128.0,96,21,98.1,36.1,50.0,2.56,No,No,No,Multiple,Abnormal,7,Medium
P07603,35,Female,70.0,144.0,77,18,94.9,37.0,119.3,1.57,No,No,No,None,Abnormal,2,Low
P07604,19,Male,114.0,98.0,88,24,93.6,39.0,113.2,2.74,Yes,Yes,No,Respiratory,Normal,11,High
P07605,60,Female,79.0,74.0,80,24,99.8,37.4,50.0,1.59,No,No,No,Hypertension,Abnormal,10,High
P07606,43,Female,95.0,129.0,74,23,100.0,37.1,58.7,2.09,Yes,Yes,No,None,Normal,5,Medium
P07607,88,Male,127.0,134.0,66,15,94.1,36.1,133.6,2.17,No,Yes,No,None,Normal,5,Medium
P07608,55,Male,71.0,121.0,61,19,94.4,36.3,136.1,1.93,No,Yes,No,Respiratory,Normal,2,Low
P07609,59,Male,86.0,126.0,69,13,98.7,38.1,50.0,0.92,No,No,Yes,Diabetes,Normal,6,Medium
P07610,22,Male,106.0,147.0,63,12,93.9,36.6,64.5,1.53,Yes,No,No,Respiratory,Abnormal,7,Medium
P07611,28,Male,104.0,114.0,82,24,98.4,37.1,111.7,0.5,No,No,No,Hypertension,Normal,3,Low
P07612,82,Female,78.0,118.0,96,12,92.9,37.5,131.9,3.11,No,No,Yes,None,Abnormal,10,High
P07613,51,Male,75.0,127.0,81,12,95.1,36.7,131.4,0.5,Yes,Yes,No,Respiratory,Normal,3,Low
P07614,18,Female,80.0,95.0,64,19,98.9,36.6,139.1,2.47,No,No,No,Multiple,Normal,4,Medium
P07615,19,Female,114.0,121.0,91,17,93.1,35.6,86.2,1.89,Yes,Yes,No,Diabetes,Normal,7,Medium
P07616,37,Female,79.0,123.0,82,17,94.2,36.0,122.1,0.5,No,No,No,Diabetes,Normal,1,Low
P07617,78,Male,87.0,166.0,85,30,97.1,37.5,99.2,2.01,No,No,No,Multiple,Normal,5,Medium
P07618,38,Male,76.0,118.0,70,13,90.6,36.6,92.6,0.91,No,No,No,None,Normal,2,Low
P07619,85,Male,99.0,130.0,95,20,96.2,37.5,54.5,2.15,No,Yes,No,Hypertension,Abnormal,8,High
P07620,29,Male,88.0,148.0,95,18,99.5,35.7,126.9,1.75,No,No,No,None,Normal,1,Low
P07621,39,Male,65.0,104.0,75,23,98.6,37.6,50.0,1.98,Yes,No,No,Multiple,Normal,6,Medium
P07622,37,Male,66.0,159.0,89,14,95.9,37.0,68.2,1.5,No,No,No,None,Normal,0,Low
P07623,18,Female,45.0,169.0,95,17,96.1,35.8,142.5,2.86,No,Yes,No,None,Normal,3,Low
P07624,47,Male,68.0,124.0,71,19,100.0,37.9,108.4,0.99,Yes,No,No,None,Normal,1,Low
P07625,41,Female,101.0,112.0,77,11,100.0,35.9,157.1,1.26,Yes,No,No,None,Abnormal,5,Medium
P07626,31,Female,111.0,166.0,79,9,95.7,37.9,101.5,1.66,Yes,Yes,No,Cardiac,Abnormal,6,Medium
P07627,53,Male,99.0,145.0,62,18,94.1,37.0,92.8,1.72,No,No,No,Diabetes,Normal,1,Low
P07628,86,Male,,127.0,85,25,98.6,36.3,160.9,0.89,Yes,No,No,Diabetes,Abnormal,7,Medium
P07629,41,Male,82.0,161.0,93,16,99.4,38.5,99.0,0.5,No,Yes,No,Multiple,Abnormal,5,Medium
P07630,77,Male,100.0,158.0,76,17,100.0,37.3,126.2,2.08,Yes,No,No,None,Abnormal,5,Medium
P07631,72,Male,91.0,117.0,83,24,97.8,38.0,108.5,2.06,Yes,No,No,None,Normal,3,Low
P07632,41,Male,121.0,131.0,99,17,94.9,37.3,119.8,3.16,No,No,No,Hypertension,Normal,4,Medium
P07633,41,Female,83.0,139.0,72,22,91.0,36.8,106.1,2.8,No,Yes,No,Diabetes,Abnormal,7,Medium
P07634,71,Female,112.0,126.0,83,31,100.0,36.3,150.1,1.85,No,Yes,No,None,Normal,6,Medium
P07635,43,Female,102.0,90.0,69,15,100.0,36.9,117.7,1.26,Yes,No,No,Diabetes,Normal,5,Medium
P07636,83,Female,100.0,102.0,69,17,93.7,37.1,101.7,2.7,Yes,Yes,Yes,None,Normal,10,High
P07637,55,Female,45.0,91.0,83,20,96.6,37.7,125.2,1.12,No,Yes,No,Multiple,Normal,5,Medium
P07638,82,Female,104.0,137.0,82,25,95.3,36.7,53.1,2.51,No,No,No,Multiple,Normal,9,High
P07639,68,Male,82.0,95.0,86,17,96.2,37.4,155.5,0.65,No,No,Yes,Hypertension,Normal,7,Medium
P07640,52,Male,76.0,130.0,79,22,94.8,38.3,54.7,3.37,No,Yes,No,Diabetes,Normal,5,Medium
P07641,60,Male,55.0,171.0,85,20,98.1,37.1,88.5,,No,Yes,No,None,Normal,2,Low
P07642,46,Female,85.0,161.0,103,18,92.6,35.4,96.9,1.01,No,Yes,No,Cardiac,Normal,5,Medium
P07643,54,Female,86.0,79.0,94,16,94.8,37.0,125.0,0.5,No,Yes,No,None,Normal,4,Medium
P07644,75,Female,59.0,93.0,83,15,98.6,36.9,179.8,1.48,No,Yes,No,Cardiac,Abnormal,8,High
P07645,71,Male,56.0,106.0,86,33,90.1,36.9,156.3,2.15,No,No,No,Diabetes,Normal,7,Medium
P07646,56,Male,,96.0,74,10,96.9,35.7,56.1,1.32,No,No,No,Hypertension,Normal,6,Medium
P07647,59,Male,102.0,84.0,76,11,94.4,37.2,79.6,1.09,No,No,No,Cardiac,Abnormal,7,Medium
P07648,45,Female,89.0,125.0,85,19,100.0,36.6,59.0,0.64,No,No,No,Cardiac,Abnormal,5,Medium
P07649,46,Female,108.0,143.0,79,19,97.0,36.9,63.0,2.02,No,No,No,Cardiac,Normal,2,Low
P07650,60,Female,83.0,149.0,90,20,93.6,37.8,91.4,2.36,No,No,No,None,Normal,3,Low
P07651,20,Male,84.0,113.0,97,14,100.0,36.4,167.4,1.93,Yes,Yes,No,None,Abnormal,4,Medium
P07652,27,Female,67.0,118.0,76,13,96.1,36.9,105.2,2.35,Yes,No,No,None,Normal,1,Low
P07653,76,Male,54.0,134.0,48,17,96.4,36.8,110.4,0.83,No,No,No,None,Abnormal,4,Medium
P07654,31,Male,122.0,122.0,109,23,98.7,36.9,124.2,1.29,No,No,No,Respiratory,Normal,4,Medium
P07655,64,Male,108.0,145.0,68,13,94.2,36.6,77.4,1.64,No,Yes,No,None,Normal,3,Low
P07656,59,Male,57.0,136.0,81,19,100.0,36.7,112.2,2.82,Yes,Yes,No,Hypertension,Abnormal,6,Medium
P07657,49,Male,88.0,116.0,89,15,97.7,38.3,124.9,2.82,No,No,No,Multiple,Abnormal,5,Medium
P07658,49,Male,83.0,79.0,99,10,94.1,36.7,213.4,2.43,No,No,No,Multiple,Normal,5,Medium
P07659,59,Male,80.0,162.0,105,12,94.7,37.2,152.0,2.41,Yes,No,No,Multiple,Abnormal,5,Medium
P07660,49,Female,77.0,108.0,73,23,92.2,37.1,180.8,1.17,Yes,Yes,Yes,Hypertension,Normal,9,High
P07661,43,Male,93.0,134.0,96,15,96.9,37.1,116.2,1.88,No,No,Yes,Hypertension,Abnormal,6,Medium
P07662,18,Female,101.0,77.0,81,24,95.5,37.4,136.1,0.5,Yes,No,No,None,Normal,6,Medium
P07663,73,Male,93.0,125.0,119,18,96.9,36.5,125.5,2.41,Yes,No,No,None,Normal,2,Low
P07664,19,Male,83.0,128.0,95,11,90.9,38.1,50.0,1.6,No,No,No,None,Abnormal,6,Medium
P07665,47,Male,82.0,129.0,75,20,94.4,36.3,50.0,3.43,No,No,No,Hypertension,Normal,4,Medium
P07666,88,Female,104.0,,66,14,93.1,36.9,70.0,2.01,Yes,Yes,No,Hypertension,Normal,10,High
P07667,69,Male,94.0,109.0,40,16,97.5,36.1,164.7,1.2,No,Yes,No,None,Abnormal,4,Medium
P07668,26,Male,86.0,146.0,88,24,94.2,37.7,99.2,1.58,Yes,No,No,None,Abnormal,4,Medium
P07669,39,Female,84.0,138.0,93,12,97.4,36.3,146.1,1.3,No,Yes,No,Cardiac,Normal,2,Low
P07670,51,Female,92.0,108.0,89,16,94.4,37.6,167.2,1.33,Yes,No,No,None,Abnormal,3,Low
P07671,66,Female,76.0,145.0,43,13,100.0,37.2,63.7,1.78,No,No,No,Hypertension,Normal,2,Low
P07672,18,Female,101.0,121.0,59,12,96.2,37.1,174.0,1.01,Yes,Yes,No,None,Normal,3,Low
P07673,90,Male,63.0,147.0,85,16,98.7,37.9,68.5,1.75,No,No,No,Hypertension,Abnormal,5,Medium
P07674,70,Male,77.0,174.0,105,14,95.7,36.5,106.7,0.5,Yes,No,No,Hypertension,Abnormal,5,Medium
P07675,57,Female,97.0,129.0,77,17,98.8,38.2,71.8,1.93,No,No,No,Multiple,Normal,2,Low
P07676,62,Male,62.0,118.0,94,21,93.7,36.7,124.5,1.19,No,No,No,None,Normal,3,Low
P07677,85,Female,54.0,151.0,62,14,95.9,37.3,108.5,0.72,Yes,No,No,Cardiac,Normal,4,Medium
P07678,26,Female,86.0,160.0,81,11,94.6,36.8,146.9,2.38,No,No,No,Cardiac,Abnormal,3,Low
P07679,39,Female,51.0,103.0,74,21,100.0,37.5,155.0,0.5,No,No,No,None,Normal,0,Low
P07680,35,Male,59.0,114.0,96,14,92.4,36.2,178.2,2.3,Yes,No,No,Diabetes,Normal,4,Medium
P07681,60,Female,100.0,142.0,70,27,100.0,37.1,145.1,2.18,Yes,No,No,Cardiac,Abnormal,6,Medium
P07682,56,Male,81.0,122.0,103,16,91.9,37.0,147.6,1.09,Yes,No,No,Cardiac,Normal,4,Medium
P07683,90,Male,111.0,101.0,73,17,98.2,37.3,97.1,1.58,No,No,No,Hypertension,Normal,4,Medium
P07684,23,Male,61.0,,62,8,94.1,37.3,107.9,2.01,No,No,No,Cardiac,Normal,1,Low
P07685,65,Female,83.0,142.0,62,12,96.8,36.3,127.6,1.99,Yes,No,No,Hypertension,Normal,3,Low
P07686,24,Male,93.0,117.0,69,8,,38.0,65.4,2.53,Yes,No,No,None,Normal,2,Low
P07687,86,Female,62.0,127.0,84,19,93.5,37.0,159.9,2.39,No,No,No,Cardiac,Normal,5,Medium
P07688,33,Male,106.0,111.0,69,18,96.2,37.6,109.6,2.63,Yes,No,No,None,Normal,3,Low
P07689,18,Male,95.0,98.0,66,21,94.7,36.0,122.8,,Yes,Yes,No,Multiple,Normal,7,Medium
P07690,54,Male,53.0,113.0,91,22,97.7,36.7,54.3,1.89,No,No,No,Respiratory,Normal,3,Low
P07691,54,Female,84.0,127.0,40,23,93.0,37.9,100.5,1.57,No,No,Yes,Cardiac,Normal,7,Medium
P07692,81,Female,93.0,88.0,72,17,97.4,38.3,149.5,1.7,No,No,No,Respiratory,Normal,6,Medium
P07693,79,Female,73.0,114.0,58,18,98.6,37.3,131.8,1.53,Yes,No,No,Diabetes,Abnormal,6,Medium
P07694,89,Female,55.0,127.0,65,21,95.7,36.9,148.2,2.96,No,No,No,None,Normal,3,Low
P07695,78,Male,91.0,155.0,82,14,92.0,36.2,101.5,1.19,No,No,Yes,Diabetes,Normal,8,High
P07696,50,Male,129.0,117.0,75,13,100.0,37.6,120.2,2.71,Yes,Yes,No,None,Normal,5,Medium
P07697,83,Female,77.0,94.0,74,26,97.4,37.2,110.8,1.41,Yes,No,No,None,Abnormal,8,High
P07698,47,Female,116.0,120.0,96,9,93.8,35.1,141.6,,No,No,No,None,Normal,5,Medium
P07699,37,Female,70.0,111.0,78,21,97.5,35.6,125.4,2.38,Yes,No,No,Hypertension,Normal,3,Low
P07700,77,Female,89.0,139.0,105,20,91.0,37.3,99.7,1.77,No,No,No,None,Abnormal,6,Medium
P07701,41,Male,100.0,117.0,89,12,99.5,36.3,50.0,2.01,No,No,No,None,Normal,2,Low
P07702,21,Female,85.0,70.0,63,15,100.0,36.2,121.8,0.91,No,No,No,None,Normal,3,Low
P07703,54,Female,79.0,210.0,107,16,98.5,36.9,50.0,2.26,No,No,No,None,Abnormal,6,Medium
P07704,21,Male,100.0,129.0,82,19,93.0,37.3,,,No,Yes,No,Multiple,Abnormal,8,High
P07705,35,Female,123.0,127.0,106,20,90.0,38.1,148.3,2.87,No,No,No,Respiratory,Normal,6,Medium
P07706,83,Male,91.0,86.0,74,18,100.0,36.3,50.0,1.54,No,Yes,No,Hypertension,Normal,9,High
P07707,65,Female,75.0,88.0,82,19,95.6,37.3,127.0,3.56,No,Yes,No,Respiratory,Normal,7,Medium
P07708,50,Male,,123.0,84,21,94.8,36.2,126.0,1.55,No,Yes,No,Cardiac,Normal,2,Low
P07709,75,Female,135.0,133.0,75,21,99.5,36.6,130.0,1.44,No,No,No,None,Normal,4,Medium
P07710,90,Female,88.0,143.0,97,26,94.2,37.2,65.7,1.67,No,No,No,Respiratory,Normal,4,Medium
P07711,45,Female,73.0,131.0,107,23,98.3,36.9,134.1,1.67,No,No,No,Diabetes,Abnormal,4,Medium
P07712,52,Female,62.0,95.0,44,18,96.1,35.9,64.6,,Yes,Yes,No,Hypertension,Normal,6,Medium
P07713,27,Female,48.0,70.0,90,21,96.7,37.4,142.6,0.89,No,No,No,Multiple,Normal,5,Medium
P07714,82,Male,92.0,122.0,65,20,100.0,37.6,132.4,0.82,No,Yes,No,Multiple,Abnormal,7,Medium
P07715,59,Female,98.0,112.0,40,19,94.5,38.9,101.8,1.99,No,No,No,None,Normal,1,Low
P07716,26,Male,77.0,93.0,86,14,94.3,37.2,132.0,3.0,No,No,No,Diabetes,Normal,4,Medium
P07717,77,Male,85.0,146.0,86,19,95.4,37.1,77.1,1.27,No,No,No,None,Abnormal,4,Medium
P07718,32,Male,62.0,86.0,88,8,92.4,37.2,,1.7,No,No,No,Diabetes,Normal,6,Medium
P07719,74,Male,88.0,140.0,84,23,98.8,35.9,161.6,1.15,Yes,Yes,No,None,Normal,5,Medium
P07720,86,Female,95.0,90.0,91,20,98.4,36.0,160.0,2.33,No,No,No,None,Abnormal,6,Medium
P07721,39,Female,74.0,128.0,69,17,96.0,36.9,71.1,2.01,No,No,No,None,Abnormal,2,Low
P07722,81,Female,119.0,148.0,82,16,93.2,35.2,90.2,2.54,No,Yes,No,Hypertension,Abnormal,11,High
P07723,58,Female,68.0,117.0,88,21,87.8,36.1,92.8,1.0,No,No,No,Diabetes,Normal,5,Medium
P07724,88,Male,91.0,167.0,98,27,93.5,36.6,117.5,1.77,No,No,No,None,Abnormal,7,Medium
P07725,73,Male,102.0,173.0,79,20,95.3,37.8,109.6,1.61,No,Yes,Yes,None,Normal,6,Medium
P07726,40,Male,83.0,131.0,75,28,90.3,37.2,166.7,1.66,No,No,No,Respiratory,Normal,4,Medium
P07727,42,Female,81.0,139.0,77,22,100.0,35.8,,2.6,Yes,Yes,No,None,Normal,4,Medium
P07728,23,Female,56.0,152.0,60,14,97.2,37.0,187.1,1.34,Yes,No,No,Respiratory,Normal,2,Low
P07729,51,Female,112.0,139.0,90,20,97.6,37.5,201.4,1.44,No,No,No,Diabetes,Normal,2,Low
P07730,80,Female,82.0,136.0,56,20,95.6,37.6,,1.17,No,No,No,Multiple,Normal,6,Medium
P07731,26,Male,96.0,112.0,84,14,98.2,37.8,107.4,3.53,Yes,No,No,Multiple,Normal,4,Medium
P07732,77,Female,98.0,83.0,79,16,95.1,38.0,87.2,1.04,No,Yes,No,Hypertension,Normal,7,Medium
P07733,66,Female,72.0,90.0,55,16,95.5,37.5,79.1,2.28,No,No,No,Hypertension,Abnormal,6,Medium
P07734,68,Male,81.0,185.0,56,19,,37.4,171.4,0.7,Yes,No,No,Diabetes,Normal,5,Medium
P07735,77,Male,112.0,133.0,65,17,99.3,37.2,131.8,2.17,Yes,Yes,No,Multiple,Abnormal,9,High
P07736,87,Female,63.0,119.0,73,19,96.0,37.7,51.4,0.88,Yes,No,No,None,Normal,5,Medium
P07737,54,Female,128.0,157.0,100,20,100.0,36.4,218.7,1.92,No,No,Yes,Hypertension,Abnormal,8,High
P07738,48,Male,70.0,106.0,76,24,95.8,36.8,50.0,2.05,Yes,No,Yes,Hypertension,Normal,8,High
P07739,58,Female,61.0,140.0,86,21,94.5,36.4,,1.74,No,Yes,No,Multiple,Abnormal,5,Medium
P07740,79,Male,88.0,127.0,97,14,96.4,37.3,118.5,2.36,Yes,No,No,Diabetes,Normal,4,Medium
P07741,75,Male,129.0,137.0,94,29,96.9,36.8,69.7,2.17,Yes,No,No,None,Normal,6,Medium
P07742,31,Female,47.0,117.0,78,15,92.4,37.8,137.0,1.25,Yes,No,No,Diabetes,Abnormal,6,Medium
P07743,53,Male,82.0,101.0,67,16,97.5,37.0,90.3,2.19,No,No,No,Cardiac,Normal,1,Low
P07744,53,Female,95.0,104.0,85,21,100.0,37.9,147.9,1.98,No,Yes,No,None,Abnormal,3,Low
P07745,25,Female,86.0,105.0,68,32,98.9,35.3,131.0,2.57,No,No,No,Diabetes,Normal,6,Medium
P07746,43,Female,93.0,125.0,105,20,98.0,36.4,50.0,0.64,Yes,Yes,No,None,Normal,4,Medium
P07747,53,Female,71.0,86.0,91,15,97.4,37.8,,1.89,Yes,No,No,Hypertension,Normal,7,Medium
P07748,65,Male,,94.0,81,10,93.0,37.0,148.9,1.88,Yes,Yes,No,Diabetes,Normal,8,High
P07749,45,Female,82.0,128.0,86,9,93.0,37.8,131.2,1.5,No,No,No,Diabetes,Abnormal,5,Medium
P07750,85,Female,62.0,122.0,81,18,96.5,37.2,74.0,2.65,No,No,No,None,Normal,3,Low
P07751,79,Male,,130.0,72,21,94.7,36.3,88.2,1.23,No,No,No,Cardiac,Normal,3,Low
P07752,68,Female,77.0,124.0,85,11,91.7,38.4,111.5,2.37,No,No,No,Multiple,Normal,5,Medium
P07753,59,Female,76.0,188.0,74,19,94.9,36.5,50.0,1.22,No,No,No,None,Normal,4,Medium
P07754,46,Female,91.0,128.0,107,11,97.4,36.4,205.9,2.86,No,No,No,Multiple,Normal,3,Low
P07755,27,Female,49.0,116.0,68,13,97.7,37.7,75.8,2.12,No,Yes,No,None,Normal,1,Low
P07756,56,Male,80.0,128.0,86,21,93.5,36.3,116.2,0.55,No,No,No,None,Normal,2,Low
P07757,18,Male,131.0,150.0,66,14,95.9,36.0,181.8,2.71,No,No,No,None,Normal,3,Low
P07758,56,Female,63.0,124.0,66,25,97.2,36.4,107.6,2.25,No,No,No,Cardiac,Normal,2,Low
P07759,38,Male,111.0,142.0,51,15,92.2,37.7,127.9,1.87,Yes,No,No,None,Normal,4,Medium
P07760,82,Male,86.0,135.0,84,24,93.7,38.7,76.7,1.29,No,No,No,Hypertension,Abnormal,9,High
P07761,32,Male,73.0,118.0,70,29,96.0,37.0,93.1,1.12,No,No,No,Multiple,Abnormal,5,Medium
P07762,21,Male,59.0,128.0,94,14,93.3,36.4,78.0,2.2,No,No,No,Multiple,Abnormal,6,Medium
P07763,77,Female,88.0,165.0,84,30,95.0,38.0,166.2,0.57,No,No,No,Multiple,Abnormal,7,Medium
P07764,78,Male,114.0,131.0,80,18,100.0,36.5,88.3,1.26,Yes,No,No,Respiratory,Normal,5,Medium
P07765,37,Female,77.0,100.0,57,15,91.5,36.6,85.3,2.36,No,No,No,None,Normal,2,Low
P07766,27,Female,83.0,117.0,87,17,100.0,37.3,80.5,0.67,Yes,Yes,No,None,Normal,2,Low
P07767,51,Male,105.0,72.0,68,16,97.0,37.9,130.3,0.71,No,Yes,No,None,Abnormal,7,Medium
P07768,65,Female,92.0,128.0,57,25,92.3,37.1,138.3,2.22,No,No,No,None,Normal,4,Medium
P07769,50,Male,54.0,158.0,84,25,98.0,36.7,50.0,1.59,No,No,No,Multiple,Normal,5,Medium
P07770,78,Female,,91.0,59,25,96.1,38.9,117.7,3.13,No,No,No,Hypertension,Normal,8,High
P07771,27,Female,115.0,129.0,47,12,99.6,36.5,127.1,1.56,No,No,No,None,Normal,1,Low
P07772,71,Male,84.0,150.0,97,19,98.0,36.6,171.2,0.56,No,No,Yes,None,Normal,4,Medium
P07773,82,Female,45.0,152.0,70,10,96.6,36.7,66.0,2.71,No,No,No,Hypertension,Normal,4,Medium
P07774,18,Male,93.0,157.0,52,23,95.1,37.4,70.2,0.74,No,Yes,Yes,Multiple,Abnormal,9,High
P07775,22,Female,81.0,78.0,64,16,99.5,36.6,140.7,0.99,No,No,Yes,Multiple,Normal,8,High
P07776,32,Female,48.0,138.0,67,21,94.8,37.7,112.6,1.53,No,No,No,Hypertension,Abnormal,3,Low
P07777,45,Male,51.0,87.0,95,15,91.8,37.0,170.1,1.93,No,No,No,Respiratory,Abnormal,8,High
P07778,40,Male,105.0,100.0,53,9,90.3,36.7,159.1,2.1,No,No,No,None,Abnormal,5,Medium
P07779,34,Male,70.0,146.0,58,22,92.3,36.6,126.2,2.57,Yes,No,No,Multiple,Normal,6,Medium
P07780,30,Female,67.0,129.0,93,23,98.4,37.0,112.3,0.5,Yes,No,No,Hypertension,Abnormal,5,Medium
P07781,31,Male,84.0,143.0,71,19,94.9,37.4,108.7,1.05,No,No,No,Diabetes,Abnormal,3,Low
P07782,28,Male,72.0,102.0,81,8,93.7,37.0,113.8,,No,No,No,Diabetes,Normal,4,Medium
P07783,45,Male,87.0,162.0,71,22,94.7,37.2,117.4,1.08,No,Yes,Yes,Respiratory,Normal,5,Medium
P07784,59,Male,81.0,142.0,108,14,98.5,36.4,,1.76,No,No,No,Multiple,Abnormal,4,Medium
P07785,78,Female,61.0,147.0,59,21,97.9,36.4,50.0,2.88,No,No,No,Multiple,Normal,7,Medium
P07786,81,Female,75.0,98.0,82,16,96.5,37.0,98.2,1.66,No,No,Yes,Hypertension,Normal,8,High
P07787,48,Female,94.0,154.0,101,16,94.2,37.1,123.2,1.59,No,No,Yes,Hypertension,Normal,4,Medium
P07788,90,Female,86.0,117.0,72,20,94.8,37.0,90.9,1.67,No,No,No,None,Normal,2,Low
P07789,27,Female,83.0,110.0,67,14,95.6,36.5,103.6,2.83,No,Yes,Yes,Cardiac,Normal,6,Medium
P07790,25,Female,124.0,141.0,90,17,93.3,37.1,97.4,0.52,No,No,Yes,None,Normal,7,Medium
P07791,38,Male,100.0,,93,21,95.7,37.0,167.1,3.23,No,No,No,Multiple,Normal,3,Low
P07792,76,Female,102.0,104.0,66,29,93.2,36.9,98.1,1.62,No,No,No,Multiple,Normal,8,High
P07793,67,Male,82.0,176.0,100,18,97.1,36.5,86.2,1.53,No,No,No,Hypertension,Normal,2,Low
P07794,86,Male,89.0,170.0,79,22,97.4,37.4,146.2,1.15,Yes,Yes,No,Diabetes,Abnormal,7,Medium
P07795,87,Male,76.0,140.0,86,12,99.4,37.0,93.6,0.89,Yes,No,No,Respiratory,Abnormal,6,Medium
P07796,47,Male,101.0,136.0,100,26,96.8,36.4,108.3,0.5,Yes,Yes,No,Hypertension,Abnormal,7,Medium
P07797,34,Female,83.0,133.0,90,14,96.7,36.9,70.7,2.77,Yes,No,Yes,Multiple,Normal,7,Medium
P07798,37,Female,89.0,86.0,78,17,93.5,36.5,98.8,0.5,No,No,No,Diabetes,Normal,6,Medium
P07799,65,Female,88.0,128.0,68,21,95.9,37.0,113.6,1.76,No,Yes,No,Respiratory,Normal,3,Low
P07800,90,Male,85.0,127.0,119,14,92.9,38.1,64.4,1.45,No,Yes,No,None,Normal,5,Medium
P07801,19,Female,144.0,111.0,66,23,90.9,37.1,111.0,2.03,No,No,No,None,Abnormal,7,Medium
P07802,54,Female,72.0,117.0,83,15,95.2,37.2,,0.5,No,No,No,Respiratory,Normal,1,Low
P07803,18,Female,71.0,,86,22,94.5,38.1,50.0,1.14,No,Yes,No,Cardiac,Normal,7,Medium
P07804,21,Female,99.0,98.0,86,23,97.8,37.2,88.9,2.18,Yes,Yes,No,Diabetes,Normal,6,Medium
P07805,71,Female,73.0,148.0,110,21,93.1,37.3,217.2,1.95,Yes,No,No,None,Abnormal,6,Medium
P07806,42,Female,79.0,168.0,79,22,100.0,37.1,106.8,1.27,No,No,No,None,Abnormal,2,Low
P07807,20,Male,63.0,101.0,77,31,94.6,36.7,160.6,1.88,No,No,No,None,Abnormal,5,Medium
P07808,26,Male,95.0,130.0,101,20,95.8,37.4,113.9,3.18,No,No,No,Hypertension,Normal,2,Low
P07809,51,Female,95.0,152.0,76,19,94.3,38.4,101.8,2.67,No,No,Yes,Diabetes,Normal,5,Medium
P07810,60,Male,79.0,112.0,91,20,98.3,35.9,152.3,2.58,Yes,No,No,Respiratory,Normal,5,Medium
P07811,39,Male,99.0,142.0,81,24,95.4,36.6,162.9,2.24,No,No,No,None,Abnormal,3,Low
P07812,87,Female,48.0,124.0,92,30,93.1,36.3,79.3,1.95,Yes,Yes,Yes,None,Abnormal,12,High
P07813,19,Male,71.0,155.0,89,17,90.5,36.4,71.1,1.25,Yes,Yes,No,Cardiac,Normal,5,Medium
P07814,83,Female,82.0,93.0,72,13,97.7,38.0,60.3,1.84,No,No,No,Hypertension,Abnormal,7,Medium
P07815,49,Male,62.0,97.0,50,24,97.9,36.9,79.9,,No,No,No,Diabetes,Abnormal,7,Medium
P07816,33,Female,50.0,132.0,53,11,97.0,37.6,160.4,2.54,No,No,No,Multiple,Normal,3,Low
P07817,18,Male,79.0,127.0,50,19,95.4,36.5,116.2,1.51,No,Yes,No,None,Normal,1,Low
P07818,89,Male,99.0,124.0,77,20,95.0,36.5,162.4,0.5,Yes,No,No,None,Normal,3,Low
P07819,65,Male,111.0,139.0,43,17,98.3,36.2,73.7,2.41,Yes,No,No,None,Normal,3,Low
P07820,67,Male,74.0,102.0,76,18,95.7,38.2,74.9,2.55,No,No,No,Hypertension,Normal,3,Low
P07821,30,Female,100.0,91.0,80,10,99.4,37.6,99.3,1.37,No,No,No,None,Normal,2,Low
P07822,32,Male,98.0,112.0,91,14,95.7,36.2,126.9,1.27,No,Yes,No,Respiratory,Normal,2,Low
P07823,70,Female,109.0,115.0,86,23,95.6,37.9,109.4,0.5,No,No,No,Hypertension,Normal,4,Medium
P07824,61,Female,78.0,118.0,92,8,97.1,36.8,142.9,2.8,No,No,No,None,Normal,2,Low
P07825,25,Male,49.0,157.0,84,18,100.0,37.4,131.6,1.47,No,No,No,Hypertension,Normal,1,Low
P07826,63,Male,86.0,144.0,73,16,99.5,37.0,134.5,2.01,Yes,Yes,Yes,Cardiac,Normal,7,Medium
P07827,86,Female,65.0,138.0,76,8,95.9,35.9,142.4,0.92,No,No,No,Multiple,Normal,5,Medium
P07828,36,Male,71.0,131.0,65,26,94.9,36.3,158.9,0.64,Yes,Yes,No,None,Abnormal,5,Medium
P07829,55,Female,79.0,114.0,81,13,92.4,38.1,50.0,3.0,Yes,No,No,None,Abnormal,8,High
P07830,28,Male,78.0,104.0,54,21,98.1,37.8,114.5,1.49,No,No,No,None,Normal,0,Low
P07831,60,Female,88.0,95.0,94,16,90.6,36.2,148.7,1.2,Yes,Yes,No,Cardiac,Abnormal,10,High
P07832,37,Male,99.0,108.0,64,14,100.0,37.2,216.0,4.12,Yes,No,No,Multiple,Normal,6,Medium
P07833,37,Male,78.0,124.0,80,17,98.5,36.8,111.0,2.59,No,No,No,None,Normal,1,Low
P07834,38,Female,93.0,,83,16,93.8,37.9,50.0,1.22,Yes,No,No,Multiple,Abnormal,11,High
P07835,74,Female,85.0,129.0,95,17,99.7,36.8,172.0,2.39,No,No,No,Respiratory,Normal,2,Low
P07836,67,Female,104.0,120.0,53,14,97.6,36.4,66.3,0.52,No,No,No,None,Normal,2,Low
P07837,43,Male,81.0,115.0,73,13,97.4,37.6,133.4,1.54,Yes,Yes,No,Hypertension,Normal,3,Low
P07838,47,Male,83.0,154.0,86,23,95.2,38.0,136.5,1.13,No,No,No,None,Normal,1,Low
P07839,90,Male,78.0,70.0,104,18,97.7,37.3,120.0,2.13,No,No,No,Diabetes,Abnormal,8,High
P07840,48,Male,82.0,115.0,77,18,91.7,37.5,50.0,3.13,No,No,No,Cardiac,Normal,6,Medium
P07841,59,Female,69.0,70.0,69,14,96.2,36.0,100.5,0.5,Yes,No,No,Multiple,Normal,6,Medium
P07842,85,Female,67.0,131.0,108,26,94.0,36.0,52.2,3.29,No,No,No,Cardiac,Abnormal,9,High
P07843,78,Male,,144.0,90,18,95.1,35.9,133.1,2.4,No,No,No,None,Normal,4,Medium
P07844,78,Male,63.0,91.0,99,9,93.9,37.8,79.6,1.0,Yes,No,No,Respiratory,Abnormal,10,High
P07845,87,Male,79.0,94.0,60,19,94.1,36.7,50.0,1.02,No,Yes,No,Hypertension,Normal,8,High
P07846,85,Female,105.0,83.0,86,14,99.9,37.7,143.5,1.23,No,No,No,Diabetes,Normal,7,Medium
P07847,34,Female,78.0,127.0,62,23,91.7,36.5,64.3,1.11,No,No,Yes,None,Normal,6,Medium
P07848,36,Male,102.0,116.0,58,23,97.2,37.0,120.4,1.13,No,No,No,Cardiac,Normal,3,Low
P07849,68,Female,73.0,118.0,87,23,92.6,36.4,85.5,0.5,Yes,No,No,Diabetes,Abnormal,8,High
P07850,87,Male,64.0,116.0,88,16,100.0,36.7,149.7,1.64,No,Yes,No,None,Abnormal,5,Medium
P07851,80,Male,53.0,101.0,71,17,97.3,35.6,148.0,2.4,Yes,No,No,None,Normal,4,Medium
P07852,47,Female,111.0,153.0,99,19,91.8,36.7,124.5,1.34,Yes,No,No,Hypertension,Normal,5,Medium
P07853,42,Female,62.0,132.0,72,22,97.0,36.7,110.7,2.04,Yes,No,No,Hypertension,Abnormal,4,Medium
P07854,88,Female,100.0,95.0,74,13,93.9,35.6,97.4,2.7,No,No,No,Multiple,Abnormal,12,High
P07855,43,Female,65.0,107.0,77,18,96.7,37.3,66.8,0.6,No,No,No,Cardiac,Abnormal,3,Low
P07856,73,Male,111.0,103.0,74,27,92.0,37.5,91.5,1.27,No,No,No,Hypertension,Normal,6,Medium
P07857,39,Female,129.0,160.0,97,15,99.7,36.5,134.1,0.6,No,Yes,No,None,Normal,3,Low
P07858,36,Female,51.0,143.0,62,18,90.0,36.0,193.2,0.68,No,No,No,Cardiac,Normal,3,Low
P07859,48,Female,63.0,122.0,67,31,93.6,38.4,137.8,2.89,No,No,No,None,Normal,6,Medium
P07860,43,Female,100.0,168.0,60,17,92.8,37.2,143.6,1.4,No,No,No,None,Normal,2,Low
P07861,59,Male,95.0,161.0,106,10,97.1,35.1,110.7,2.17,Yes,No,No,Respiratory,Normal,3,Low
P07862,58,Male,101.0,119.0,73,18,94.5,36.7,136.1,1.93,No,No,No,None,Normal,1,Low
P07863,40,Female,74.0,115.0,66,26,95.4,36.5,50.0,2.37,No,Yes,No,None,Normal,4,Medium
P07864,64,Female,125.0,116.0,74,23,94.1,36.4,86.1,1.92,No,No,No,None,Abnormal,6,Medium
P07865,30,Male,87.0,101.0,91,13,91.9,37.9,143.1,1.89,Yes,No,No,Hypertension,Normal,4,Medium
P07866,83,Male,61.0,168.0,88,20,95.3,37.2,143.9,0.61,No,No,No,Respiratory,Normal,3,Low
P07867,83,Female,80.0,100.0,69,17,92.1,37.5,93.3,1.83,Yes,No,No,None,Normal,5,Medium
P07868,33,Male,61.0,147.0,72,22,90.5,36.9,62.7,1.82,No,No,No,Hypertension,Abnormal,5,Medium
P07869,90,Male,117.0,142.0,56,15,97.9,37.7,112.2,1.05,No,No,No,None,Normal,3,Low
P07870,45,Male,72.0,117.0,80,20,92.3,36.7,97.6,0.5,Yes,No,No,Diabetes,Normal,4,Medium
P07871,52,Male,95.0,170.0,97,28,100.0,37.2,,2.0,Yes,Yes,No,None,Normal,3,Low
P07872,58,Female,76.0,86.0,69,8,100.0,37.4,143.1,2.78,No,Yes,No,Multiple,Normal,7,Medium
P07873,48,Male,73.0,123.0,88,21,98.7,36.5,177.0,0.5,No,Yes,No,Diabetes,Abnormal,4,Medium
P07874,49,Male,47.0,113.0,69,25,92.6,35.3,159.4,1.67,No,Yes,No,None,Abnormal,7,Medium
P07875,71,Female,97.0,149.0,62,10,,35.6,104.0,0.5,No,No,No,Cardiac,Normal,3,Low
P07876,89,Female,111.0,134.0,88,14,88.9,38.8,128.9,2.32,No,No,Yes,None,Normal,11,High
P07877,76,Female,67.0,82.0,113,16,93.4,37.5,196.4,2.75,No,No,No,None,Normal,8,High
P07878,58,Male,54.0,156.0,86,14,98.5,37.6,99.0,1.72,Yes,Yes,No,Diabetes,Normal,3,Low
P07879,83,Female,101.0,137.0,72,14,98.3,38.1,122.0,2.3,Yes,Yes,No,Hypertension,Normal,6,Medium
P07880,71,Male,52.0,,73,16,93.8,36.1,114.8,1.85,No,Yes,No,None,Abnormal,8,High
P07881,57,Female,109.0,116.0,107,22,93.6,36.4,115.7,1.02,No,No,No,Diabetes,Normal,4,Medium
P07882,45,Male,67.0,93.0,83,25,95.4,36.1,80.0,1.69,No,No,No,None,Normal,3,Low
P07883,54,Female,63.0,121.0,67,25,95.7,38.9,167.3,1.78,No,No,No,Multiple,Normal,4,Medium
P07884,82,Female,90.0,129.0,77,23,94.6,36.2,78.3,1.68,Yes,Yes,No,None,Normal,5,Medium
P07885,72,Male,64.0,117.0,81,27,100.0,38.0,189.3,2.1,Yes,No,No,None,Normal,3,Low
P07886,21,Female,71.0,114.0,85,28,93.9,36.5,180.5,1.91,No,No,No,Diabetes,Abnormal,6,Medium
P07887,27,Female,92.0,85.0,101,19,100.0,37.1,125.0,1.64,Yes,Yes,No,None,Normal,5,Medium
P07888,64,Female,45.0,133.0,97,25,97.2,38.0,115.2,1.29,No,No,No,Hypertension,Normal,3,Low
P07889,31,Female,118.0,77.0,81,20,99.1,37.2,83.9,2.2,Yes,No,Yes,Cardiac,Normal,9,High
P07890,55,Female,86.0,126.0,77,17,91.5,36.9,117.8,2.14,Yes,No,No,Respiratory,Normal,4,Medium
P07891,29,Male,59.0,80.0,84,18,99.1,38.8,158.2,1.94,No,Yes,No,Hypertension,Normal,6,Medium
P07892,62,Male,65.0,126.0,69,23,99.0,35.5,87.6,1.14,No,No,Yes,Multiple,Normal,8,High
P07893,34,Female,105.0,125.0,93,25,94.0,36.2,173.7,0.9,No,No,No,Hypertension,Normal,3,Low
P07894,52,Female,97.0,135.0,75,21,98.5,36.8,156.0,2.34,Yes,No,No,None,Abnormal,3,Low
P07895,83,Male,113.0,147.0,85,16,91.6,37.8,110.8,1.09,No,No,No,None,Normal,5,Medium
P07896,58,Male,71.0,151.0,104,16,94.6,36.6,146.8,1.53,Yes,No,No,Diabetes,Normal,2,Low
P07897,84,Female,91.0,85.0,86,9,99.5,37.8,78.5,0.56,No,Yes,No,None,Normal,6,Medium
P07898,46,Male,94.0,124.0,81,20,95.5,35.6,110.9,2.15,Yes,No,No,None,Normal,2,Low
P07899,35,Female,99.0,175.0,70,19,95.2,37.9,203.7,0.81,No,No,No,Hypertension,Normal,1,Low
P07900,37,Female,108.0,128.0,77,13,100.0,37.7,162.8,0.77,Yes,No,No,None,Abnormal,4,Medium
P07901,31,Female,71.0,104.0,61,20,90.1,36.1,134.9,1.01,No,No,No,None,Normal,2,Low
P07902,51,Female,83.0,123.0,86,20,95.5,37.0,117.8,2.14,No,No,No,Multiple,Normal,2,Low
P07903,66,Male,73.0,115.0,46,11,95.8,36.8,112.0,1.63,No,No,No,Multiple,Normal,3,Low
P07904,71,Male,84.0,96.0,93,16,93.6,37.4,113.8,1.29,Yes,Yes,No,None,Normal,7,Medium
P07905,48,Male,99.0,,89,25,100.0,37.9,84.1,3.12,No,No,No,Diabetes,Abnormal,5,Medium
P07906,75,Female,52.0,140.0,79,15,93.3,36.5,141.1,2.22,No,No,No,Diabetes,Abnormal,7,Medium
P07907,59,Male,107.0,92.0,70,18,93.3,37.3,156.8,0.5,No,No,No,Diabetes,Normal,6,Medium
P07908,75,Female,62.0,123.0,78,19,88.6,37.2,104.9,1.1,No,Yes,No,Multiple,Abnormal,11,High
P07909,47,Female,79.0,111.0,51,18,99.3,37.1,133.7,0.5,No,No,No,Cardiac,Normal,1,Low
P07910,42,Male,110.0,85.0,90,21,95.0,38.2,85.9,1.42,No,No,No,Multiple,Abnormal,8,High
P07911,80,Female,92.0,90.0,76,23,95.0,37.1,112.3,2.63,Yes,No,No,Diabetes,Normal,8,High
P07912,36,Female,92.0,93.0,101,24,95.4,36.0,81.2,2.0,No,No,No,None,Normal,3,Low
P07913,89,Female,61.0,124.0,84,16,99.6,37.6,105.9,1.61,No,No,No,Hypertension,Normal,3,Low
P07914,25,Male,64.0,,81,21,100.0,38.3,119.8,1.42,No,No,Yes,Hypertension,Abnormal,6,Medium
P07915,20,Female,104.0,101.0,84,22,90.8,37.1,139.2,2.06,No,No,No,Respiratory,Abnormal,6,Medium
P07916,84,Male,73.0,115.0,63,17,94.6,38.1,90.5,0.5,No,No,Yes,Respiratory,Normal,6,Medium
P07917,34,Female,75.0,144.0,71,14,92.6,36.7,134.0,1.7,Yes,No,No,Diabetes,Normal,4,Medium
P07918,31,Male,104.0,134.0,80,19,95.3,37.3,76.7,1.93,No,No,No,Respiratory,Normal,2,Low
P07919,26,Female,64.0,150.0,73,15,95.7,35.7,127.7,0.78,No,No,No,None,Normal,1,Low
P07920,79,Male,90.0,119.0,69,14,90.8,36.5,203.4,1.09,Yes,No,No,None,Normal,5,Medium
P07921,38,Male,86.0,165.0,74,19,97.1,37.1,100.1,3.37,Yes,No,No,Diabetes,Abnormal,5,Medium
P07922,54,Female,85.0,134.0,79,17,94.7,37.5,61.6,2.22,No,No,No,Respiratory,Normal,1,Low
P07923,28,Female,75.0,113.0,113,19,98.3,37.3,150.9,0.5,Yes,Yes,No,Diabetes,Normal,3,Low
P07924,37,Female,73.0,127.0,73,10,96.1,38.0,126.4,1.2,No,No,No,Diabetes,Abnormal,3,Low
P07925,52,Female,63.0,94.0,68,17,90.9,35.8,133.3,1.78,Yes,No,No,None,Normal,6,Medium
P07926,70,Male,95.0,117.0,76,8,97.8,38.2,165.9,3.65,No,No,No,None,Abnormal,4,Medium
P07927,64,Female,72.0,136.0,101,13,92.0,36.4,86.6,2.51,Yes,No,Yes,Diabetes,Normal,9,High
P07928,69,Male,104.0,140.0,102,18,92.3,36.0,87.8,2.67,Yes,Yes,Yes,Diabetes,Abnormal,13,High
P07929,25,Female,81.0,115.0,107,24,95.0,37.8,136.8,2.12,No,No,Yes,None,Normal,4,Medium
P07930,21,Male,64.0,193.0,79,21,,36.1,,1.01,No,Yes,Yes,None,Normal,6,Medium
P07931,44,Male,80.0,121.0,88,18,90.7,38.1,124.5,3.08,No,No,No,Hypertension,Normal,4,Medium
P07932,61,Male,77.0,83.0,62,16,95.6,35.3,112.1,2.48,No,Yes,No,Hypertension,Normal,7,Medium
P07933,57,Female,105.0,155.0,73,17,95.7,36.4,127.9,2.82,No,No,Yes,Cardiac,Normal,6,Medium
P07934,64,Female,78.0,140.0,61,25,95.6,37.7,144.3,3.16,Yes,No,No,Cardiac,Normal,5,Medium
P07935,61,Male,79.0,131.0,85,12,90.9,37.5,57.1,3.04,No,No,No,None,Abnormal,8,High
P07936,65,Male,113.0,113.0,79,14,96.4,34.9,75.4,1.79,Yes,Yes,No,Hypertension,Abnormal,9,High
P07937,69,Male,95.0,135.0,81,23,97.9,36.5,111.4,2.02,No,No,No,Hypertension,Normal,3,Low
P07938,85,Male,118.0,165.0,65,16,92.0,35.6,142.6,1.95,No,Yes,Yes,None,Normal,10,High
P07939,28,Male,110.0,130.0,91,28,92.8,37.1,201.9,2.54,No,No,No,Diabetes,Normal,6,Medium
P07940,90,Female,67.0,88.0,42,21,,37.0,110.5,2.07,No,Yes,No,Cardiac,Normal,7,Medium
P07941,21,Male,105.0,70.0,74,24,100.0,36.8,124.8,1.92,Yes,Yes,No,Multiple,Normal,9,High
P07942,90,Female,116.0,,76,10,95.5,36.9,88.4,,No,Yes,No,None,Abnormal,6,Medium
P07943,65,Female,116.0,100.0,48,23,94.7,36.1,141.3,1.68,No,No,No,None,Abnormal,5,Medium
P07944,43,Female,105.0,123.0,84,14,96.6,36.4,71.1,2.04,Yes,No,No,Cardiac,Normal,3,Low
P07945,56,Male,104.0,105.0,75,22,100.0,37.9,114.5,2.84,No,No,No,None,Abnormal,4,Medium
P07946,75,Male,79.0,103.0,86,16,93.4,36.6,77.0,1.04,No,No,No,None,Normal,4,Medium
P07947,36,Male,68.0,106.0,108,19,94.5,36.5,50.0,1.86,No,No,No,None,Normal,2,Low
P07948,75,Male,78.0,108.0,83,12,94.5,37.9,222.8,2.08,Yes,No,No,None,Normal,3,Low
P07949,45,Female,52.0,144.0,93,9,91.7,36.1,147.1,3.12,No,No,No,Diabetes,Normal,4,Medium
P07950,83,Female,112.0,139.0,99,19,98.6,38.2,147.4,1.45,No,No,No,None,Normal,3,Low
P07951,27,Female,79.0,95.0,85,17,96.8,38.3,151.4,1.18,No,Yes,No,None,Normal,3,Low
P07952,75,Male,111.0,98.0,65,14,89.9,36.2,172.0,3.01,No,No,No,Multiple,Normal,12,High
P07953,90,Male,60.0,134.0,53,10,96.0,37.7,121.5,2.21,Yes,No,No,Multiple,Abnormal,7,Medium
P07954,31,Male,107.0,151.0,84,8,100.0,35.3,149.7,1.46,Yes,No,No,Multiple,Abnormal,7,Medium
P07955,32,Male,75.0,151.0,72,21,96.8,37.1,95.0,2.64,No,No,No,Multiple,Normal,3,Low
P07956,50,Male,59.0,100.0,97,17,100.0,36.2,108.1,0.5,No,No,No,Respiratory,Normal,1,Low
P07957,34,Male,118.0,150.0,71,15,94.3,37.4,53.6,1.76,Yes,Yes,No,Hypertension,Abnormal,8,High
P07958,41,Female,107.0,81.0,78,19,98.9,37.3,123.1,2.04,Yes,Yes,No,Hypertension,Abnormal,9,High
P07959,47,Female,89.0,120.0,61,23,99.9,36.8,93.8,2.27,No,No,No,None,Normal,1,Low
P07960,79,Male,86.0,137.0,73,19,95.8,36.1,109.7,1.14,Yes,No,No,Multiple,Abnormal,7,Medium
P07961,30,Female,94.0,73.0,64,16,94.8,37.7,148.2,1.13,No,No,No,None,Normal,3,Low
P07962,79,Female,89.0,177.0,65,29,99.3,37.0,127.1,3.03,Yes,No,No,Cardiac,Normal,6,Medium
P07963,64,Female,69.0,158.0,77,15,97.6,36.4,156.2,1.81,No,No,No,Cardiac,Normal,2,Low
P07964,33,Female,77.0,141.0,69,11,98.9,36.6,91.4,1.93,No,No,No,Cardiac,Normal,1,Low
P07965,83,Male,124.0,101.0,117,18,97.2,36.9,130.3,1.22,No,No,Yes,None,Normal,7,Medium
P07966,60,Female,138.0,123.0,91,17,95.8,36.9,89.4,1.07,No,No,No,Diabetes,Abnormal,6,Medium
P07967,25,Male,116.0,145.0,94,23,95.7,37.2,108.0,1.35,Yes,No,No,Cardiac,Normal,4,Medium
P07968,20,Male,95.0,97.0,76,15,94.9,37.8,102.7,2.76,No,No,No,None,Normal,3,Low
P07969,29,Female,78.0,120.0,80,17,97.2,37.8,74.4,1.3,Yes,No,No,Diabetes,Normal,2,Low
P07970,33,Male,69.0,148.0,72,14,95.5,36.8,98.5,1.61,Yes,No,No,None,Normal,1,Low
P07971,76,Female,70.0,88.0,117,22,96.8,37.3,138.1,3.09,No,No,No,Respiratory,Normal,7,Medium
P07972,66,Male,74.0,133.0,76,19,93.6,36.8,78.4,3.51,No,No,No,Hypertension,Normal,5,Medium
P07973,80,Male,128.0,81.0,69,17,93.4,38.0,88.4,0.63,No,No,No,Hypertension,Normal,10,High
P07974,79,Female,121.0,101.0,67,17,97.8,36.9,164.7,0.5,No,Yes,No,None,Abnormal,7,Medium
P07975,66,Female,100.0,112.0,83,18,97.2,37.1,171.7,1.23,No,Yes,No,None,Normal,2,Low
P07976,68,Male,66.0,,99,11,94.7,37.0,148.3,1.02,No,No,No,Cardiac,Normal,2,Low
P07977,50,Female,103.0,107.0,94,24,100.0,37.4,183.3,2.18,Yes,No,No,Diabetes,Abnormal,6,Medium
P07978,47,Male,80.0,128.0,67,24,93.5,37.5,169.6,1.79,Yes,No,No,None,Normal,4,Medium
P07979,76,Female,45.0,108.0,66,18,97.3,38.1,111.5,1.7,Yes,No,Yes,None,Abnormal,8,High
P07980,32,Male,91.0,112.0,97,18,,38.0,194.6,2.5,No,No,No,Diabetes,Normal,1,Low
P07981,40,Male,68.0,156.0,110,13,96.2,37.0,177.4,0.5,No,No,No,None,Normal,0,Low
P07982,62,Male,69.0,96.0,76,27,99.8,37.0,112.1,1.31,No,Yes,No,Diabetes,Normal,6,Medium
P07983,79,Male,80.0,144.0,96,25,100.0,36.8,125.0,1.71,No,No,No,None,Normal,3,Low
P07984,88,Male,75.0,,56,20,92.5,37.8,88.5,2.63,Yes,Yes,No,Multiple,Normal,9,High
P07985,32,Female,84.0,,65,22,89.2,37.2,111.2,1.75,No,No,No,Diabetes,Normal,5,Medium
P07986,63,Male,83.0,95.0,63,24,94.5,39.0,52.8,2.13,No,Yes,No,Cardiac,Normal,9,High
P07987,81,Female,47.0,96.0,84,23,93.1,36.9,91.5,,No,No,No,None,Abnormal,9,High
P07988,63,Female,115.0,107.0,75,14,94.7,38.2,146.8,1.77,No,No,No,None,Normal,2,Low
P07989,73,Male,65.0,121.0,82,16,100.0,38.2,74.0,1.57,Yes,No,No,Cardiac,Normal,3,Low
P07990,61,Male,66.0,140.0,96,20,100.0,38.2,102.5,1.62,No,No,No,Multiple,Abnormal,5,Medium
P07991,46,Female,78.0,117.0,68,19,93.2,36.7,137.3,1.86,Yes,Yes,No,Hypertension,Abnormal,7,Medium
P07992,79,Male,83.0,119.0,79,22,96.7,36.9,103.4,2.96,No,Yes,No,None,Normal,4,Medium
P07993,69,Male,114.0,123.0,58,21,96.6,36.9,161.1,2.13,Yes,No,No,Cardiac,Abnormal,6,Medium
P07994,71,Female,90.0,137.0,95,19,97.0,38.2,162.9,1.64,No,Yes,No,Multiple,Normal,4,Medium
P07995,74,Female,96.0,141.0,94,8,91.9,36.6,90.3,2.24,Yes,No,No,Multiple,Normal,6,Medium
P07996,83,Female,90.0,90.0,83,24,99.7,36.5,97.5,1.95,Yes,No,No,Hypertension,Normal,7,Medium
P07997,39,Female,90.0,,80,22,98.7,37.6,116.8,2.27,No,No,No,Respiratory,Normal,1,Low
P07998,37,Female,91.0,156.0,70,28,94.6,35.9,88.4,1.48,No,No,No,Cardiac,Normal,3,Low
P07999,50,Female,46.0,92.0,57,16,99.7,37.6,180.3,2.19,No,No,No,Diabetes,Abnormal,5,Medium
P08000,89,Male,80.0,127.0,83,9,91.7,36.1,98.5,2.21,Yes,No,No,Diabetes,Normal,6,Medium
P08001,42,Female,108.0,121.0,89,17,90.9,36.7,151.4,0.66,No,No,No,Diabetes,Abnormal,6,Medium
P08002,63,Female,164.0,111.0,108,20,96.8,37.9,55.1,1.49,Yes,Yes,No,None,Normal,7,Medium
P08003,90,Male,61.0,165.0,72,16,97.3,36.6,84.1,1.66,Yes,No,No,Hypertension,Abnormal,6,Medium
P08004,74,Male,93.0,126.0,82,25,95.5,37.2,71.6,1.54,Yes,No,No,Hypertension,Normal,4,Medium
P08005,22,Male,74.0,163.0,95,15,99.3,38.0,65.2,0.98,Yes,No,No,Cardiac,Normal,2,Low
P08006,72,Male,126.0,125.0,95,17,94.0,36.1,94.3,0.5,No,No,No,None,Normal,3,Low
P08007,78,Male,,137.0,69,17,99.6,37.1,129.7,2.62,Yes,No,No,None,Normal,4,Medium
P08008,25,Male,97.0,111.0,74,32,98.4,37.5,176.3,0.5,No,No,No,Hypertension,Normal,4,Medium
P08009,33,Female,57.0,111.0,70,13,100.0,35.9,106.9,3.38,Yes,No,No,Respiratory,Abnormal,6,Medium
P08010,65,Male,79.0,135.0,64,21,90.7,36.2,118.3,1.61,No,Yes,Yes,Respiratory,Abnormal,10,High
P08011,78,Male,84.0,136.0,100,12,94.5,38.3,128.6,1.27,Yes,No,No,Respiratory,Normal,4,Medium
P08012,32,Male,106.0,140.0,79,20,93.3,36.1,85.9,0.56,No,No,No,Hypertension,Abnormal,6,Medium
P08013,82,Male,63.0,134.0,77,13,98.3,36.7,114.0,0.5,No,No,No,Cardiac,Normal,3,Low
P08014,39,Female,98.0,92.0,82,23,100.0,35.4,198.5,1.09,No,No,Yes,None,Abnormal,9,High
P08015,20,Male,85.0,105.0,79,23,94.9,36.4,130.5,1.95,Yes,Yes,No,None,Normal,3,Low
P08016,71,Male,90.0,146.0,75,19,97.8,37.6,198.5,2.93,No,No,No,Multiple,Normal,4,Medium
P08017,31,Female,104.0,76.0,67,11,100.0,37.8,116.0,0.56,No,Yes,No,Diabetes,Normal,6,Medium
P08018,53,Female,59.0,132.0,101,18,97.0,37.6,90.2,2.09,No,No,No,Diabetes,Normal,1,Low
P08019,84,Female,101.0,122.0,69,16,98.1,37.0,156.7,0.5,No,No,No,None,Abnormal,5,Medium
P08020,27,Male,74.0,146.0,64,22,90.1,36.1,165.6,1.08,No,Yes,No,Diabetes,Normal,4,Medium
P08021,66,Female,107.0,135.0,77,13,100.0,37.3,95.1,2.2,No,Yes,No,Hypertension,Abnormal,6,Medium
P08022,82,Female,92.0,108.0,110,24,95.1,36.6,129.6,0.99,Yes,No,No,Cardiac,Abnormal,7,Medium
P08023,74,Female,81.0,107.0,66,23,,35.7,112.5,3.03,No,No,No,Diabetes,Normal,5,Medium
P08024,44,Male,73.0,112.0,89,11,93.4,37.0,59.8,2.4,No,No,No,Multiple,Abnormal,8,High
P08025,22,Male,101.0,140.0,74,17,97.4,38.0,62.1,2.2,No,No,No,Diabetes,Normal,2,Low
P08026,88,Female,110.0,70.0,82,18,98.5,37.9,106.8,1.35,No,No,No,Diabetes,Abnormal,9,High
P08027,74,Male,74.0,129.0,92,23,88.5,37.9,161.0,,No,Yes,No,Hypertension,Normal,8,High
P08028,32,Male,62.0,103.0,52,15,100.0,37.2,149.0,1.43,No,No,Yes,None,Normal,3,Low
P08029,47,Male,99.0,130.0,65,19,98.2,36.3,78.3,2.0,No,No,No,Hypertension,Abnormal,3,Low
P08030,37,Male,56.0,134.0,92,23,91.5,37.5,70.1,2.0,No,No,No,Diabetes,Abnormal,6,Medium
P08031,54,Male,59.0,83.0,79,19,97.1,37.1,80.1,1.14,No,No,No,None,Abnormal,5,Medium
P08032,20,Female,64.0,119.0,81,9,97.1,36.8,76.7,1.22,No,No,Yes,Cardiac,Normal,4,Medium
P08033,90,Female,,129.0,89,16,95.6,37.5,79.7,0.56,No,No,No,Multiple,Abnormal,6,Medium
P08034,58,Female,58.0,127.0,65,23,94.2,37.4,50.0,3.62,Yes,Yes,No,Hypertension,Normal,7,Medium
P08035,56,Female,46.0,122.0,94,22,95.8,36.5,50.0,1.08,No,Yes,No,Diabetes,Normal,4,Medium
P08036,43,Male,62.0,94.0,90,8,98.6,36.5,50.0,0.5,No,No,No,Cardiac,Normal,5,Medium
P08037,19,Female,98.0,98.0,82,19,98.5,36.1,53.0,0.5,No,No,No,Multiple,Normal,6,Medium
P08038,40,Female,60.0,91.0,85,23,96.0,37.2,161.7,1.26,Yes,No,No,None,Normal,4,Medium
P08039,40,Male,78.0,139.0,95,21,96.7,37.7,259.2,2.12,Yes,Yes,No,Hypertension,Normal,3,Low
P08040,33,Male,124.0,122.0,69,21,95.6,36.5,195.8,1.72,Yes,Yes,No,None,Normal,4,Medium
P08041,26,Male,84.0,124.0,88,28,93.1,36.1,125.0,1.65,No,No,No,Hypertension,Normal,4,Medium
P08042,30,Male,92.0,82.0,104,18,95.8,37.4,84.0,2.38,No,Yes,No,Respiratory,Normal,5,Medium
P08043,45,Female,66.0,124.0,88,20,93.8,38.3,97.8,2.27,No,No,No,None,Abnormal,4,Medium
P08044,44,Male,128.0,141.0,75,13,93.0,38.6,120.6,1.08,No,Yes,No,Hypertension,Normal,7,Medium
P08045,68,Male,74.0,79.0,113,15,88.7,38.2,197.7,2.01,Yes,No,No,None,Normal,9,High
P08046,81,Male,80.0,112.0,81,16,94.8,37.0,75.3,1.86,No,No,No,Diabetes,Abnormal,5,Medium
P08047,69,Male,111.0,86.0,99,22,98.4,36.3,115.1,1.33,Yes,Yes,Yes,Hypertension,Abnormal,13,High
P08048,55,Male,81.0,114.0,72,14,99.7,37.5,118.9,2.94,No,Yes,No,None,Normal,2,Low
P08049,82,Male,86.0,102.0,94,24,97.3,36.9,111.5,1.18,No,No,No,Cardiac,Normal,4,Medium
P08050,35,Female,79.0,135.0,70,13,92.1,36.8,50.0,1.34,Yes,No,No,Diabetes,Normal,6,Medium
P08051,80,Female,80.0,129.0,83,21,95.5,38.5,104.0,1.42,Yes,No,No,Hypertension,Abnormal,6,Medium
P08052,68,Female,92.0,157.0,69,21,92.5,38.1,60.9,2.54,Yes,No,No,Diabetes,Abnormal,8,High
P08053,26,Male,96.0,124.0,107,19,100.0,37.5,206.5,2.67,No,Yes,No,Cardiac,Normal,3,Low
P08054,30,Male,72.0,133.0,75,23,94.8,36.9,137.8,2.88,No,No,No,Cardiac,Normal,3,Low
P08055,57,Female,70.0,111.0,61,14,94.5,37.0,159.7,2.42,No,Yes,No,None,Normal,1,Low
P08056,72,Female,73.0,97.0,79,16,98.8,35.8,79.6,1.72,No,No,No,None,Normal,4,Medium
P08057,60,Female,57.0,146.0,86,13,95.9,37.8,97.0,2.57,No,No,No,None,Abnormal,4,Medium
P08058,61,Female,53.0,156.0,78,18,99.2,38.0,196.7,2.1,Yes,No,No,Hypertension,Abnormal,5,Medium
P08059,85,Male,91.0,143.0,66,17,92.6,36.4,156.0,1.7,No,Yes,No,None,Normal,5,Medium
P08060,50,Female,104.0,128.0,94,22,96.3,36.5,,1.43,No,No,Yes,None,Abnormal,6,Medium
P08061,41,Male,102.0,101.0,97,20,97.5,37.8,168.7,1.66,Yes,No,No,None,Normal,2,Low
P08062,53,Male,45.0,154.0,53,21,88.1,36.7,193.4,1.42,No,Yes,No,Diabetes,Normal,6,Medium
P08063,27,Male,80.0,139.0,65,17,94.0,37.9,175.7,,No,Yes,No,Diabetes,Normal,2,Low
P08064,37,Female,63.0,176.0,76,20,94.2,36.4,157.0,1.63,No,No,No,Hypertension,Normal,1,Low
P08065,29,Female,88.0,96.0,70,27,96.2,36.8,160.8,2.19,No,Yes,No,None,Abnormal,6,Medium
P08066,79,Female,77.0,147.0,86,11,95.1,37.4,101.8,2.21,No,Yes,No,Diabetes,Normal,4,Medium
P08067,35,Male,97.0,139.0,106,9,96.9,36.7,122.8,1.81,No,Yes,No,None,Normal,1,Low
P08068,80,Male,85.0,116.0,72,21,95.3,36.7,142.2,1.44,Yes,No,No,Diabetes,Normal,4,Medium
P08069,42,Female,47.0,159.0,102,14,99.4,36.7,127.7,1.07,Yes,No,No,Respiratory,Normal,2,Low
P08070,29,Male,66.0,135.0,56,11,100.0,37.6,135.1,1.71,No,Yes,No,None,Abnormal,3,Low
P08071,38,Female,85.0,102.0,85,21,91.5,37.8,109.4,2.03,No,No,No,Multiple,Normal,4,Medium
P08072,42,Male,87.0,122.0,69,13,96.1,37.4,50.0,0.71,No,Yes,No,Multiple,Abnormal,7,Medium
P08073,28,Male,57.0,101.0,85,26,99.3,36.4,142.1,0.5,No,No,No,None,Normal,1,Low
P08074,81,Male,54.0,113.0,52,19,93.9,38.1,119.3,1.7,Yes,Yes,Yes,Hypertension,Normal,10,High
P08075,90,Male,86.0,143.0,59,17,96.8,37.2,120.1,1.08,No,No,No,Multiple,Normal,4,Medium
P08076,67,Male,,150.0,85,14,94.9,37.8,203.0,2.61,No,No,No,Cardiac,Normal,3,Low
P08077,79,Male,52.0,131.0,69,19,93.0,36.0,129.3,2.84,Yes,No,No,Respiratory,Abnormal,9,High
P08078,66,Male,76.0,106.0,73,10,92.9,37.9,82.8,0.99,Yes,No,Yes,Respiratory,Abnormal,10,High
P08079,31,Female,75.0,135.0,106,8,88.6,36.7,142.5,0.5,Yes,No,No,Hypertension,Normal,6,Medium
P08080,18,Male,67.0,143.0,80,10,96.5,36.6,118.4,2.26,No,No,No,Hypertension,Abnormal,3,Low
P08081,42,Male,71.0,76.0,92,24,96.7,37.3,159.6,1.96,Yes,No,Yes,None,Abnormal,10,High
P08082,76,Female,85.0,128.0,67,13,93.1,35.4,91.1,2.11,No,No,No,None,Normal,5,Medium
P08083,89,Female,71.0,120.0,58,11,95.2,37.3,82.4,2.41,No,No,Yes,Hypertension,Abnormal,8,High
P08084,86,Female,86.0,149.0,77,18,91.7,36.8,93.4,1.47,Yes,Yes,No,None,Normal,6,Medium
P08085,22,Female,77.0,135.0,56,29,97.6,38.1,50.0,1.64,No,No,No,None,Abnormal,5,Medium
P08086,36,Male,88.0,137.0,68,23,94.8,37.2,97.5,2.45,No,No,No,Hypertension,Normal,2,Low
P08087,40,Male,103.0,113.0,82,14,98.3,36.2,178.6,2.16,No,No,No,None,Normal,1,Low
P08088,26,Female,102.0,125.0,76,14,95.0,36.4,85.9,3.44,Yes,Yes,No,Hypertension,Normal,5,Medium
P08089,67,Male,111.0,149.0,83,14,93.0,35.0,60.7,2.03,No,Yes,No,Hypertension,Normal,7,Medium
P08090,33,Female,102.0,123.0,87,13,94.4,38.9,93.9,2.01,Yes,Yes,No,None,Normal,4,Medium
P08091,50,Male,90.0,,60,21,100.0,35.0,123.8,2.51,No,No,No,Diabetes,Normal,3,Low
P08092,19,Male,76.0,87.0,64,16,100.0,36.6,85.2,3.45,Yes,Yes,No,Cardiac,Abnormal,9,High
P08093,31,Male,77.0,123.0,45,12,91.5,37.6,117.9,2.37,No,No,No,Hypertension,Normal,3,Low
P08094,18,Male,67.0,75.0,72,11,98.7,38.2,125.1,1.57,Yes,No,No,Multiple,Normal,6,Medium
P08095,75,Male,85.0,112.0,89,30,92.7,38.4,115.1,1.27,Yes,No,No,Multiple,Abnormal,10,High
P08096,33,Female,,,100,22,93.7,36.9,111.4,1.93,No,Yes,No,Diabetes,Normal,4,Medium
P08097,64,Male,70.0,144.0,81,14,96.6,37.4,185.5,0.92,No,No,No,None,Normal,1,Low
P08098,61,Male,84.0,,99,24,97.5,36.8,122.1,2.32,No,No,No,Diabetes,Normal,3,Low
P08099,31,Male,71.0,134.0,84,12,93.8,35.8,83.4,2.04,No,No,No,Diabetes,Abnormal,6,Medium
P08100,41,Male,89.0,162.0,80,17,97.8,36.2,145.2,2.21,Yes,No,No,None,Abnormal,3,Low
P08101,72,Male,74.0,109.0,69,17,99.6,35.6,112.6,0.5,Yes,Yes,No,Cardiac,Normal,5,Medium
P08102,32,Female,70.0,86.0,42,19,98.2,37.3,117.9,2.88,No,No,No,Multiple,Normal,6,Medium
P08103,89,Male,71.0,132.0,96,13,93.1,36.7,155.5,0.9,Yes,No,No,Diabetes,Normal,6,Medium
P08104,51,Female,95.0,95.0,77,19,94.7,36.9,168.7,0.79,No,Yes,Yes,None,Abnormal,8,High
P08105,19,Male,83.0,105.0,99,9,98.6,37.5,69.4,0.5,Yes,Yes,Yes,Multiple,Normal,7,Medium
P08106,44,Male,76.0,148.0,64,16,100.0,37.2,184.3,,No,No,No,None,Normal,0,Low
P08107,89,Female,90.0,172.0,114,25,92.2,37.5,112.4,1.92,Yes,No,No,None,Normal,6,Medium
P08108,40,Male,77.0,100.0,74,23,96.9,38.4,112.7,1.72,Yes,No,Yes,Diabetes,Normal,6,Medium
P08109,85,Male,108.0,107.0,68,15,98.2,36.4,74.6,2.36,Yes,No,No,Diabetes,Normal,5,Medium
P08110,31,Female,66.0,114.0,75,10,91.8,35.5,144.9,2.82,Yes,No,No,None,Abnormal,7,Medium
P08111,80,Male,81.0,111.0,81,8,99.1,36.5,58.1,2.89,No,No,No,Diabetes,Normal,6,Medium
P08112,82,Female,57.0,173.0,77,21,100.0,36.8,136.5,1.6,No,No,No,Multiple,Normal,4,Medium
P08113,85,Female,78.0,112.0,70,19,98.0,37.3,181.1,1.68,No,No,No,Hypertension,Abnormal,5,Medium
P08114,80,Female,51.0,115.0,51,20,97.7,37.6,102.4,,No,No,No,None,Normal,2,Low
P08115,81,Male,100.0,165.0,66,26,93.7,36.1,158.3,1.47,Yes,Yes,No,None,Abnormal,9,High
P08116,49,Male,100.0,139.0,94,19,94.5,36.0,118.3,3.42,Yes,Yes,No,Hypertension,Normal,4,Medium
P08117,30,Female,101.0,150.0,65,19,94.1,38.1,59.3,2.05,No,Yes,No,Diabetes,Normal,5,Medium
P08118,83,Male,86.0,102.0,52,11,93.3,37.3,119.8,2.21,No,No,No,Diabetes,Abnormal,7,Medium
P08119,36,Female,67.0,112.0,62,26,95.3,37.3,107.6,2.34,No,No,No,Respiratory,Normal,2,Low
P08120,41,Male,69.0,99.0,77,17,96.9,37.2,150.9,2.77,No,No,No,Diabetes,Normal,4,Medium
P08121,28,Female,116.0,145.0,67,14,93.4,37.1,100.5,1.62,No,No,No,None,Normal,3,Low
P08122,76,Male,114.0,156.0,74,19,95.0,36.8,135.0,2.21,No,No,No,Hypertension,Normal,4,Medium
P08123,32,Female,87.0,110.0,66,28,97.0,36.4,72.8,2.27,No,No,No,Cardiac,Normal,2,Low
P08124,27,Male,75.0,116.0,93,29,89.6,36.6,132.2,0.55,Yes,No,No,None,Abnormal,8,High
P08125,58,Female,112.0,117.0,85,13,98.8,38.7,116.0,1.41,No,No,No,None,Normal,2,Low
P08126,44,Male,71.0,86.0,111,24,96.6,38.4,109.9,1.67,No,No,No,Diabetes,Normal,5,Medium
P08127,77,Female,90.0,108.0,72,20,96.7,37.7,116.2,2.59,Yes,No,No,Diabetes,Normal,5,Medium
P08128,90,Male,112.0,144.0,74,23,99.5,36.9,103.3,4.59,Yes,No,No,None,Abnormal,10,High
P08129,69,Male,68.0,103.0,96,19,98.8,37.5,120.7,1.45,Yes,No,No,Hypertension,Normal,3,Low
P08130,45,Female,102.0,127.0,84,21,97.8,35.9,107.1,1.42,No,Yes,No,Cardiac,Normal,4,Medium
P08131,82,Male,95.0,92.0,64,25,96.8,37.8,76.1,2.15,No,No,No,Hypertension,Normal,6,Medium
P08132,34,Male,84.0,121.0,86,9,96.0,36.8,63.2,0.5,Yes,Yes,Yes,Hypertension,Abnormal,8,High
P08133,61,Male,65.0,111.0,84,20,94.3,37.0,95.2,0.5,No,No,No,Hypertension,Normal,2,Low
P08134,27,Male,71.0,94.0,51,12,93.1,37.1,,1.69,No,No,No,Hypertension,Abnormal,7,Medium
P08135,80,Female,91.0,145.0,68,16,97.2,36.9,50.0,1.37,Yes,No,No,Diabetes,Normal,6,Medium
P08136,64,Male,57.0,146.0,81,18,97.2,37.6,115.8,2.69,Yes,No,No,None,Normal,3,Low
P08137,55,Male,88.0,101.0,100,13,96.4,38.3,203.1,1.5,No,Yes,No,Hypertension,Normal,2,Low
P08138,87,Female,96.0,120.0,88,15,92.0,37.7,142.6,0.75,No,No,No,None,Normal,4,Medium
P08139,70,Male,105.0,126.0,70,11,88.0,37.1,108.1,0.99,Yes,Yes,No,Hypertension,Normal,9,High
P08140,61,Female,57.0,80.0,67,15,96.2,36.1,82.4,2.75,No,No,No,Diabetes,Normal,6,Medium
P08141,71,Male,111.0,90.0,90,21,90.5,37.0,50.0,1.22,Yes,No,No,Respiratory,Normal,10,High
P08142,37,Female,119.0,157.0,42,22,97.0,36.9,150.5,1.52,No,No,No,Diabetes,Abnormal,4,Medium
P08143,48,Male,93.0,98.0,66,14,100.0,37.7,132.0,1.56,Yes,Yes,No,Multiple,Normal,6,Medium
P08144,24,Female,64.0,156.0,99,25,97.0,36.5,65.6,1.33,No,No,Yes,Diabetes,Normal,5,Medium
P08145,75,Female,78.0,91.0,82,21,94.7,36.3,153.5,2.04,No,Yes,No,Multiple,Abnormal,9,High
P08146,27,Female,84.0,141.0,67,25,92.9,37.2,,3.22,Yes,No,No,None,Abnormal,7,Medium
P08147,27,Male,90.0,117.0,60,9,94.3,37.7,88.1,2.24,Yes,No,No,Respiratory,Normal,2,Low
P08148,56,Female,85.0,121.0,91,20,95.9,37.1,103.3,2.46,No,No,No,Cardiac,Normal,1,Low
P08149,45,Male,91.0,171.0,79,21,99.2,37.8,125.0,1.03,No,No,No,None,Normal,0,Low
P08150,47,Female,83.0,94.0,75,9,96.4,36.0,137.1,2.1,No,Yes,No,Multiple,Normal,5,Medium
P08151,54,Female,90.0,,84,30,95.1,37.4,71.2,2.89,No,No,No,None,Normal,2,Low
P08152,84,Female,76.0,139.0,80,15,98.0,36.0,137.7,1.61,No,No,Yes,Diabetes,Normal,6,Medium
P08153,60,Male,78.0,,79,21,100.0,39.1,117.4,1.8,No,No,No,Cardiac,Abnormal,7,Medium
P08154,69,Male,73.0,98.0,58,23,96.9,38.1,159.4,,No,Yes,No,None,Normal,5,Medium
P08155,73,Female,123.0,109.0,63,19,96.6,37.3,145.5,3.02,Yes,No,No,None,Abnormal,7,Medium
P08156,85,Female,114.0,145.0,89,25,91.0,35.7,117.3,2.75,Yes,Yes,No,Hypertension,Normal,11,High
P08157,26,Female,96.0,120.0,86,28,,35.9,151.7,0.79,Yes,Yes,No,Hypertension,Abnormal,9,High
P08158,40,Female,112.0,113.0,84,12,91.5,38.5,54.6,2.07,Yes,No,No,Cardiac,Normal,7,Medium
P08159,80,Female,101.0,149.0,69,19,95.4,36.1,100.0,1.31,No,Yes,No,Hypertension,Normal,5,Medium
P08160,78,Female,89.0,118.0,89,23,93.5,37.4,76.1,1.54,No,No,No,Multiple,Normal,7,Medium
P08161,57,Female,55.0,103.0,72,10,94.5,38.5,92.8,0.76,Yes,Yes,Yes,Hypertension,Normal,6,Medium
P08162,61,Female,80.0,143.0,98,23,93.5,37.1,,1.59,No,No,No,Hypertension,Abnormal,7,Medium
P08163,41,Male,78.0,134.0,67,27,93.7,36.0,64.5,1.12,Yes,No,No,Diabetes,Normal,5,Medium
P08164,68,Female,62.0,117.0,70,24,90.4,35.6,153.1,1.67,No,No,No,Diabetes,Normal,6,Medium
P08165,75,Male,55.0,116.0,76,20,96.7,37.3,145.0,2.19,No,Yes,No,Diabetes,Abnormal,6,Medium
P08166,50,Female,95.0,102.0,91,26,98.1,36.1,90.7,2.03,No,No,No,Multiple,Abnormal,5,Medium
P08167,33,Male,91.0,143.0,77,20,96.2,37.0,50.0,2.51,No,No,No,Hypertension,Abnormal,6,Medium
P08168,39,Male,62.0,116.0,79,11,97.1,36.1,94.8,1.41,No,No,No,None,Normal,0,Low
P08169,74,Female,70.0,106.0,72,15,97.4,36.5,113.1,0.5,No,No,No,Hypertension,Abnormal,4,Medium
P08170,79,Male,108.0,93.0,82,17,97.3,36.5,169.3,3.08,No,No,No,None,Abnormal,8,High
P08171,88,Male,67.0,135.0,77,18,98.5,36.8,92.4,2.24,No,No,No,Diabetes,Abnormal,5,Medium
P08172,89,Female,88.0,112.0,66,18,99.6,36.4,154.1,2.28,No,No,No,None,Abnormal,4,Medium
P08173,87,Female,,75.0,80,16,100.0,37.2,94.8,2.23,Yes,Yes,No,None,Abnormal,9,High
P08174,47,Female,95.0,95.0,80,19,90.2,37.8,137.7,2.01,No,Yes,No,Cardiac,Normal,6,Medium
P08175,40,Male,68.0,119.0,113,26,97.4,36.7,147.3,2.59,No,No,No,Diabetes,Normal,3,Low
P08176,49,Female,87.0,120.0,69,19,92.4,37.2,138.1,1.27,No,Yes,No,None,Normal,3,Low
P08177,74,Male,88.0,119.0,65,21,100.0,36.3,76.7,2.43,Yes,No,No,Cardiac,Normal,3,Low
P08178,26,Female,90.0,115.0,82,8,96.2,35.7,100.5,2.08,No,No,No,None,Normal,1,Low
P08179,48,Female,87.0,88.0,63,19,96.8,37.3,138.5,1.91,No,No,No,Respiratory,Normal,4,Medium
P08180,88,Male,92.0,,62,23,96.4,37.7,51.8,1.41,Yes,No,No,Hypertension,Abnormal,9,High
P08181,26,Male,129.0,155.0,56,24,96.6,35.5,146.6,2.0,Yes,Yes,No,Respiratory,Abnormal,9,High
P08182,30,Male,136.0,151.0,66,24,100.0,36.9,66.5,1.63,Yes,No,No,None,Abnormal,6,Medium
P08183,75,Female,72.0,139.0,67,20,99.7,37.3,60.9,2.48,No,Yes,No,None,Normal,3,Low
P08184,20,Female,45.0,137.0,59,20,100.0,37.2,93.7,1.43,No,No,No,None,Abnormal,2,Low
P08185,52,Female,97.0,148.0,74,15,95.4,36.5,87.6,0.98,No,No,No,Cardiac,Normal,1,Low
P08186,38,Male,,97.0,43,22,89.6,37.0,122.3,2.25,No,Yes,No,Multiple,Normal,9,High
P08187,81,Male,106.0,126.0,85,15,98.2,37.7,125.7,3.49,Yes,No,No,Cardiac,Normal,6,Medium
P08188,69,Male,91.0,97.0,70,21,92.7,36.3,117.8,2.01,Yes,No,No,Hypertension,Abnormal,9,High
P08189,51,Male,86.0,97.0,72,18,94.9,38.2,75.7,1.68,Yes,No,No,None,Abnormal,5,Medium
P08190,52,Female,108.0,134.0,87,18,95.8,35.9,163.4,3.23,No,No,No,Diabetes,Abnormal,6,Medium
P08191,32,Male,110.0,149.0,84,23,96.0,37.7,117.6,2.17,No,No,Yes,Multiple,Normal,7,Medium
P08192,23,Male,57.0,120.0,69,21,97.9,37.0,152.2,1.68,No,No,No,Hypertension,Normal,1,Low
P08193,49,Female,69.0,166.0,85,19,93.2,36.6,50.0,3.17,No,Yes,No,None,Normal,6,Medium
P08194,69,Female,83.0,130.0,101,16,97.9,35.5,136.4,1.21,Yes,Yes,No,None,Normal,4,Medium
P08195,45,Male,87.0,106.0,63,26,95.4,38.0,92.1,1.53,No,Yes,No,Diabetes,Normal,3,Low
P08196,81,Male,80.0,98.0,89,20,100.0,36.3,145.4,2.07,No,No,No,None,Normal,4,Medium
P08197,36,Male,94.0,150.0,61,22,91.2,37.0,186.4,4.06,No,No,No,Multiple,Normal,7,Medium
P08198,32,Male,105.0,128.0,96,18,96.4,37.4,68.3,1.06,No,No,No,Respiratory,Normal,2,Low
P08199,23,Male,119.0,142.0,67,15,97.8,38.9,149.3,0.89,No,No,Yes,Diabetes,Abnormal,8,High
P08200,90,Male,97.0,70.0,67,20,94.8,36.7,91.0,1.98,No,No,No,Multiple,Normal,7,Medium
P08201,55,Female,68.0,131.0,95,15,94.3,37.0,50.0,2.99,Yes,No,No,None,Normal,4,Medium
P08202,43,Female,82.0,112.0,89,20,100.0,37.3,152.1,2.52,No,Yes,No,None,Normal,2,Low
P08203,68,Female,83.0,90.0,68,8,98.5,37.1,187.8,1.26,Yes,No,No,None,Normal,4,Medium
P08204,90,Female,95.0,123.0,80,16,93.6,36.4,199.4,0.88,No,Yes,No,None,Normal,5,Medium
P08205,70,Male,93.0,152.0,67,18,91.6,38.2,127.0,1.28,No,No,No,Diabetes,Normal,4,Medium
P08206,73,Male,126.0,182.0,54,13,97.8,36.6,57.2,1.88,No,No,No,Cardiac,Abnormal,10,High
P08207,76,Male,76.0,131.0,81,20,97.0,37.4,106.7,2.05,No,No,No,Hypertension,Normal,3,Low
P08208,87,Male,93.0,107.0,73,16,97.7,36.8,110.6,1.61,No,No,No,Diabetes,Normal,3,Low
P08209,75,Female,132.0,106.0,64,18,95.6,36.5,158.9,1.59,Yes,Yes,No,None,Abnormal,8,High
P08210,30,Male,73.0,149.0,98,15,98.6,37.8,114.0,1.58,No,No,No,None,Abnormal,2,Low
P08211,60,Male,88.0,100.0,64,23,100.0,37.2,50.0,2.28,Yes,No,Yes,None,Normal,8,High
P08212,68,Male,66.0,,80,21,100.0,35.3,140.2,2.08,No,No,No,None,Normal,2,Low
P08213,36,Male,87.0,132.0,94,19,93.5,37.2,117.9,2.3,Yes,No,No,Diabetes,Normal,4,Medium
P08214,38,Female,69.0,130.0,74,18,100.0,36.5,151.2,2.07,No,No,No,Cardiac,Normal,1,Low
P08215,41,Male,106.0,86.0,67,31,98.0,35.7,124.9,0.5,No,Yes,No,Cardiac,Normal,10,High
P08216,43,Female,88.0,116.0,82,17,91.7,37.8,142.6,1.81,No,No,No,None,Normal,2,Low
P08217,62,Male,66.0,89.0,85,15,97.3,36.4,115.6,1.26,Yes,No,No,Hypertension,Normal,6,Medium
P08218,45,Male,102.0,110.0,91,12,96.7,37.2,126.3,3.07,Yes,No,No,None,Normal,3,Low
P08219,46,Male,89.0,148.0,106,23,95.7,37.7,78.1,0.88,No,No,No,None,Normal,1,Low
P08220,34,Female,104.0,156.0,71,26,95.4,36.8,129.2,0.5,No,No,Yes,Multiple,Normal,7,Medium
P08221,85,Male,62.0,130.0,81,14,98.1,37.2,107.6,2.43,No,No,No,None,Abnormal,4,Medium
P08222,61,Male,,111.0,59,17,98.1,36.5,134.6,2.0,Yes,No,No,Respiratory,Normal,3,Low
P08223,78,Male,100.0,165.0,88,16,94.2,37.9,67.7,1.91,No,No,No,Diabetes,Normal,3,Low
P08224,85,Female,77.0,110.0,81,17,94.4,36.9,,2.12,No,Yes,No,Multiple,Abnormal,7,Medium
P08225,42,Female,60.0,97.0,75,9,94.3,37.4,124.9,1.73,Yes,Yes,No,None,Abnormal,6,Medium
P08226,84,Male,84.0,142.0,69,22,95.5,38.2,146.7,1.43,Yes,No,No,Multiple,Abnormal,7,Medium
P08227,19,Female,110.0,136.0,73,24,98.7,35.5,115.2,1.93,No,No,No,Cardiac,Abnormal,6,Medium
P08228,66,Male,108.0,111.0,82,8,99.6,36.5,139.1,0.95,Yes,No,No,Hypertension,Abnormal,6,Medium
P08229,87,Male,76.0,128.0,64,27,95.4,36.9,50.0,2.99,No,Yes,Yes,Cardiac,Normal,11,High
P08230,43,Female,59.0,136.0,73,26,99.3,37.1,110.7,1.28,No,No,No,Cardiac,Normal,2,Low
P08231,89,Male,76.0,130.0,78,8,97.3,37.5,83.3,0.83,No,No,No,None,Abnormal,4,Medium
P08232,44,Male,76.0,136.0,55,8,96.4,38.0,100.6,2.11,Yes,No,No,Multiple,Normal,3,Low
P08233,35,Female,94.0,112.0,62,17,100.0,36.4,155.4,1.14,No,No,No,Multiple,Normal,2,Low
P08234,71,Female,83.0,138.0,68,25,97.0,36.8,51.0,2.76,No,Yes,No,None,Abnormal,8,High
P08235,18,Female,70.0,125.0,102,19,95.6,37.9,144.6,0.5,No,Yes,No,None,Normal,1,Low
P08236,78,Female,107.0,113.0,66,18,98.5,37.3,133.5,0.5,No,Yes,No,Respiratory,Normal,5,Medium
P08237,20,Male,88.0,119.0,77,21,,35.6,166.2,1.5,No,No,No,None,Abnormal,5,Medium
P08238,85,Male,94.0,,62,14,95.3,35.6,50.0,1.9,No,No,No,Multiple,Normal,7,Medium
P08239,58,Male,51.0,89.0,66,24,96.8,36.6,138.6,1.21,Yes,No,No,Hypertension,Normal,6,Medium
P08240,54,Male,45.0,109.0,56,17,98.2,37.4,125.1,1.59,No,No,Yes,Multiple,Normal,5,Medium
P08241,68,Male,56.0,127.0,88,10,96.7,37.4,112.9,3.18,No,No,No,Respiratory,Normal,3,Low
P08242,32,Male,75.0,91.0,58,14,92.1,36.3,172.8,1.24,Yes,No,No,Respiratory,Normal,6,Medium
P08243,25,Male,97.0,110.0,92,20,93.3,37.5,50.0,0.51,No,Yes,No,None,Abnormal,7,Medium
P08244,55,Male,45.0,185.0,85,17,94.7,37.2,120.0,1.61,Yes,No,No,Diabetes,Abnormal,6,Medium
P08245,73,Female,117.0,,77,16,96.7,36.1,155.9,,No,No,No,Diabetes,Normal,5,Medium
P08246,64,Male,88.0,115.0,92,19,92.1,36.5,50.0,2.26,No,No,No,Respiratory,Normal,6,Medium
P08247,27,Male,112.0,104.0,125,20,100.0,35.4,138.8,2.2,Yes,No,No,None,Normal,3,Low
P08248,66,Male,67.0,122.0,85,12,96.9,36.0,128.0,1.69,Yes,No,No,Hypertension,Abnormal,5,Medium
P08249,58,Male,95.0,105.0,61,24,96.9,35.5,50.0,2.1,No,No,No,Cardiac,Abnormal,7,Medium
P08250,47,Male,87.0,119.0,100,17,95.5,35.8,158.9,0.94,Yes,No,No,None,Normal,2,Low
P08251,22,Female,101.0,107.0,81,20,91.7,38.3,79.3,2.56,No,No,No,Hypertension,Normal,5,Medium
P08252,88,Female,80.0,151.0,110,18,96.3,36.7,178.1,1.35,No,No,No,Cardiac,Normal,3,Low
P08253,48,Female,94.0,127.0,70,16,98.2,35.6,138.0,3.14,No,No,No,Hypertension,Abnormal,5,Medium
P08254,69,Male,107.0,100.0,97,23,95.5,37.3,127.0,1.54,No,No,No,None,Abnormal,5,Medium
P08255,40,Male,72.0,146.0,78,18,99.2,37.2,155.5,1.44,No,No,No,None,Normal,0,Low
P08256,65,Male,90.0,101.0,118,18,95.8,37.2,150.8,1.64,Yes,No,No,None,Abnormal,4,Medium
P08257,57,Male,47.0,86.0,74,8,98.1,36.3,50.0,2.27,No,No,No,None,Normal,5,Medium
P08258,23,Female,99.0,125.0,123,22,95.7,37.5,50.0,2.96,Yes,No,Yes,Hypertension,Normal,8,High
P08259,55,Female,124.0,173.0,85,17,97.1,36.1,109.3,2.09,Yes,No,No,Cardiac,Normal,4,Medium
P08260,58,Male,60.0,79.0,91,22,98.6,37.6,72.0,3.51,No,No,No,None,Normal,4,Medium
P08261,44,Male,83.0,92.0,104,26,92.8,37.7,181.4,1.14,No,No,No,Multiple,Normal,7,Medium
P08262,86,Female,103.0,144.0,66,22,97.9,36.9,75.4,1.64,No,No,No,Respiratory,Abnormal,6,Medium
P08263,74,Female,86.0,109.0,93,18,99.2,35.8,118.7,0.91,No,No,No,Cardiac,Normal,3,Low
P08264,34,Female,88.0,140.0,74,17,100.0,37.6,138.3,1.4,Yes,No,Yes,Respiratory,Normal,5,Medium
P08265,88,Female,77.0,104.0,80,31,96.2,36.5,212.8,1.27,Yes,Yes,No,Multiple,Normal,9,High
P08266,64,Female,76.0,129.0,79,20,89.7,37.2,161.0,0.63,No,Yes,No,None,Normal,6,Medium
P08267,30,Female,83.0,169.0,87,19,90.7,37.6,88.6,2.55,No,Yes,No,Diabetes,Normal,5,Medium
P08268,28,Female,86.0,95.0,86,17,93.3,36.4,136.0,2.27,No,No,Yes,Hypertension,Abnormal,10,High
P08269,41,Male,61.0,151.0,69,14,99.8,38.7,142.9,1.48,No,No,No,Multiple,Normal,3,Low
P08270,90,Male,84.0,142.0,80,8,100.0,37.0,139.9,2.06,Yes,No,Yes,Cardiac,Normal,7,Medium
P08271,21,Female,116.0,88.0,43,26,94.8,36.5,,1.47,No,No,Yes,Hypertension,Normal,9,High
P08272,63,Male,77.0,139.0,93,14,96.2,37.8,196.3,1.62,No,No,No,Hypertension,Abnormal,4,Medium
P08273,35,Female,60.0,127.0,103,17,,38.2,66.0,,Yes,No,No,None,Normal,5,Medium
P08274,60,Male,82.0,127.0,81,17,98.0,35.3,142.2,1.79,No,No,No,Cardiac,Abnormal,5,Medium
P08275,50,Female,71.0,133.0,54,25,96.4,35.9,79.7,1.81,Yes,No,Yes,Diabetes,Abnormal,9,High
P08276,27,Male,58.0,116.0,89,14,95.2,36.4,130.6,0.5,No,No,Yes,None,Normal,3,Low
P08277,90,Female,88.0,127.0,67,19,93.1,38.7,107.2,2.46,Yes,Yes,No,Respiratory,Abnormal,10,High
P08278,76,Male,71.0,131.0,81,21,94.9,36.6,62.9,2.84,No,Yes,No,Hypertension,Normal,5,Medium
P08279,48,Male,73.0,144.0,88,11,92.0,38.2,50.0,2.62,No,Yes,No,Diabetes,Normal,7,Medium
P08280,45,Female,88.0,87.0,86,11,93.4,37.2,150.4,1.37,No,No,No,Multiple,Abnormal,9,High
P08281,77,Female,54.0,157.0,94,14,92.2,35.8,92.6,2.58,Yes,No,No,Cardiac,Normal,8,High
P08282,20,Female,50.0,96.0,80,19,92.9,37.7,120.6,2.15,Yes,No,No,Hypertension,Normal,6,Medium
P08283,72,Male,98.0,144.0,81,19,92.5,37.3,187.0,1.11,No,No,No,Cardiac,Normal,4,Medium
P08284,31,Male,,127.0,89,17,,36.3,140.0,1.56,Yes,No,No,Respiratory,Abnormal,4,Medium
P08285,75,Male,65.0,93.0,77,21,92.6,36.5,50.0,1.72,No,No,No,Hypertension,Abnormal,11,High
P08286,32,Male,49.0,138.0,68,14,95.8,36.2,66.0,0.5,Yes,Yes,No,Respiratory,Abnormal,5,Medium
P08287,19,Female,75.0,101.0,85,17,92.7,36.5,50.0,1.96,No,No,No,Hypertension,Normal,5,Medium
P08288,41,Female,94.0,152.0,61,17,92.8,37.5,81.7,0.9,No,No,No,Hypertension,Abnormal,5,Medium
P08289,81,Male,87.0,107.0,77,14,92.7,36.3,104.2,0.96,Yes,Yes,Yes,Diabetes,Normal,10,High
P08290,88,Female,133.0,88.0,57,30,98.9,37.1,217.2,1.92,No,Yes,No,None,Abnormal,11,High
P08291,41,Female,107.0,,70,8,95.5,37.3,155.3,1.52,No,No,No,None,Abnormal,3,Low
P08292,44,Female,66.0,130.0,70,24,93.8,37.0,129.3,1.0,Yes,No,No,None,Normal,4,Medium
P08293,54,Female,61.0,147.0,63,22,93.0,35.7,132.8,1.92,No,No,No,None,Normal,3,Low
P08294,56,Male,139.0,104.0,95,22,92.0,37.6,134.0,1.11,Yes,Yes,No,None,Abnormal,8,High
P08295,80,Female,106.0,78.0,93,18,93.8,36.1,50.0,1.11,No,No,No,Diabetes,Normal,11,High
P08296,43,Female,97.0,167.0,98,25,91.7,36.5,58.6,2.74,Yes,No,No,Diabetes,Normal,8,High
P08297,82,Female,86.0,125.0,75,16,94.7,36.6,133.2,1.93,No,No,No,Respiratory,Abnormal,5,Medium
P08298,21,Male,90.0,137.0,71,20,93.9,37.0,115.2,2.06,No,No,No,Diabetes,Normal,3,Low
P08299,46,Female,55.0,141.0,90,18,93.7,37.1,127.1,3.05,No,No,No,None,Abnormal,5,Medium
P08300,18,Male,88.0,117.0,80,17,99.7,37.5,179.2,1.61,No,No,No,Multiple,Normal,2,Low
P08301,67,Male,86.0,131.0,80,19,95.3,36.8,87.3,1.29,Yes,Yes,No,Multiple,Abnormal,7,Medium
P08302,28,Female,67.0,165.0,40,13,95.5,36.0,100.2,1.31,No,No,No,Cardiac,Normal,1,Low
P08303,76,Female,74.0,124.0,89,15,99.8,37.9,124.9,3.28,Yes,No,No,Diabetes,Abnormal,7,Medium
P08304,79,Male,115.0,149.0,87,26,91.9,36.7,50.0,,Yes,No,No,Diabetes,Normal,10,High
P08305,53,Male,82.0,75.0,78,32,94.5,36.9,56.1,1.06,Yes,No,No,None,Normal,9,High
P08306,73,Male,126.0,153.0,90,21,91.4,36.2,169.5,1.91,No,No,No,None,Normal,5,Medium
P08307,38,Male,50.0,87.0,87,22,96.2,36.3,103.2,1.3,Yes,Yes,No,Hypertension,Normal,6,Medium
P08308,30,Female,75.0,150.0,68,19,97.8,38.2,95.4,1.47,No,No,No,Hypertension,Abnormal,3,Low
P08309,26,Male,54.0,135.0,75,20,88.7,35.9,124.6,3.1,Yes,No,No,Diabetes,Abnormal,10,High
P08310,28,Female,61.0,123.0,63,21,98.6,36.0,50.0,1.9,Yes,No,No,Hypertension,Normal,4,Medium
P08311,87,Female,68.0,123.0,100,23,96.9,36.6,102.7,0.78,Yes,No,No,Diabetes,Abnormal,7,Medium
P08312,18,Male,91.0,119.0,93,26,96.1,37.3,92.0,1.45,No,Yes,No,Multiple,Normal,4,Medium
P08313,87,Female,90.0,104.0,66,14,92.3,36.2,129.7,0.5,Yes,No,Yes,Respiratory,Normal,9,High
P08314,73,Male,71.0,120.0,87,32,98.3,35.7,50.0,1.19,No,No,No,Cardiac,Normal,8,High
P08315,48,Male,45.0,180.0,82,19,100.0,36.0,83.0,2.6,No,No,No,None,Abnormal,3,Low
P08316,54,Male,115.0,158.0,68,19,94.8,36.7,96.6,1.22,No,No,No,Diabetes,Normal,2,Low
P08317,64,Female,79.0,103.0,80,16,95.0,36.2,95.6,3.91,No,No,No,Hypertension,Normal,3,Low
P08318,64,Female,63.0,132.0,91,16,96.1,38.8,157.1,0.5,No,No,No,None,Normal,2,Low
P08319,86,Male,90.0,127.0,92,21,94.8,38.6,83.5,1.45,Yes,Yes,No,Multiple,Normal,7,Medium
P08320,75,Female,89.0,121.0,113,21,95.5,37.9,238.0,1.89,No,Yes,No,None,Normal,3,Low
P08321,53,Female,79.0,100.0,79,21,99.1,37.3,144.9,1.85,Yes,No,No,None,Normal,1,Low
P08322,49,Female,88.0,136.0,74,16,95.8,37.3,95.5,2.25,No,No,No,Diabetes,Normal,1,Low
P08323,81,Female,62.0,146.0,86,8,96.9,38.1,139.2,1.58,Yes,No,No,None,Normal,3,Low
P08324,88,Female,100.0,104.0,75,9,100.0,37.1,144.1,2.8,No,No,No,Cardiac,Normal,4,Medium
P08325,59,Male,65.0,,69,18,100.0,36.3,102.6,0.82,No,No,Yes,Respiratory,Normal,4,Medium
P08326,65,Female,73.0,163.0,64,20,92.9,38.7,161.1,1.61,No,Yes,No,Diabetes,Normal,6,Medium
P08327,47,Female,98.0,139.0,40,16,100.0,37.5,76.0,0.91,Yes,No,No,Multiple,Normal,3,Low
P08328,38,Male,109.0,94.0,89,15,100.0,38.2,138.5,1.4,No,Yes,No,Hypertension,Normal,5,Medium
P08329,77,Female,117.0,135.0,53,19,100.0,38.4,110.8,1.59,No,No,No,Hypertension,Normal,4,Medium
P08330,30,Female,106.0,132.0,65,17,94.1,35.6,126.6,2.29,Yes,Yes,No,Respiratory,Normal,5,Medium
P08331,18,Female,79.0,138.0,82,16,96.6,36.3,124.2,0.99,No,No,No,None,Normal,0,Low
P08332,82,Male,54.0,165.0,73,10,94.8,36.8,115.7,1.58,No,No,No,None,Abnormal,4,Medium
P08333,50,Female,113.0,121.0,110,14,96.4,37.4,194.1,1.82,No,Yes,No,Respiratory,Normal,3,Low
P08334,55,Female,112.0,176.0,55,23,100.0,37.7,91.6,1.92,No,No,No,None,Normal,2,Low
P08335,42,Male,72.0,135.0,112,13,96.4,36.9,83.4,0.91,No,No,No,None,Normal,0,Low
P08336,43,Male,103.0,118.0,99,21,90.8,38.0,111.5,1.99,No,No,No,Hypertension,Normal,4,Medium
P08337,76,Female,78.0,185.0,92,25,94.9,37.5,167.1,2.73,No,No,No,Hypertension,Abnormal,9,High
P08338,50,Male,115.0,146.0,100,14,,37.5,116.5,2.72,No,Yes,No,Hypertension,Normal,4,Medium
P08339,58,Male,75.0,114.0,84,16,100.0,36.8,112.1,1.58,Yes,Yes,No,Multiple,Normal,4,Medium
P08340,47,Male,125.0,127.0,52,23,93.6,37.3,92.8,2.22,No,No,No,None,Normal,5,Medium
P08341,74,Female,101.0,141.0,86,24,94.8,37.2,95.5,1.67,No,No,No,Diabetes,Normal,4,Medium
P08342,66,Female,121.0,121.0,56,15,94.9,37.8,157.8,2.65,No,No,No,None,Abnormal,6,Medium
P08343,65,Male,76.0,128.0,70,10,100.0,35.9,112.5,2.34,No,Yes,No,Respiratory,Normal,4,Medium
P08344,89,Male,93.0,105.0,77,24,98.9,37.6,125.2,0.87,No,No,No,None,Abnormal,5,Medium
P08345,66,Male,66.0,83.0,64,21,97.7,35.7,87.1,1.68,Yes,Yes,No,Cardiac,Abnormal,10,High
P08346,64,Male,102.0,128.0,92,20,96.7,36.3,146.1,1.27,Yes,No,No,Multiple,Normal,5,Medium
P08347,73,Female,103.0,129.0,75,23,96.6,37.5,163.9,1.72,No,No,No,Diabetes,Normal,4,Medium
P08348,82,Male,133.0,138.0,84,12,96.2,36.3,77.9,0.88,No,Yes,No,Diabetes,Normal,6,Medium
P08349,29,Female,95.0,111.0,78,20,100.0,37.0,78.9,1.71,No,Yes,No,Diabetes,Normal,2,Low
P08350,86,Male,99.0,91.0,80,17,92.2,36.3,81.2,1.68,No,Yes,No,Hypertension,Normal,8,High
P08351,23,Female,76.0,101.0,65,21,87.7,37.5,156.4,1.7,Yes,Yes,No,Diabetes,Abnormal,9,High
P08352,82,Female,96.0,151.0,60,22,97.3,37.0,76.6,2.0,No,No,No,Cardiac,Normal,3,Low
P08353,42,Male,77.0,108.0,76,23,100.0,37.0,101.2,0.57,Yes,No,No,None,Normal,2,Low
P08354,18,Female,87.0,114.0,64,21,96.6,37.9,75.6,2.42,No,No,No,Diabetes,Normal,1,Low
P08355,49,Female,88.0,117.0,99,19,90.1,37.3,182.7,2.47,No,No,No,Hypertension,Abnormal,5,Medium
P08356,20,Female,78.0,110.0,57,19,98.2,37.4,93.7,2.92,Yes,No,No,None,Abnormal,4,Medium
P08357,66,Male,86.0,108.0,113,20,92.8,37.9,181.5,1.72,Yes,Yes,No,None,Abnormal,7,Medium
P08358,36,Female,77.0,103.0,83,15,92.1,38.0,113.9,2.01,No,No,Yes,Diabetes,Abnormal,8,High
P08359,77,Female,77.0,160.0,79,16,93.1,36.2,95.3,2.64,Yes,No,No,None,Normal,6,Medium
P08360,46,Male,107.0,142.0,70,20,91.2,37.6,147.0,1.24,Yes,No,Yes,Multiple,Normal,9,High
P08361,67,Male,89.0,156.0,88,21,96.6,37.3,113.4,2.19,No,No,No,None,Normal,1,Low
P08362,19,Female,92.0,161.0,75,15,94.1,38.0,171.4,1.21,Yes,No,No,Respiratory,Normal,2,Low
P08363,90,Female,56.0,70.0,83,13,92.0,36.0,106.3,2.21,No,Yes,No,None,Abnormal,10,High
P08364,73,Male,93.0,134.0,91,10,100.0,36.4,96.9,2.11,No,No,No,Respiratory,Normal,2,Low
P08365,34,Male,96.0,110.0,88,12,94.4,36.8,96.8,1.08,Yes,No,No,Diabetes,Normal,2,Low
P08366,77,Female,77.0,153.0,97,15,96.2,38.1,164.7,2.21,No,No,No,Hypertension,Normal,3,Low
P08367,53,Female,127.0,106.0,86,16,100.0,36.8,125.0,1.45,No,No,No,None,Abnormal,4,Medium
P08368,78,Male,45.0,99.0,64,17,98.0,37.0,85.5,1.67,No,No,No,Respiratory,Normal,5,Medium
P08369,34,Male,101.0,89.0,47,12,100.0,36.5,57.6,2.45,Yes,No,No,Diabetes,Normal,8,High
P08370,66,Female,99.0,117.0,81,9,93.9,37.6,,2.66,No,No,Yes,None,Abnormal,9,High
P08371,77,Female,96.0,148.0,81,19,99.1,37.5,77.5,2.13,No,No,No,Respiratory,Normal,3,Low
P08372,37,Male,89.0,131.0,107,19,97.5,36.6,50.0,1.81,Yes,Yes,No,Cardiac,Normal,5,Medium
P08373,67,Female,96.0,95.0,76,21,99.0,36.2,158.5,2.36,No,No,No,Cardiac,Normal,4,Medium
P08374,20,Female,102.0,179.0,84,22,98.5,37.6,65.7,1.54,Yes,No,No,Diabetes,Normal,3,Low
P08375,60,Female,70.0,141.0,90,20,93.7,37.4,50.0,2.52,No,Yes,No,None,Abnormal,9,High
P08376,74,Female,91.0,144.0,86,19,100.0,36.5,109.5,1.31,No,No,No,Respiratory,Normal,2,Low
P08377,67,Male,81.0,157.0,91,22,89.2,37.6,103.0,1.63,No,No,No,Hypertension,Abnormal,8,High
P08378,85,Male,63.0,84.0,66,25,93.4,37.5,80.1,1.06,No,No,No,Multiple,Normal,10,High
P08379,67,Female,99.0,102.0,63,15,98.0,38.0,123.8,1.73,Yes,No,No,None,Normal,2,Low
P08380,54,Female,74.0,146.0,74,22,96.9,37.7,103.1,3.01,No,No,No,Cardiac,Abnormal,4,Medium
P08381,63,Female,55.0,105.0,45,15,96.4,36.7,203.0,3.02,No,Yes,No,Multiple,Normal,5,Medium
P08382,59,Female,74.0,118.0,77,19,98.1,36.4,107.3,3.1,Yes,No,No,Multiple,Abnormal,6,Medium
P08383,32,Male,69.0,,68,23,93.5,38.6,64.1,1.29,No,No,No,None,Normal,4,Medium
P08384,50,Female,,93.0,83,17,98.5,36.6,127.0,3.97,Yes,Yes,No,Hypertension,Abnormal,9,High
P08385,28,Female,88.0,116.0,74,13,95.6,35.5,130.3,2.75,No,No,Yes,Diabetes,Abnormal,8,High
P08386,37,Male,113.0,148.0,63,16,100.0,36.0,101.6,2.62,No,Yes,Yes,Multiple,Abnormal,10,High
P08387,41,Male,72.0,143.0,98,13,95.1,35.4,50.0,2.0,No,No,No,Diabetes,Normal,4,Medium
P08388,81,Female,102.0,153.0,79,13,97.4,38.0,176.9,0.55,No,Yes,No,None,Normal,4,Medium
P08389,82,Male,142.0,150.0,91,24,97.9,38.5,64.5,1.3,No,No,No,None,Normal,5,Medium
P08390,90,Male,92.0,135.0,81,21,98.7,37.2,150.3,1.47,No,No,No,Diabetes,Normal,3,Low
P08391,34,Female,102.0,133.0,85,14,96.1,35.7,164.3,1.68,No,No,Yes,None,Normal,5,Medium
P08392,78,Female,99.0,131.0,58,13,95.1,38.0,102.6,,No,No,No,None,Abnormal,4,Medium
P08393,32,Male,57.0,109.0,97,13,93.7,37.4,150.2,1.78,No,No,No,None,Normal,2,Low
P08394,68,Female,97.0,99.0,91,14,97.5,38.0,153.7,2.18,Yes,No,No,None,Abnormal,6,Medium
P08395,44,Male,91.0,108.0,78,24,90.3,37.5,72.1,1.86,Yes,Yes,No,Diabetes,Normal,6,Medium
P08396,78,Male,80.0,117.0,82,17,96.9,35.9,173.8,1.64,No,No,No,Diabetes,Abnormal,6,Medium
P08397,75,Male,67.0,109.0,93,29,97.1,37.5,128.2,1.59,Yes,No,No,None,Normal,4,Medium
P08398,48,Female,99.0,135.0,72,18,100.0,35.8,50.0,2.93,Yes,No,No,Diabetes,Normal,6,Medium
P08399,29,Female,66.0,130.0,54,15,94.0,36.4,122.9,1.49,No,No,No,Multiple,Abnormal,4,Medium
P08400,63,Male,128.0,133.0,73,23,96.6,37.8,92.6,2.42,No,No,No,None,Normal,4,Medium
P08401,48,Male,87.0,134.0,80,10,96.5,37.8,132.8,1.82,No,No,No,Cardiac,Normal,1,Low
P08402,49,Female,61.0,155.0,78,19,92.7,36.2,89.4,0.5,No,No,No,None,Normal,2,Low
P08403,49,Male,75.0,125.0,98,12,96.0,36.1,89.6,3.66,No,No,No,Multiple,Normal,3,Low
P08404,70,Male,79.0,150.0,64,8,92.0,37.0,73.6,2.79,No,No,No,None,Abnormal,6,Medium
P08405,78,Female,133.0,138.0,66,17,98.9,38.6,124.0,3.61,No,Yes,No,Diabetes,Abnormal,10,High
P08406,63,Female,67.0,153.0,62,22,97.8,37.4,135.8,2.51,No,No,No,Diabetes,Normal,3,Low
P08407,24,Female,83.0,165.0,84,19,97.3,38.9,114.9,1.84,Yes,Yes,No,None,Normal,3,Low
P08408,21,Female,74.0,139.0,55,18,94.1,36.9,103.2,2.26,No,Yes,No,Multiple,Normal,3,Low
P08409,69,Male,95.0,128.0,89,8,100.0,37.7,118.9,1.42,Yes,No,No,None,Normal,2,Low
P08410,48,Female,75.0,127.0,64,17,92.7,36.7,157.3,1.12,No,No,No,None,Abnormal,4,Medium
P08411,53,Female,62.0,,66,17,96.2,36.4,73.4,3.48,No,No,No,Diabetes,Normal,2,Low
P08412,71,Male,81.0,112.0,105,21,92.5,36.2,61.5,1.57,Yes,No,No,None,Abnormal,6,Medium
P08413,71,Male,79.0,148.0,96,13,95.5,37.3,67.0,1.91,No,No,No,Cardiac,Normal,2,Low
P08414,34,Male,73.0,101.0,80,22,99.8,38.0,50.0,2.18,No,No,No,None,Normal,2,Low
P08415,47,Female,74.0,165.0,58,15,97.4,36.7,74.4,1.61,Yes,Yes,No,None,Normal,2,Low
P08416,39,Male,109.0,121.0,108,17,93.2,38.1,160.6,2.57,No,No,No,None,Abnormal,6,Medium
P08417,60,Female,79.0,197.0,75,21,94.4,38.5,50.0,1.72,Yes,Yes,No,Multiple,Normal,9,High
P08418,44,Male,62.0,108.0,82,12,94.9,37.7,105.0,4.62,No,No,No,Respiratory,Abnormal,6,Medium
P08419,54,Female,76.0,131.0,92,22,93.5,37.3,141.7,0.5,Yes,No,No,Hypertension,Normal,4,Medium
P08420,63,Male,86.0,116.0,49,11,96.8,36.5,115.5,1.27,No,No,No,None,Normal,1,Low
P08421,52,Female,58.0,105.0,68,21,100.0,38.0,149.9,2.66,No,No,No,None,Normal,1,Low
P08422,21,Female,118.0,152.0,77,17,94.3,36.1,91.8,0.54,No,No,No,Diabetes,Normal,2,Low
P08423,43,Male,102.0,97.0,80,17,100.0,37.5,95.3,1.96,Yes,No,No,Hypertension,Normal,5,Medium
P08424,36,Male,114.0,108.0,58,8,96.0,36.0,99.4,1.53,No,Yes,No,None,Normal,2,Low
P08425,62,Female,93.0,140.0,83,15,97.0,36.2,137.1,1.71,Yes,No,No,Hypertension,Normal,3,Low
P08426,43,Male,45.0,144.0,79,17,96.8,37.0,224.2,2.77,No,No,No,None,Normal,1,Low
P08427,39,Female,116.0,90.0,103,26,90.9,37.6,114.7,1.92,Yes,No,No,Diabetes,Normal,8,High
P08428,75,Female,68.0,140.0,93,18,97.4,37.8,105.5,1.2,No,No,No,Diabetes,Abnormal,5,Medium
P08429,80,Female,69.0,128.0,74,15,88.7,37.0,76.5,2.62,Yes,No,Yes,Diabetes,Abnormal,14,High
P08430,45,Male,88.0,102.0,75,22,96.6,36.7,184.6,1.99,No,No,No,Diabetes,Normal,1,Low
P08431,82,Female,113.0,105.0,93,15,96.5,36.4,99.5,0.7,Yes,Yes,No,Diabetes,Abnormal,8,High
P08432,61,Female,106.0,74.0,82,23,91.4,37.6,90.3,1.26,No,No,No,None,Abnormal,10,High
P08433,60,Female,103.0,168.0,57,19,96.2,37.5,106.6,1.73,No,No,No,None,Abnormal,4,Medium
P08434,54,Female,79.0,150.0,109,14,95.1,37.1,187.9,2.41,No,No,No,None,Abnormal,2,Low
P08435,83,Male,78.0,93.0,63,23,95.5,37.2,92.5,1.7,No,No,No,Hypertension,Normal,6,Medium
P08436,34,Male,92.0,145.0,115,21,95.6,38.3,114.0,2.56,Yes,No,No,None,Normal,2,Low
P08437,57,Female,82.0,111.0,84,22,94.2,37.8,50.0,1.86,No,Yes,Yes,None,Normal,6,Medium
P08438,55,Male,103.0,148.0,68,17,96.2,35.9,154.2,1.26,No,Yes,No,Diabetes,Normal,4,Medium
P08439,78,Male,102.0,,42,21,98.6,37.7,103.5,1.85,No,No,Yes,Diabetes,Normal,7,Medium
P08440,26,Female,97.0,116.0,90,28,95.3,38.1,151.5,2.38,No,Yes,No,Multiple,Abnormal,6,Medium
P08441,78,Male,45.0,118.0,55,19,95.8,36.3,140.4,1.65,No,Yes,Yes,Hypertension,Abnormal,9,High
P08442,33,Male,88.0,109.0,83,16,97.9,37.8,121.4,0.92,Yes,No,Yes,None,Normal,4,Medium
P08443,19,Male,83.0,160.0,107,26,100.0,39.4,97.0,1.96,No,Yes,Yes,Diabetes,Normal,7,Medium
P08444,89,Male,88.0,,61,21,95.4,37.4,117.5,1.07,No,No,Yes,Cardiac,Abnormal,8,High
P08445,60,Male,70.0,128.0,89,16,90.9,36.8,61.4,3.0,No,No,No,Respiratory,Abnormal,7,Medium
P08446,59,Male,59.0,151.0,66,27,93.3,36.9,124.0,2.71,No,No,Yes,Hypertension,Abnormal,10,High
P08447,74,Female,94.0,84.0,95,12,97.8,37.1,137.1,1.61,Yes,No,Yes,Multiple,Normal,10,High
P08448,84,Male,78.0,94.0,79,21,100.0,35.7,118.3,2.17,No,No,No,Hypertension,Abnormal,8,High
P08449,47,Female,96.0,137.0,78,24,93.2,35.7,116.4,1.73,No,No,No,Diabetes,Normal,5,Medium
P08450,30,Female,72.0,143.0,96,23,95.9,37.2,90.8,3.0,Yes,No,No,Diabetes,Normal,4,Medium
P08451,36,Female,113.0,132.0,87,14,96.1,37.0,108.6,0.51,No,Yes,No,None,Normal,2,Low
P08452,24,Male,105.0,78.0,66,12,93.7,37.5,71.1,1.96,No,No,Yes,None,Normal,9,High
P08453,26,Male,91.0,98.0,105,19,100.0,36.8,93.2,1.04,Yes,Yes,No,Hypertension,Abnormal,7,Medium
P08454,71,Female,81.0,135.0,55,22,99.5,37.1,197.6,2.14,No,No,No,None,Normal,1,Low
P08455,78,Female,102.0,186.0,82,13,97.0,37.8,118.5,0.5,No,No,No,Diabetes,Normal,6,Medium
P08456,19,Female,93.0,155.0,66,20,94.7,35.2,134.4,2.06,No,No,No,Cardiac,Normal,2,Low
P08457,67,Male,90.0,164.0,56,11,98.9,36.3,113.9,3.35,No,No,Yes,Diabetes,Normal,6,Medium
P08458,48,Male,106.0,133.0,61,23,,36.6,117.6,1.36,No,No,No,Hypertension,Abnormal,5,Medium
P08459,50,Male,114.0,133.0,77,15,94.7,36.9,120.4,0.59,No,No,No,Diabetes,Normal,2,Low
P08460,28,Female,60.0,99.0,83,17,98.9,35.9,105.4,2.33,No,No,No,None,Normal,3,Low
P08461,50,Male,64.0,149.0,94,22,97.1,36.3,138.7,1.55,No,No,No,Respiratory,Abnormal,3,Low
P08462,24,Male,69.0,123.0,100,22,91.0,37.6,86.4,2.55,No,No,No,Respiratory,Normal,4,Medium
P08463,48,Female,55.0,142.0,82,20,93.0,37.4,55.7,2.68,No,Yes,No,Hypertension,Abnormal,9,High
P08464,65,Male,84.0,126.0,71,23,92.0,34.8,122.9,2.63,Yes,No,No,Diabetes,Normal,9,High
P08465,64,Female,97.0,132.0,94,20,99.1,36.8,159.7,1.78,No,No,No,None,Normal,1,Low
P08466,70,Male,85.0,123.0,69,25,93.9,36.9,89.0,,No,No,No,Hypertension,Normal,6,Medium
P08467,36,Female,74.0,131.0,54,9,97.9,36.3,146.4,2.44,No,No,No,None,Normal,0,Low
P08468,23,Male,108.0,150.0,92,18,100.0,36.9,141.9,1.22,No,Yes,No,Diabetes,Abnormal,5,Medium
P08469,66,Female,88.0,93.0,98,17,98.4,37.3,,1.28,Yes,No,Yes,Hypertension,Normal,8,High
P08470,90,Male,92.0,88.0,66,17,94.7,37.6,189.5,2.84,No,No,No,Cardiac,Normal,7,Medium
P08471,67,Female,108.0,136.0,107,20,93.8,37.1,138.2,2.34,No,No,No,Diabetes,Normal,5,Medium
P08472,29,Female,83.0,161.0,87,19,95.1,37.5,110.2,1.22,No,Yes,No,Hypertension,Abnormal,4,Medium
P08473,40,Male,126.0,167.0,85,22,92.9,37.0,50.3,1.51,Yes,No,No,None,Normal,7,Medium
P08474,71,Male,76.0,94.0,70,12,92.6,35.2,154.1,1.75,No,No,No,Cardiac,Abnormal,9,High
P08475,86,Female,125.0,115.0,93,29,93.6,36.9,160.3,2.46,No,No,No,None,Normal,7,Medium
P08476,76,Male,66.0,88.0,55,16,97.6,36.0,104.7,1.62,Yes,No,No,None,Normal,6,Medium
P08477,53,Female,95.0,111.0,73,19,94.4,37.1,129.1,2.85,No,No,No,Hypertension,Abnormal,4,Medium
P08478,20,Female,72.0,153.0,67,17,95.3,36.8,73.9,2.09,No,No,No,None,Normal,0,Low
P08479,75,Male,107.0,125.0,58,18,97.4,36.8,91.1,2.89,No,No,No,Diabetes,Normal,5,Medium
P08480,72,Male,75.0,116.0,91,15,98.2,36.3,62.1,0.88,No,No,No,Respiratory,Normal,2,Low
P08481,74,Male,91.0,139.0,83,19,90.2,36.7,125.8,3.0,No,No,No,Diabetes,Normal,5,Medium
P08482,34,Female,72.0,105.0,90,21,90.8,37.2,99.0,2.74,No,No,Yes,Hypertension,Normal,7,Medium
P08483,56,Female,104.0,,74,8,94.8,36.3,165.0,1.86,Yes,Yes,No,Multiple,Normal,5,Medium
P08484,85,Male,72.0,125.0,93,16,92.7,36.5,124.4,1.38,No,No,No,Cardiac,Normal,5,Medium
P08485,72,Female,119.0,115.0,79,16,98.6,35.6,129.1,2.84,No,No,Yes,Hypertension,Abnormal,10,High
P08486,62,Female,65.0,140.0,71,30,94.6,37.2,115.5,1.43,No,No,No,Diabetes,Normal,3,Low
P08487,18,Male,58.0,148.0,68,22,100.0,36.0,178.2,1.8,No,Yes,Yes,Multiple,Normal,6,Medium
P08488,38,Female,104.0,165.0,48,26,94.5,37.0,173.1,2.2,No,No,Yes,None,Normal,5,Medium
P08489,38,Female,73.0,120.0,95,21,96.9,37.6,108.1,0.89,Yes,No,No,Hypertension,Abnormal,4,Medium
P08490,69,Female,85.0,152.0,94,18,94.0,38.0,126.9,1.65,No,Yes,No,Respiratory,Normal,3,Low
P08491,60,Male,79.0,128.0,122,20,97.5,36.7,171.6,1.06,Yes,No,No,None,Abnormal,4,Medium
P08492,69,Male,59.0,110.0,73,24,97.5,37.5,,0.56,No,No,No,Diabetes,Normal,3,Low
P08493,84,Female,83.0,106.0,68,27,98.7,37.0,127.1,3.47,No,No,No,Respiratory,Abnormal,7,Medium
P08494,61,Male,110.0,98.0,52,20,95.6,35.5,101.0,1.28,No,Yes,No,Diabetes,Normal,7,Medium
P08495,49,Female,105.0,106.0,92,15,99.8,35.8,173.9,2.3,No,No,No,Hypertension,Abnormal,5,Medium
P08496,27,Male,90.0,153.0,89,23,96.9,37.7,136.2,3.48,No,Yes,No,Diabetes,Normal,4,Medium
P08497,81,Female,107.0,143.0,101,14,94.1,37.9,50.0,1.29,No,No,No,Diabetes,Normal,6,Medium
P08498,86,Female,64.0,94.0,64,20,94.1,35.3,98.4,0.79,No,Yes,Yes,Multiple,Normal,11,High
P08499,85,Female,78.0,81.0,89,21,98.2,37.3,171.1,3.21,Yes,No,No,Respiratory,Normal,8,High
P08500,45,Female,93.0,,70,17,99.8,37.2,150.7,1.05,No,No,No,Hypertension,Abnormal,5,Medium
P08501,70,Male,82.0,106.0,98,13,92.6,36.4,73.3,1.47,Yes,No,No,Hypertension,Normal,5,Medium
P08502,68,Female,80.0,117.0,86,16,98.3,36.4,75.9,1.34,No,Yes,No,None,Normal,2,Low
P08503,70,Female,61.0,154.0,55,16,91.5,36.2,118.1,1.92,No,No,No,Cardiac,Normal,4,Medium
P08504,21,Male,45.0,111.0,76,13,94.1,35.5,112.8,0.5,No,Yes,No,Hypertension,Normal,3,Low
P08505,34,Male,101.0,167.0,49,16,97.5,36.2,104.7,,No,No,No,Multiple,Normal,3,Low
P08506,84,Female,90.0,83.0,61,11,93.5,37.6,,2.17,No,No,No,Hypertension,Normal,8,High
P08507,64,Female,103.0,116.0,61,21,100.0,36.7,91.5,2.49,Yes,No,No,Hypertension,Normal,4,Medium
P08508,73,Male,76.0,145.0,68,20,97.8,37.6,205.2,2.48,No,No,No,Respiratory,Abnormal,4,Medium
P08509,40,Female,71.0,146.0,74,19,92.5,35.4,100.4,2.16,Yes,No,No,None,Normal,4,Medium
P08510,35,Female,85.0,117.0,80,16,98.0,37.4,88.6,1.56,No,No,No,Hypertension,Normal,1,Low
P08511,18,Female,102.0,150.0,80,17,92.0,37.6,135.2,1.85,Yes,No,No,Multiple,Normal,6,Medium
P08512,52,Female,80.0,145.0,78,14,96.0,34.9,110.9,1.28,No,No,No,None,Abnormal,4,Medium
P08513,81,Female,101.0,108.0,83,21,98.6,36.6,78.1,1.95,No,Yes,No,Multiple,Normal,6,Medium
P08514,75,Female,65.0,133.0,59,11,98.1,37.3,105.0,1.17,No,No,No,Respiratory,Abnormal,5,Medium
P08515,76,Female,82.0,143.0,79,18,95.7,38.0,112.6,1.91,No,No,No,Respiratory,Abnormal,5,Medium
P08516,18,Female,84.0,110.0,100,15,95.0,35.9,132.2,1.45,No,No,No,None,Normal,1,Low
P08517,20,Female,110.0,167.0,76,27,92.5,38.1,127.5,1.15,No,No,No,None,Normal,4,Medium
P08518,84,Male,89.0,104.0,85,21,96.5,37.4,74.4,2.64,No,No,Yes,Respiratory,Normal,7,Medium
P08519,54,Male,120.0,129.0,84,18,98.4,36.2,139.3,2.43,Yes,No,No,Hypertension,Abnormal,5,Medium
P08520,46,Male,58.0,,91,12,100.0,37.8,150.7,1.85,Yes,No,No,Hypertension,Normal,4,Medium
P08521,50,Female,88.0,128.0,82,11,94.6,38.8,72.0,0.5,No,No,No,Multiple,Normal,3,Low
P08522,78,Female,89.0,98.0,91,20,98.5,36.7,83.9,1.1,No,No,No,None,Normal,4,Medium
P08523,21,Female,97.0,118.0,86,27,98.3,36.7,108.0,1.74,Yes,No,No,Multiple,Abnormal,6,Medium
P08524,31,Male,69.0,85.0,88,20,94.6,36.2,123.8,2.18,No,No,No,Hypertension,Normal,4,Medium
P08525,50,Male,119.0,145.0,85,19,98.2,38.5,125.3,2.19,Yes,No,No,None,Abnormal,4,Medium
P08526,39,Female,85.0,134.0,63,19,93.6,36.4,113.3,1.99,No,No,No,Diabetes,Normal,3,Low
P08527,65,Male,63.0,152.0,60,19,96.8,36.2,57.7,1.82,No,No,No,Cardiac,Normal,4,Medium
P08528,20,Male,85.0,116.0,73,19,95.4,36.5,155.5,1.63,No,No,No,None,Normal,0,Low
P08529,40,Female,79.0,153.0,101,15,97.3,36.5,75.3,1.3,No,Yes,No,Multiple,Normal,3,Low
P08530,85,Female,141.0,126.0,75,13,97.6,36.5,169.0,3.12,No,No,No,None,Normal,5,Medium
P08531,38,Male,106.0,128.0,83,19,94.4,36.4,161.7,2.63,No,No,Yes,None,Normal,5,Medium
P08532,60,Female,86.0,178.0,48,25,96.0,36.4,70.5,2.27,No,No,No,Cardiac,Normal,3,Low
P08533,43,Male,83.0,113.0,81,22,95.6,37.1,129.1,0.89,No,No,Yes,Diabetes,Abnormal,6,Medium
P08534,58,Male,104.0,156.0,79,12,92.7,38.1,169.4,0.85,No,No,No,None,Normal,3,Low
P08535,55,Male,105.0,137.0,40,17,94.9,36.2,138.6,1.77,Yes,Yes,No,Hypertension,Normal,4,Medium
P08536,28,Female,45.0,111.0,82,22,94.3,36.0,50.0,1.39,Yes,Yes,No,None,Normal,4,Medium
P08537,46,Male,98.0,92.0,53,26,92.6,37.3,113.5,0.89,No,No,No,None,Abnormal,7,Medium
P08538,77,Male,86.0,99.0,67,27,93.6,37.4,148.4,1.88,No,No,No,Diabetes,Normal,8,High
P08539,84,Female,59.0,153.0,93,17,95.2,38.2,182.2,0.5,No,Yes,No,Diabetes,Normal,4,Medium
P08540,82,Female,103.0,168.0,80,22,96.2,38.1,109.6,1.73,No,Yes,Yes,None,Normal,7,Medium
P08541,78,Male,130.0,127.0,71,19,92.3,35.7,50.0,2.21,Yes,No,No,Diabetes,Normal,11,High
P08542,36,Female,96.0,129.0,70,17,99.6,35.4,202.5,2.18,No,No,No,Cardiac,Normal,2,Low
P08543,63,Female,107.0,144.0,72,18,97.8,37.5,110.1,0.5,Yes,No,Yes,Multiple,Normal,8,High
P08544,66,Male,121.0,127.0,80,18,95.7,37.4,172.8,0.5,No,Yes,No,Cardiac,Normal,5,Medium
P08545,39,Female,68.0,152.0,60,24,92.3,38.2,104.7,1.63,Yes,No,No,Diabetes,Abnormal,7,Medium
P08546,74,Male,48.0,132.0,95,11,95.4,37.3,137.0,1.3,No,No,Yes,Diabetes,Normal,5,Medium
P08547,31,Female,98.0,128.0,61,20,95.2,36.5,87.6,0.83,No,No,No,None,Normal,0,Low
P08548,61,Female,80.0,108.0,52,26,92.8,37.8,88.4,0.5,No,Yes,Yes,None,Normal,8,High
P08549,33,Male,58.0,101.0,93,25,92.5,36.2,187.4,1.09,No,No,No,Multiple,Normal,5,Medium
P08550,29,Male,83.0,70.0,71,21,98.3,38.6,152.6,1.72,Yes,No,No,Multiple,Normal,7,Medium
P08551,72,Female,100.0,156.0,79,14,95.0,37.2,113.9,1.61,No,No,No,Hypertension,Normal,2,Low
P08552,68,Female,82.0,121.0,88,22,98.7,36.4,,0.84,No,Yes,No,None,Abnormal,4,Medium
P08553,56,Female,,,67,25,96.0,36.3,87.9,1.0,No,No,Yes,Hypertension,Abnormal,7,Medium
P08554,50,Male,81.0,76.0,80,15,98.3,37.2,115.1,1.53,Yes,Yes,No,Hypertension,Normal,6,Medium
P08555,50,Female,85.0,109.0,88,20,98.2,36.9,119.1,1.14,No,Yes,No,Respiratory,Normal,2,Low
P08556,46,Male,46.0,106.0,103,17,97.4,36.9,84.7,2.06,No,No,No,Diabetes,Normal,1,Low
P08557,86,Female,82.0,105.0,70,15,99.5,36.0,79.4,2.25,No,No,No,None,Normal,2,Low
P08558,87,Female,58.0,133.0,71,16,96.3,36.9,50.0,2.16,No,No,No,Diabetes,Normal,5,Medium
P08559,48,Female,98.0,128.0,86,19,91.5,37.7,76.3,0.92,No,No,No,None,Normal,2,Low
P08560,48,Female,54.0,91.0,81,13,92.0,36.4,188.1,2.07,No,No,No,None,Normal,4,Medium
P08561,63,Female,105.0,93.0,76,13,94.0,37.2,50.0,2.09,No,No,No,None,Normal,6,Medium
P08562,69,Male,77.0,93.0,102,14,98.2,37.9,113.6,2.99,No,No,Yes,None,Abnormal,9,High
P08563,27,Male,74.0,170.0,53,20,94.8,37.5,121.1,3.38,Yes,No,Yes,Diabetes,Normal,6,Medium
P08564,58,Male,91.0,162.0,57,11,96.6,36.0,105.0,2.79,No,No,No,Multiple,Abnormal,5,Medium
P08565,20,Female,68.0,104.0,53,8,97.6,37.3,150.0,1.43,No,No,No,None,Normal,0,Low
P08566,76,Male,91.0,76.0,96,25,96.5,38.2,104.0,1.18,Yes,No,No,Respiratory,Normal,8,High
P08567,69,Male,70.0,128.0,86,13,89.1,37.4,153.1,1.64,Yes,Yes,Yes,Cardiac,Normal,11,High
P08568,51,Female,74.0,126.0,57,17,,37.9,137.0,1.34,No,No,No,Diabetes,Normal,3,Low
P08569,66,Female,93.0,133.0,76,23,100.0,37.8,60.9,3.48,Yes,No,No,Hypertension,Normal,5,Medium
P08570,45,Male,62.0,144.0,78,11,97.0,36.1,161.5,2.56,No,No,No,Diabetes,Normal,2,Low
P08571,30,Male,60.0,136.0,45,11,87.9,38.4,102.4,2.3,Yes,No,No,Hypertension,Normal,6,Medium
P08572,86,Male,90.0,97.0,81,15,96.2,38.0,50.0,2.44,Yes,Yes,No,Hypertension,Normal,9,High
P08573,84,Male,84.0,132.0,60,23,100.0,36.8,133.9,2.9,No,No,No,Diabetes,Normal,5,Medium
P08574,78,Male,,146.0,89,18,96.8,38.0,103.5,2.29,Yes,Yes,Yes,Respiratory,Abnormal,10,High
P08575,77,Male,92.0,107.0,61,18,96.1,36.9,180.1,1.65,No,No,No,Hypertension,Normal,3,Low
P08576,88,Male,86.0,132.0,81,17,90.5,36.9,158.8,2.39,No,No,No,Diabetes,Normal,5,Medium
P08577,41,Female,97.0,111.0,97,21,95.2,36.3,78.9,2.39,Yes,No,No,Hypertension,Normal,2,Low
P08578,80,Male,87.0,175.0,93,25,91.1,36.2,153.0,0.91,Yes,No,No,None,Normal,6,Medium
P08579,78,Female,45.0,92.0,86,33,92.3,37.1,87.2,3.72,Yes,No,No,None,Abnormal,13,High
P08580,40,Female,50.0,154.0,77,17,91.6,36.8,50.0,1.31,No,No,No,Respiratory,Normal,5,Medium
P08581,47,Female,124.0,83.0,55,26,100.0,35.8,90.4,3.03,No,No,No,Cardiac,Normal,9,High
P08582,77,Male,85.0,170.0,71,23,98.2,37.3,,1.67,No,No,No,None,Normal,3,Low
P08583,35,Male,104.0,96.0,75,19,100.0,37.4,114.5,,No,No,No,None,Abnormal,6,Medium
P08584,73,Female,78.0,130.0,74,8,92.0,37.2,192.2,1.84,Yes,No,No,Respiratory,Normal,5,Medium
P08585,70,Male,84.0,84.0,55,16,,37.2,118.1,0.65,No,Yes,No,Cardiac,Normal,6,Medium
P08586,24,Male,76.0,91.0,85,16,93.0,37.3,133.5,2.66,No,No,No,None,Normal,5,Medium
P08587,86,Female,134.0,147.0,60,20,93.3,37.1,74.9,2.98,No,Yes,Yes,None,Normal,11,High
P08588,89,Male,90.0,151.0,101,17,97.4,37.3,93.4,1.79,No,No,No,None,Normal,2,Low
P08589,69,Female,74.0,131.0,80,15,96.5,37.4,136.8,2.49,No,No,No,Respiratory,Normal,2,Low
P08590,21,Female,52.0,,93,28,96.9,36.5,112.3,1.25,Yes,No,Yes,Multiple,Abnormal,9,High
P08591,51,Female,124.0,151.0,92,25,92.2,36.0,86.2,1.85,No,Yes,No,Hypertension,Normal,7,Medium
P08592,86,Female,82.0,108.0,109,8,96.4,37.3,155.1,2.69,No,No,No,None,Normal,3,Low
P08593,50,Male,100.0,90.0,81,17,97.0,37.1,120.6,2.11,No,No,No,Multiple,Normal,4,Medium
P08594,86,Female,102.0,125.0,72,21,94.0,37.4,197.2,2.21,No,No,No,None,Normal,3,Low
P08595,55,Male,76.0,111.0,72,25,95.2,37.9,141.4,2.62,Yes,No,No,Cardiac,Abnormal,6,Medium
P08596,43,Male,98.0,135.0,100,16,91.1,37.0,69.6,3.15,No,No,No,Multiple,Normal,5,Medium
P08597,18,Male,73.0,139.0,58,17,,36.9,119.6,2.71,No,Yes,No,Cardiac,Normal,7,Medium
P08598,21,Male,65.0,108.0,65,18,100.0,37.4,66.8,2.07,No,No,Yes,Multiple,Abnormal,7,Medium
P08599,56,Female,108.0,143.0,82,21,96.6,36.2,195.2,1.79,No,No,No,None,Abnormal,3,Low
P08600,71,Female,82.0,141.0,76,10,94.9,37.0,75.4,1.95,Yes,No,No,None,Normal,2,Low
P08601,50,Female,95.0,143.0,93,8,98.4,36.9,159.6,0.77,No,No,No,Hypertension,Abnormal,3,Low
P08602,50,Female,93.0,115.0,58,24,93.4,37.7,153.2,2.01,No,No,No,Diabetes,Normal,4,Medium
P08603,89,Female,98.0,144.0,77,13,96.3,36.6,87.7,0.88,No,No,No,None,Normal,2,Low
P08604,37,Male,54.0,138.0,75,29,99.3,37.1,128.1,1.5,No,No,No,Cardiac,Normal,2,Low
P08605,33,Female,73.0,141.0,62,14,92.7,36.9,125.2,2.4,No,No,Yes,None,Normal,5,Medium
P08606,38,Male,79.0,167.0,91,17,94.5,35.0,148.3,1.49,Yes,No,No,Multiple,Normal,4,Medium
P08607,62,Male,68.0,133.0,77,20,91.9,36.6,122.1,2.93,Yes,No,No,Cardiac,Normal,6,Medium
P08608,79,Female,94.0,110.0,76,8,98.5,37.0,88.3,1.77,No,No,No,None,Normal,2,Low
P08609,48,Male,109.0,97.0,66,32,96.6,36.3,137.4,2.76,No,No,No,Diabetes,Abnormal,10,High
P08610,59,Male,112.0,153.0,72,16,99.5,36.9,137.6,1.58,No,No,No,Multiple,Abnormal,5,Medium
P08611,29,Female,78.0,134.0,63,14,98.5,38.1,77.8,1.71,No,No,No,Hypertension,Normal,1,Low
P08612,82,Female,91.0,167.0,91,12,95.2,37.8,50.0,2.72,Yes,No,No,Cardiac,Normal,7,Medium
P08613,90,Female,94.0,74.0,93,20,97.2,35.5,138.7,1.66,No,No,No,Multiple,Normal,8,High
P08614,20,Male,97.0,148.0,103,19,97.3,37.6,129.9,2.1,No,No,No,Cardiac,Normal,1,Low
P08615,26,Female,67.0,118.0,85,12,98.2,37.4,132.3,1.46,No,No,No,None,Abnormal,2,Low
P08616,68,Female,121.0,116.0,73,11,100.0,36.9,167.8,0.5,No,No,No,None,Abnormal,5,Medium
P08617,33,Male,104.0,106.0,71,23,92.7,35.1,150.0,1.32,Yes,No,No,None,Abnormal,8,High
P08618,20,Female,104.0,147.0,85,15,90.4,37.6,166.7,2.97,No,No,No,Hypertension,Normal,5,Medium
P08619,41,Male,109.0,140.0,81,9,92.8,36.7,146.3,2.07,Yes,Yes,No,Diabetes,Abnormal,8,High
P08620,90,Male,96.0,,75,17,97.4,37.2,120.8,2.51,Yes,No,Yes,Hypertension,Abnormal,12,High
P08621,30,Female,64.0,129.0,74,16,97.2,36.2,65.8,2.54,No,No,No,Multiple,Normal,3,Low
P08622,19,Male,82.0,143.0,96,28,94.3,36.4,176.6,,No,No,No,Cardiac,Abnormal,4,Medium
P08623,88,Male,52.0,129.0,72,15,95.2,37.7,106.6,3.08,No,Yes,No,None,Normal,4,Medium
P08624,38,Female,93.0,153.0,98,16,93.5,38.3,90.8,1.55,Yes,Yes,No,Multiple,Abnormal,8,High
P08625,36,Female,82.0,118.0,81,19,95.7,36.7,140.5,2.99,No,No,No,None,Normal,1,Low
P08626,64,Female,84.0,70.0,72,15,93.9,38.2,50.0,2.34,No,Yes,No,Diabetes,Normal,10,High
P08627,39,Male,109.0,130.0,66,20,100.0,36.7,85.4,2.16,No,No,No,None,Normal,1,Low
P08628,50,Male,76.0,130.0,76,13,100.0,36.6,89.8,0.5,No,No,No,None,Normal,0,Low
P08629,49,Female,80.0,133.0,86,17,98.2,35.9,88.7,2.12,Yes,No,Yes,Multiple,Abnormal,9,High
P08630,81,Female,85.0,153.0,72,20,96.1,37.4,192.4,2.53,No,No,No,Hypertension,Abnormal,6,Medium
P08631,56,Female,48.0,76.0,91,24,,36.8,111.7,1.99,No,No,No,None,Normal,4,Medium
P08632,89,Male,80.0,119.0,72,15,96.3,36.9,89.4,2.8,Yes,No,No,None,Normal,4,Medium
P08633,59,Female,45.0,102.0,76,15,96.5,36.7,113.1,2.84,Yes,No,No,Respiratory,Normal,3,Low
P08634,26,Male,73.0,95.0,59,26,90.8,36.2,149.1,1.58,No,No,No,None,Normal,5,Medium
P08635,42,Female,102.0,123.0,86,15,96.8,37.5,50.0,1.89,No,No,No,None,Abnormal,5,Medium
P08636,19,Male,94.0,143.0,74,18,92.1,37.0,119.6,1.59,No,No,No,Diabetes,Normal,3,Low
P08637,36,Male,73.0,133.0,102,27,94.8,37.6,96.9,1.46,No,No,No,None,Normal,1,Low
P08638,37,Female,86.0,108.0,89,18,96.5,36.2,125.8,1.88,No,No,No,Diabetes,Normal,1,Low
P08639,87,Male,64.0,121.0,79,17,93.3,37.2,69.2,1.99,No,Yes,No,Respiratory,Abnormal,8,High
P08640,34,Male,85.0,148.0,96,17,97.4,38.7,107.8,0.5,Yes,Yes,No,Respiratory,Abnormal,6,Medium
P08641,85,Female,144.0,142.0,84,14,99.2,36.4,109.5,1.77,No,Yes,No,None,Normal,5,Medium
P08642,20,Female,122.0,111.0,93,20,93.3,36.6,64.2,2.12,No,No,No,Cardiac,Abnormal,7,Medium
P08643,68,Male,86.0,110.0,65,13,96.4,36.6,189.6,1.9,No,No,No,None,Normal,1,Low
P08644,43,Male,88.0,82.0,85,22,92.3,36.2,131.6,1.74,No,No,No,Cardiac,Abnormal,8,High
P08645,73,Male,65.0,114.0,86,18,92.5,38.3,151.9,0.99,No,Yes,No,Cardiac,Normal,5,Medium
P08646,81,Female,69.0,82.0,55,19,96.9,35.2,100.8,0.75,Yes,Yes,No,Respiratory,Normal,9,High
P08647,25,Male,92.0,177.0,101,27,98.1,36.0,123.6,1.37,No,No,No,Multiple,Abnormal,5,Medium
P08648,54,Male,75.0,104.0,61,11,91.5,37.4,66.9,0.5,No,No,No,None,Normal,2,Low
P08649,44,Female,103.0,153.0,59,18,100.0,36.4,89.4,1.77,No,No,No,None,Normal,1,Low
P08650,62,Female,116.0,170.0,40,21,94.5,37.0,79.0,1.13,No,No,No,Hypertension,Abnormal,5,Medium
P08651,21,Female,92.0,130.0,85,15,96.6,37.0,126.9,1.96,Yes,Yes,No,Hypertension,Abnormal,5,Medium
P08652,54,Female,87.0,122.0,53,23,94.4,37.4,183.3,1.35,No,Yes,No,Respiratory,Normal,3,Low
P08653,88,Female,51.0,92.0,70,15,95.1,37.1,151.1,0.5,Yes,Yes,No,None,Normal,6,Medium
P08654,50,Male,100.0,112.0,91,19,100.0,36.7,187.5,1.01,No,No,No,Diabetes,Normal,1,Low
P08655,48,Male,62.0,165.0,81,17,100.0,37.1,146.8,1.95,No,No,No,None,Abnormal,2,Low
P08656,72,Male,77.0,134.0,69,19,,36.9,,2.42,Yes,No,No,None,Normal,4,Medium
P08657,29,Female,104.0,126.0,54,18,94.3,38.4,78.1,1.58,Yes,No,No,Cardiac,Normal,3,Low
P08658,28,Female,106.0,158.0,76,18,100.0,36.5,127.9,2.0,No,No,No,Diabetes,Normal,2,Low
P08659,89,Female,76.0,142.0,91,16,94.7,37.4,96.0,1.65,No,No,No,None,Abnormal,4,Medium
P08660,49,Male,77.0,121.0,89,15,97.3,37.7,148.3,1.63,No,No,No,None,Normal,0,Low
P08661,74,Female,71.0,130.0,105,20,99.4,35.9,60.6,1.15,No,Yes,No,None,Normal,3,Low
P08662,55,Female,61.0,106.0,68,18,98.6,36.1,110.7,1.77,Yes,Yes,Yes,Diabetes,Abnormal,8,High
P08663,77,Female,72.0,111.0,58,15,87.5,38.5,115.7,1.31,No,No,No,Multiple,Normal,8,High
P08664,36,Male,53.0,120.0,83,20,97.0,36.5,186.5,2.9,Yes,No,No,None,Normal,2,Low
P08665,73,Female,99.0,139.0,81,16,100.0,37.0,74.1,1.26,Yes,No,No,None,Normal,2,Low
P08666,31,Female,,94.0,78,26,96.1,36.9,161.7,1.94,No,Yes,No,Hypertension,Normal,5,Medium
P08667,50,Male,96.0,127.0,67,30,92.9,37.0,147.9,0.95,No,Yes,No,Diabetes,Normal,5,Medium
P08668,27,Female,66.0,115.0,40,25,92.9,36.7,104.8,,No,No,No,Cardiac,Normal,4,Medium
P08669,81,Female,61.0,102.0,63,25,95.4,37.1,131.4,0.99,Yes,No,No,Diabetes,Normal,5,Medium
P08670,81,Female,86.0,115.0,86,22,98.0,36.3,105.0,1.34,Yes,No,No,None,Normal,3,Low
P08671,79,Male,86.0,70.0,82,17,100.0,36.8,115.6,,No,Yes,No,Cardiac,Normal,8,High
P08672,85,Female,82.0,106.0,92,9,95.1,35.4,145.1,1.76,No,No,No,Diabetes,Abnormal,6,Medium
P08673,60,Female,79.0,98.0,83,13,97.7,36.9,216.8,2.46,Yes,Yes,Yes,Respiratory,Normal,9,High
P08674,76,Male,119.0,118.0,89,15,91.4,37.3,153.6,1.63,Yes,Yes,No,None,Normal,7,Medium
P08675,69,Male,94.0,70.0,89,24,90.9,37.8,124.9,2.39,No,No,No,None,Abnormal,9,High
P08676,36,Female,124.0,,78,19,94.5,37.9,171.9,2.45,No,No,No,Diabetes,Abnormal,5,Medium
P08677,38,Male,110.0,148.0,78,15,97.3,36.7,58.2,2.37,Yes,No,No,None,Normal,4,Medium
P08678,39,Female,119.0,122.0,40,9,95.7,37.7,98.8,2.56,No,No,Yes,None,Normal,5,Medium
P08679,26,Male,64.0,137.0,68,30,96.2,36.1,117.7,2.19,No,Yes,No,None,Normal,2,Low
P08680,26,Female,97.0,112.0,69,21,95.2,36.6,73.5,1.46,No,No,No,Diabetes,Abnormal,3,Low
P08681,90,Female,76.0,86.0,76,23,95.9,38.3,93.4,0.67,No,No,No,Cardiac,Normal,7,Medium
P08682,44,Female,52.0,125.0,64,15,95.1,37.1,50.0,1.19,No,No,No,None,Normal,2,Low
P08683,34,Male,115.0,142.0,92,17,92.0,37.2,63.9,2.11,No,Yes,No,Respiratory,Normal,5,Medium
P08684,61,Male,79.0,92.0,65,16,91.5,36.9,105.2,2.69,No,Yes,No,Respiratory,Abnormal,10,High
P08685,62,Female,64.0,113.0,95,18,100.0,38.5,77.4,2.19,No,No,Yes,None,Normal,4,Medium
P08686,25,Female,77.0,119.0,64,27,93.5,37.4,131.8,1.55,No,No,No,Diabetes,Abnormal,6,Medium
P08687,35,Female,69.0,196.0,69,12,95.3,38.2,125.7,1.46,No,No,No,Multiple,Abnormal,6,Medium
P08688,50,Female,71.0,131.0,68,18,99.6,36.5,129.3,1.83,Yes,No,No,Hypertension,Normal,2,Low
P08689,18,Male,81.0,77.0,71,20,95.2,36.2,94.8,2.29,No,No,No,Diabetes,Normal,4,Medium
P08690,23,Male,120.0,71.0,96,17,98.6,36.4,158.3,1.83,No,No,No,Hypertension,Abnormal,7,Medium
P08691,58,Female,72.0,143.0,73,23,93.3,37.5,135.0,1.4,Yes,Yes,No,Diabetes,Abnormal,8,High
P08692,72,Male,118.0,187.0,73,9,100.0,38.3,124.0,1.12,Yes,No,Yes,Multiple,Normal,10,High
P08693,22,Male,102.0,118.0,67,27,96.7,37.6,124.3,1.23,Yes,No,No,None,Normal,3,Low
P08694,76,Male,93.0,116.0,74,11,95.9,37.7,106.7,1.24,No,Yes,No,None,Normal,3,Low
P08695,35,Female,100.0,136.0,81,12,95.5,37.1,167.7,1.75,Yes,No,No,Cardiac,Abnormal,4,Medium
P08696,66,Female,85.0,105.0,75,16,98.3,36.0,160.7,1.15,No,No,Yes,Respiratory,Normal,5,Medium
P08697,82,Male,111.0,70.0,76,15,96.7,38.6,100.4,1.35,Yes,No,No,Hypertension,Normal,9,High
P08698,71,Male,96.0,151.0,93,20,,37.5,121.6,2.35,Yes,Yes,No,None,Abnormal,9,High
P08699,78,Female,52.0,110.0,82,20,94.7,37.4,99.1,2.27,No,No,No,Cardiac,Normal,3,Low
P08700,25,Female,91.0,151.0,61,19,97.0,37.7,213.6,3.16,No,No,No,None,Normal,1,Low
P08701,20,Female,101.0,106.0,77,11,93.1,35.6,104.8,2.07,Yes,No,No,None,Abnormal,7,Medium
P08702,42,Male,79.0,128.0,70,17,94.5,36.6,162.8,0.67,Yes,Yes,No,Respiratory,Abnormal,5,Medium
P08703,86,Male,88.0,146.0,86,18,94.8,37.5,222.2,0.57,No,No,No,Cardiac,Normal,3,Low
P08704,72,Male,73.0,152.0,80,24,100.0,36.9,127.7,1.9,No,Yes,No,Hypertension,Normal,4,Medium
P08705,57,Female,57.0,131.0,95,19,97.8,36.9,50.0,1.76,No,No,No,None,Normal,2,Low
P08706,67,Female,54.0,,67,20,97.0,38.0,175.4,1.6,No,No,No,Respiratory,Normal,2,Low
P08707,50,Female,54.0,140.0,75,28,92.5,37.1,94.5,0.86,Yes,No,No,None,Abnormal,6,Medium
P08708,35,Female,98.0,137.0,62,12,93.9,38.9,87.5,1.03,No,No,No,Hypertension,Abnormal,6,Medium
P08709,74,Female,45.0,93.0,77,16,98.6,37.0,186.2,2.66,Yes,No,No,Cardiac,Normal,6,Medium
P08710,33,Male,72.0,93.0,55,12,98.0,37.6,62.9,2.62,No,No,No,None,Abnormal,5,Medium
P08711,55,Male,70.0,72.0,83,26,91.7,37.4,172.4,2.01,Yes,No,No,Cardiac,Abnormal,10,High
P08712,58,Male,79.0,144.0,77,26,100.0,36.5,106.0,2.3,No,No,No,None,Normal,1,Low
P08713,24,Female,48.0,115.0,80,26,93.4,36.2,,0.88,No,No,No,Multiple,Normal,7,Medium
P08714,70,Male,93.0,146.0,90,21,97.1,37.0,150.4,2.05,No,Yes,No,Diabetes,Normal,3,Low
P08715,80,Female,60.0,135.0,81,20,100.0,38.5,50.0,1.28,No,Yes,No,Respiratory,Normal,6,Medium
P08716,49,Male,108.0,100.0,59,16,94.7,36.7,113.2,2.8,Yes,Yes,No,None,Abnormal,6,Medium
P08717,55,Male,73.0,122.0,70,22,96.5,37.4,50.0,2.19,No,No,No,Cardiac,Normal,3,Low
P08718,39,Female,83.0,114.0,77,12,94.3,36.8,101.9,0.56,Yes,Yes,No,Hypertension,Abnormal,5,Medium
P08719,33,Male,85.0,110.0,73,12,96.5,37.2,142.9,0.82,No,No,No,Diabetes,Normal,1,Low
P08720,69,Male,90.0,148.0,75,16,100.0,37.9,131.9,1.73,No,No,No,Multiple,Normal,3,Low
P08721,46,Male,86.0,188.0,102,27,95.4,37.1,123.3,1.07,Yes,No,No,Respiratory,Normal,5,Medium
P08722,33,Male,76.0,153.0,80,15,95.1,36.5,155.4,2.69,No,No,No,None,Abnormal,3,Low
P08723,34,Male,92.0,124.0,84,16,99.3,38.3,115.0,0.5,No,No,No,Multiple,Normal,2,Low
P08724,81,Male,94.0,156.0,48,19,92.2,36.5,106.3,1.74,No,No,No,Diabetes,Normal,5,Medium
P08725,30,Male,70.0,168.0,89,22,96.2,37.5,126.4,0.53,Yes,No,No,Hypertension,Normal,2,Low
P08726,89,Female,94.0,90.0,121,24,93.8,35.8,88.5,1.5,No,Yes,No,None,Normal,9,High
P08727,73,Male,109.0,156.0,98,12,95.3,38.0,149.5,0.81,Yes,No,No,Multiple,Normal,5,Medium
P08728,22,Female,99.0,144.0,71,18,93.3,39.1,117.8,1.74,No,Yes,No,Diabetes,Normal,5,Medium
P08729,29,Male,104.0,155.0,112,19,91.7,37.0,143.6,1.07,Yes,No,No,Diabetes,Normal,5,Medium
P08730,58,Female,88.0,145.0,78,20,89.4,36.2,107.9,1.25,No,No,No,None,Abnormal,6,Medium
P08731,20,Female,66.0,119.0,83,22,94.6,37.6,135.0,2.65,No,No,No,Diabetes,Normal,2,Low
P08732,50,Male,69.0,176.0,74,22,96.7,37.1,141.6,1.44,No,Yes,No,Cardiac,Normal,2,Low
P08733,67,Female,91.0,133.0,74,18,98.4,38.7,50.0,0.5,No,No,No,None,Normal,4,Medium
P08734,73,Female,104.0,114.0,44,24,92.0,36.5,56.6,1.67,No,No,No,None,Abnormal,9,High
P08735,26,Male,141.0,138.0,90,23,96.5,35.9,92.7,2.93,No,No,No,None,Abnormal,7,Medium
P08736,67,Female,105.0,149.0,74,22,97.7,37.2,109.8,2.09,Yes,Yes,No,None,Abnormal,6,Medium
P08737,46,Male,62.0,127.0,75,15,97.1,37.5,166.0,2.54,No,No,No,None,Normal,1,Low
P08738,56,Female,70.0,135.0,82,22,96.8,36.4,133.2,1.31,No,No,No,Multiple,Normal,2,Low
P08739,62,Female,131.0,127.0,72,24,89.5,37.8,135.9,2.31,No,No,No,Respiratory,Normal,9,High
P08740,34,Female,81.0,108.0,82,15,95.6,37.0,176.7,1.43,No,No,No,None,Normal,0,Low
P08741,73,Female,86.0,104.0,96,19,95.8,36.8,170.0,2.06,No,No,No,Multiple,Abnormal,5,Medium
P08742,63,Male,66.0,90.0,84,26,97.6,37.4,74.7,2.74,Yes,No,No,Diabetes,Normal,7,Medium
P08743,84,Male,116.0,163.0,76,20,100.0,36.8,164.3,0.94,No,No,Yes,None,Normal,6,Medium
P08744,86,Male,95.0,119.0,76,18,95.2,36.4,119.2,0.5,Yes,No,No,Hypertension,Normal,4,Medium
P08745,31,Male,70.0,70.0,81,25,95.0,35.7,94.4,1.46,No,No,No,Hypertension,Normal,6,Medium
P08746,84,Male,65.0,135.0,66,16,96.4,36.5,103.3,2.06,No,Yes,No,Diabetes,Abnormal,6,Medium
P08747,40,Female,91.0,134.0,81,10,96.1,39.0,90.0,3.12,No,No,No,None,Abnormal,4,Medium
P08748,78,Male,86.0,78.0,88,14,97.3,37.0,120.6,1.87,No,No,No,Cardiac,Normal,6,Medium
P08749,40,Female,102.0,104.0,79,24,97.6,36.2,111.7,2.3,No,Yes,No,Hypertension,Normal,4,Medium
P08750,44,Male,96.0,103.0,72,21,95.5,38.0,,1.25,No,Yes,No,Respiratory,Normal,2,Low
P08751,71,Male,80.0,106.0,74,18,97.5,37.0,192.3,1.27,No,No,No,None,Normal,1,Low
P08752,27,Male,74.0,155.0,88,23,95.3,37.2,98.8,2.08,No,No,No,Multiple,Abnormal,5,Medium
P08753,33,Male,82.0,121.0,61,19,91.6,37.2,63.2,3.07,Yes,Yes,No,Hypertension,Abnormal,8,High
P08754,58,Female,74.0,114.0,66,17,92.5,38.2,141.7,1.82,No,No,Yes,Diabetes,Abnormal,8,High
P08755,72,Male,82.0,153.0,54,22,89.0,35.9,152.7,2.01,No,No,No,Cardiac,Abnormal,9,High
P08756,78,Female,85.0,137.0,79,16,100.0,38.2,130.2,1.25,No,Yes,Yes,Hypertension,Normal,7,Medium
P08757,66,Female,67.0,81.0,91,20,99.9,37.6,53.5,1.35,Yes,Yes,No,Diabetes,Abnormal,11,High
P08758,90,Male,98.0,110.0,98,14,99.1,37.1,,2.7,No,No,No,Cardiac,Normal,4,Medium
P08759,69,Female,78.0,133.0,101,13,95.4,36.3,120.9,0.64,No,No,No,None,Normal,1,Low
P08760,19,Female,68.0,102.0,68,14,98.9,36.8,90.4,1.19,Yes,No,No,None,Normal,1,Low
P08761,67,Male,78.0,176.0,82,18,98.7,37.0,75.1,1.61,No,No,No,Respiratory,Abnormal,4,Medium
P08762,60,Female,90.0,128.0,72,15,,38.4,200.8,1.89,No,Yes,No,None,Normal,4,Medium
P08763,25,Male,87.0,106.0,103,15,93.6,38.1,75.0,1.73,No,Yes,No,Hypertension,Normal,4,Medium
P08764,76,Male,93.0,97.0,98,17,97.6,36.7,163.3,2.43,No,No,No,Multiple,Normal,6,Medium
P08765,82,Female,103.0,148.0,81,18,94.5,38.6,131.5,4.16,No,No,No,None,Normal,7,Medium
P08766,29,Female,,109.0,69,10,93.9,37.8,139.3,0.95,No,Yes,No,Multiple,Abnormal,8,High
P08767,21,Female,91.0,134.0,40,8,98.5,37.4,160.5,2.02,No,No,No,None,Normal,0,Low
P08768,58,Female,64.0,96.0,56,20,93.5,36.8,87.4,1.26,No,No,No,None,Normal,4,Medium
P08769,24,Female,80.0,127.0,50,19,100.0,36.5,103.0,2.54,No,No,No,Hypertension,Abnormal,4,Medium
P08770,86,Female,65.0,109.0,56,11,100.0,37.4,133.9,3.27,No,Yes,No,Hypertension,Normal,5,Medium
P08771,86,Female,119.0,117.0,106,20,95.4,37.3,50.0,1.76,No,No,No,Multiple,Abnormal,9,High
P08772,47,Male,125.0,105.0,59,20,99.7,36.7,181.0,2.6,No,Yes,No,None,Abnormal,6,Medium
P08773,90,Male,98.0,151.0,62,16,96.6,37.9,119.6,1.03,No,No,No,Multiple,Normal,4,Medium
P08774,23,Male,102.0,113.0,64,28,94.8,37.1,77.3,2.81,No,No,No,Hypertension,Normal,4,Medium
P08775,36,Female,90.0,121.0,117,24,100.0,37.3,158.8,3.18,No,Yes,No,Hypertension,Abnormal,6,Medium
P08776,83,Female,92.0,123.0,77,16,97.2,37.9,118.7,1.7,No,No,No,None,Normal,2,Low
P08777,27,Female,53.0,165.0,93,16,93.3,37.7,86.1,2.34,Yes,Yes,No,Multiple,Normal,6,Medium
P08778,33,Male,84.0,147.0,81,11,97.4,35.7,152.8,0.8,No,No,No,None,Normal,1,Low
P08779,54,Male,67.0,145.0,48,24,100.0,37.6,50.0,1.3,Yes,Yes,No,Diabetes,Abnormal,8,High
P08780,49,Male,91.0,86.0,101,19,96.0,37.0,131.8,2.24,No,No,No,None,Normal,3,Low
P08781,64,Female,84.0,109.0,84,22,96.6,36.6,167.4,3.7,No,Yes,No,Diabetes,Abnormal,6,Medium
P08782,89,Male,124.0,155.0,76,8,95.1,37.0,81.7,0.5,No,No,No,None,Abnormal,6,Medium
P08783,60,Male,103.0,96.0,104,22,97.1,36.8,63.7,1.96,No,No,No,Multiple,Normal,6,Medium
P08784,53,Female,91.0,127.0,73,15,93.1,37.1,131.9,2.81,No,No,No,Respiratory,Normal,4,Medium
P08785,43,Male,80.0,98.0,76,21,93.6,37.0,87.9,3.26,No,No,No,Cardiac,Normal,6,Medium
P08786,27,Male,119.0,101.0,73,21,95.0,37.6,204.9,1.64,No,Yes,No,Hypertension,Normal,3,Low
P08787,48,Male,84.0,167.0,94,18,96.5,35.8,93.8,2.84,Yes,No,No,Respiratory,Normal,4,Medium
P08788,46,Female,92.0,143.0,90,15,99.3,37.1,107.2,2.39,No,No,Yes,None,Normal,3,Low
P08789,22,Male,86.0,150.0,82,20,95.6,37.0,135.9,3.22,No,Yes,No,None,Normal,2,Low
P08790,18,Female,77.0,145.0,62,14,98.5,38.8,50.0,1.64,No,No,No,None,Normal,3,Low
P08791,20,Female,86.0,122.0,72,23,94.7,35.4,117.4,1.88,Yes,No,Yes,Hypertension,Normal,7,Medium
P08792,84,Male,46.0,108.0,62,14,97.8,37.7,159.8,1.3,No,No,No,Cardiac,Normal,3,Low
P08793,88,Male,54.0,115.0,95,18,99.6,37.3,111.8,1.56,No,Yes,No,None,Normal,3,Low
P08794,52,Female,92.0,120.0,54,14,95.7,37.6,69.1,1.56,Yes,Yes,No,None,Abnormal,4,Medium
P08795,32,Female,116.0,169.0,102,19,97.1,36.6,97.6,1.15,No,Yes,No,None,Normal,2,Low
P08796,84,Female,92.0,92.0,97,13,94.2,37.3,50.0,3.24,Yes,No,No,None,Normal,8,High
P08797,47,Female,71.0,111.0,64,14,97.8,37.1,103.4,1.85,No,No,No,Diabetes,Abnormal,3,Low
P08798,60,Female,,102.0,72,29,87.6,39.8,159.4,1.42,No,Yes,Yes,Diabetes,Normal,13,High
P08799,77,Male,101.0,151.0,67,22,91.1,36.8,90.0,1.48,No,No,No,None,Normal,5,Medium
P08800,57,Female,74.0,171.0,84,20,97.7,36.4,143.0,0.56,No,Yes,No,Respiratory,Abnormal,4,Medium
P08801,82,Male,98.0,133.0,99,21,91.1,38.6,55.7,2.29,No,No,No,Hypertension,Normal,8,High
P08802,46,Female,93.0,135.0,96,20,94.5,37.3,190.2,1.11,No,No,Yes,Diabetes,Normal,4,Medium
P08803,36,Male,95.0,127.0,72,18,100.0,37.4,160.3,1.31,Yes,No,No,Cardiac,Abnormal,4,Medium
P08804,20,Female,86.0,136.0,97,22,98.6,37.9,95.3,2.71,No,Yes,No,Multiple,Normal,4,Medium
P08805,53,Male,93.0,144.0,96,14,100.0,37.1,62.1,1.37,No,No,No,None,Normal,0,Low
P08806,60,Male,83.0,136.0,75,26,96.2,36.7,94.7,2.17,No,No,No,Multiple,Normal,4,Medium
P08807,32,Female,72.0,137.0,78,19,95.8,37.1,126.3,1.36,No,No,No,Multiple,Normal,2,Low
P08808,58,Female,66.0,144.0,101,22,96.0,36.3,158.4,1.39,No,No,No,None,Abnormal,2,Low
P08809,53,Male,45.0,81.0,94,26,93.2,35.8,50.0,1.3,Yes,No,No,Multiple,Normal,12,High
P08810,50,Male,81.0,125.0,96,20,95.4,36.3,163.2,1.65,No,Yes,No,Cardiac,Abnormal,4,Medium
P08811,22,Male,115.0,133.0,117,14,92.2,35.1,125.3,0.69,No,No,No,None,Normal,4,Medium
P08812,31,Female,100.0,135.0,86,24,99.5,36.7,68.5,2.41,No,No,Yes,Respiratory,Abnormal,7,Medium
P08813,85,Female,90.0,121.0,83,26,98.2,36.6,50.0,4.05,No,No,No,None,Abnormal,10,High
P08814,64,Female,70.0,,98,8,92.5,37.5,120.5,2.28,Yes,No,No,None,Normal,4,Medium
P08815,71,Female,105.0,107.0,108,17,94.0,37.1,123.8,1.06,Yes,No,No,None,Abnormal,5,Medium
P08816,21,Male,83.0,81.0,69,19,97.2,36.9,90.3,2.34,No,No,No,Cardiac,Abnormal,6,Medium
P08817,26,Female,116.0,150.0,75,17,96.8,37.9,151.5,0.56,No,No,No,None,Normal,1,Low
P08818,70,Female,65.0,97.0,63,12,92.9,36.7,196.4,1.19,No,No,No,Hypertension,Normal,6,Medium
P08819,77,Female,70.0,121.0,83,14,96.2,36.1,99.0,1.45,No,No,No,Diabetes,Normal,3,Low
P08820,63,Female,68.0,106.0,91,9,97.7,35.0,85.1,2.64,Yes,No,No,None,Normal,4,Medium
P08821,71,Female,55.0,165.0,64,23,97.8,37.0,183.7,2.36,No,Yes,No,None,Normal,3,Low
P08822,54,Male,66.0,123.0,95,25,100.0,37.0,,0.66,No,Yes,No,Diabetes,Normal,3,Low
P08823,40,Female,87.0,117.0,71,25,96.8,38.0,141.4,2.45,No,No,No,None,Normal,1,Low
P08824,44,Male,71.0,144.0,70,18,92.3,36.3,90.7,1.36,No,No,No,Multiple,Abnormal,6,Medium
P08825,87,Female,45.0,179.0,95,19,92.8,37.6,160.6,2.29,No,No,No,None,Normal,4,Medium
P08826,83,Female,106.0,135.0,69,23,99.8,35.0,65.2,1.19,Yes,Yes,No,Diabetes,Abnormal,10,High
P08827,78,Female,51.0,116.0,57,17,100.0,36.0,120.8,1.72,No,No,No,Diabetes,Normal,3,Low
P08828,68,Female,97.0,142.0,89,13,95.9,37.3,126.8,1.14,Yes,Yes,No,Diabetes,Normal,4,Medium
P08829,67,Male,86.0,86.0,76,15,97.1,37.6,107.7,1.72,Yes,No,No,Multiple,Abnormal,9,High
P08830,36,Male,127.0,126.0,96,19,96.3,35.7,89.5,0.85,No,No,No,Diabetes,Abnormal,6,Medium
P08831,18,Female,105.0,175.0,90,14,95.1,36.4,186.7,1.12,Yes,Yes,No,None,Normal,3,Low
P08832,57,Male,75.0,129.0,52,20,91.5,37.0,147.4,1.29,No,Yes,No,None,Normal,3,Low
P08833,49,Male,,128.0,98,11,97.4,36.9,80.4,1.02,Yes,No,No,Respiratory,Abnormal,4,Medium
P08834,39,Female,115.0,126.0,106,17,100.0,37.4,50.0,1.5,No,No,No,Hypertension,Abnormal,6,Medium
P08835,83,Male,55.0,115.0,94,20,96.5,37.7,174.1,1.87,No,No,No,None,Normal,2,Low
P08836,57,Male,89.0,133.0,94,19,95.1,36.0,78.0,2.86,Yes,No,No,Respiratory,Normal,3,Low
P08837,55,Female,82.0,144.0,74,14,94.7,37.4,117.5,0.9,Yes,No,No,Cardiac,Normal,2,Low
P08838,65,Female,78.0,117.0,71,22,97.5,36.4,118.7,0.97,No,No,No,Diabetes,Normal,2,Low
P08839,72,Male,92.0,70.0,81,19,99.5,37.3,126.4,1.83,No,No,No,Hypertension,Abnormal,7,Medium
P08840,72,Female,89.0,137.0,92,8,97.6,36.6,50.0,0.5,No,No,No,Hypertension,Normal,4,Medium
P08841,68,Female,94.0,178.0,91,20,90.4,37.9,101.0,2.0,Yes,No,No,None,Normal,4,Medium
P08842,77,Female,88.0,116.0,71,16,100.0,37.5,114.4,1.81,Yes,No,No,Hypertension,Normal,4,Medium
P08843,25,Male,93.0,88.0,70,15,98.5,36.2,112.8,2.24,No,No,No,Hypertension,Normal,4,Medium
P08844,85,Female,87.0,142.0,56,14,,35.7,143.6,3.59,No,No,No,Diabetes,Normal,5,Medium
P08845,89,Female,72.0,169.0,88,13,94.4,38.0,121.6,1.85,No,No,No,Hypertension,Abnormal,5,Medium
P08846,26,Male,85.0,138.0,72,19,94.7,36.4,132.8,1.37,No,Yes,No,None,Normal,1,Low
P08847,19,Male,71.0,168.0,73,21,98.6,36.5,91.1,2.57,No,Yes,No,Hypertension,Normal,3,Low
P08848,87,Male,69.0,145.0,104,19,90.1,37.6,183.3,1.79,No,Yes,No,Hypertension,Abnormal,8,High
P08849,76,Male,,143.0,87,23,97.5,36.2,103.4,1.67,Yes,Yes,No,Multiple,Normal,7,Medium
P08850,36,Male,83.0,112.0,83,21,96.8,37.2,128.2,3.23,No,No,No,None,Normal,1,Low
P08851,45,Female,86.0,132.0,90,8,96.8,37.0,119.6,2.4,Yes,No,No,None,Abnormal,3,Low
P08852,89,Male,103.0,124.0,99,13,92.5,36.9,133.0,1.04,Yes,No,No,None,Normal,6,Medium
P08853,31,Female,75.0,123.0,54,24,90.9,38.0,163.0,1.06,Yes,No,No,None,Normal,4,Medium
P08854,41,Male,89.0,119.0,70,12,100.0,37.4,81.4,0.73,Yes,No,No,Multiple,Abnormal,5,Medium
P08855,61,Female,87.0,131.0,75,8,96.4,37.8,148.0,0.92,No,No,Yes,Multiple,Normal,6,Medium
P08856,73,Female,73.0,93.0,63,27,100.0,36.8,144.5,2.7,No,No,No,Cardiac,Abnormal,8,High
P08857,68,Male,86.0,145.0,74,19,98.7,36.4,121.9,1.39,No,Yes,No,None,Abnormal,4,Medium
P08858,49,Male,105.0,103.0,55,15,96.3,37.8,124.1,0.5,No,No,No,Hypertension,Normal,2,Low
P08859,67,Male,89.0,119.0,92,14,96.7,36.5,68.8,2.17,Yes,No,No,Respiratory,Abnormal,5,Medium
P08860,58,Male,90.0,133.0,70,21,99.2,37.1,,1.94,Yes,No,No,Diabetes,Abnormal,4,Medium
P08861,83,Male,71.0,102.0,81,20,99.6,37.3,50.0,1.44,No,No,No,Hypertension,Normal,5,Medium
P08862,42,Male,124.0,76.0,79,20,97.4,36.4,102.8,1.29,No,Yes,Yes,Hypertension,Normal,10,High
P08863,78,Female,72.0,115.0,86,17,99.3,36.4,112.5,1.81,Yes,No,No,Hypertension,Normal,4,Medium
P08864,83,Female,52.0,89.0,41,12,99.4,36.8,59.0,1.86,No,No,No,Hypertension,Normal,8,High
P08865,59,Female,102.0,143.0,85,18,97.0,37.6,127.0,2.12,No,No,No,Hypertension,Normal,2,Low
P08866,82,Female,83.0,96.0,74,23,94.2,37.3,163.3,0.5,No,Yes,No,Diabetes,Normal,7,Medium
P08867,53,Female,79.0,162.0,84,15,97.5,35.9,123.6,0.92,No,Yes,No,Diabetes,Normal,3,Low
P08868,26,Male,74.0,125.0,60,21,93.8,38.6,114.8,1.44,No,No,No,None,Normal,3,Low
P08869,53,Male,122.0,126.0,84,16,94.9,37.3,94.0,0.73,Yes,Yes,No,Cardiac,Abnormal,7,Medium
P08870,55,Female,92.0,75.0,97,22,97.2,36.7,129.9,2.18,No,No,No,Diabetes,Abnormal,6,Medium
P08871,50,Female,96.0,129.0,81,13,95.8,36.9,74.4,2.34,No,Yes,No,None,Abnormal,3,Low
P08872,59,Male,88.0,123.0,67,18,99.9,36.8,50.0,1.31,Yes,Yes,No,None,Normal,4,Medium
P08873,78,Male,90.0,93.0,68,20,94.0,36.7,178.2,2.33,No,Yes,No,None,Normal,5,Medium
P08874,63,Male,113.0,127.0,87,15,89.6,37.9,153.4,1.98,No,No,No,None,Abnormal,8,High
P08875,78,Male,80.0,115.0,87,20,99.9,38.9,71.0,1.99,Yes,Yes,Yes,None,Normal,8,High
P08876,35,Female,56.0,120.0,83,18,96.1,36.6,57.2,0.5,Yes,No,No,None,Normal,3,Low
P08877,87,Female,102.0,126.0,77,18,96.3,36.6,119.3,1.64,No,No,No,Diabetes,Abnormal,6,Medium
P08878,32,Male,95.0,113.0,81,15,93.6,36.9,117.6,1.32,Yes,No,No,None,Normal,3,Low
P08879,65,Male,87.0,,77,23,90.3,35.9,147.6,1.69,Yes,Yes,No,Hypertension,Normal,8,High
P08880,89,Female,94.0,123.0,72,13,93.5,37.4,101.6,1.46,Yes,No,No,Diabetes,Normal,6,Medium
P08881,30,Female,78.0,137.0,89,19,97.7,37.1,161.2,0.84,No,No,No,None,Normal,0,Low
P08882,60,Female,85.0,112.0,83,14,95.4,37.1,106.3,1.53,No,Yes,No,Respiratory,Normal,3,Low
P08883,77,Male,82.0,98.0,97,18,95.0,35.5,,1.47,Yes,No,No,None,Abnormal,8,High
P08884,74,Female,73.0,107.0,95,21,90.9,35.2,107.7,2.52,No,Yes,No,Diabetes,Normal,7,Medium
P08885,88,Male,109.0,161.0,82,17,100.0,36.7,80.4,1.69,No,No,No,None,Normal,3,Low
P08886,34,Male,57.0,149.0,87,8,95.8,37.5,100.0,1.34,No,No,No,Respiratory,Abnormal,3,Low
P08887,67,Male,132.0,155.0,64,11,100.0,35.6,141.2,0.8,Yes,Yes,No,None,Normal,6,Medium
P08888,49,Female,103.0,157.0,77,8,97.1,37.7,129.2,3.98,No,No,No,Cardiac,Abnormal,5,Medium
P08889,39,Female,49.0,113.0,83,18,100.0,36.8,117.1,2.6,No,No,No,None,Normal,1,Low
P08890,72,Male,81.0,132.0,54,18,93.8,36.3,73.2,1.93,Yes,No,No,Multiple,Normal,6,Medium
P08891,74,Female,82.0,127.0,84,16,91.5,37.1,112.6,0.66,No,No,Yes,Respiratory,Normal,7,Medium
P08892,30,Male,93.0,141.0,64,15,95.4,36.0,88.9,0.59,No,No,No,None,Normal,0,Low
P08893,64,Female,65.0,118.0,65,19,97.7,35.0,87.8,3.14,No,No,No,None,Normal,3,Low
P08894,79,Male,86.0,127.0,70,11,98.0,38.0,154.8,3.09,No,No,No,None,Normal,3,Low
P08895,71,Male,83.0,127.0,78,23,97.2,37.0,84.3,2.02,No,No,No,Hypertension,Abnormal,5,Medium
P08896,46,Female,70.0,138.0,58,18,100.0,36.4,82.1,1.15,Yes,Yes,No,Multiple,Abnormal,6,Medium
P08897,39,Female,67.0,141.0,91,13,97.2,36.5,127.6,1.36,No,No,No,Hypertension,Normal,1,Low
P08898,82,Male,103.0,127.0,81,16,95.1,36.4,78.4,1.1,No,No,No,None,Normal,3,Low
P08899,46,Female,51.0,128.0,107,17,95.3,36.7,92.8,3.46,No,No,No,Diabetes,Abnormal,4,Medium
P08900,65,Male,95.0,131.0,83,11,93.6,36.9,192.0,1.64,No,No,No,None,Normal,3,Low
P08901,22,Male,101.0,166.0,87,21,96.9,37.6,108.3,2.45,No,No,No,Multiple,Abnormal,5,Medium
P08902,52,Male,81.0,,65,23,99.2,36.4,142.0,2.56,No,No,No,Multiple,Normal,7,Medium
P08903,88,Male,86.0,101.0,60,19,100.0,36.2,215.6,0.77,No,No,No,Multiple,Normal,4,Medium
P08904,63,Male,108.0,142.0,87,23,95.1,36.6,123.0,1.86,Yes,No,No,Multiple,Abnormal,8,High
P08905,52,Male,71.0,132.0,62,31,95.8,39.0,136.0,1.58,No,No,No,None,Normal,4,Medium
P08906,62,Male,73.0,132.0,88,9,94.1,37.1,127.5,2.83,No,No,No,Multiple,Normal,4,Medium
P08907,30,Male,75.0,142.0,104,18,98.9,37.3,102.0,2.28,Yes,No,No,Hypertension,Normal,2,Low
P08908,27,Female,108.0,130.0,92,11,92.3,36.8,120.0,1.76,No,No,No,None,Abnormal,5,Medium
P08909,83,Female,111.0,111.0,87,26,93.8,38.4,107.9,1.92,No,No,No,Diabetes,Normal,7,Medium
P08910,87,Male,57.0,141.0,82,19,83.5,37.7,78.6,1.25,No,No,No,None,Normal,6,Medium
P08911,89,Male,105.0,126.0,72,15,92.5,36.2,148.3,1.04,No,No,No,None,Abnormal,7,Medium
P08912,42,Male,101.0,114.0,76,17,94.2,37.1,50.0,1.19,No,No,No,Hypertension,Normal,4,Medium
P08913,61,Female,116.0,142.0,70,25,94.5,36.7,115.3,2.2,No,No,Yes,None,Normal,6,Medium
P08914,77,Male,93.0,141.0,58,20,92.1,37.3,103.8,2.53,No,No,No,None,Normal,5,Medium
P08915,64,Male,84.0,130.0,79,21,92.6,37.8,73.6,2.31,No,No,No,Cardiac,Normal,4,Medium
P08916,57,Male,108.0,168.0,95,25,99.8,36.0,139.9,0.55,No,Yes,No,None,Abnormal,5,Medium
P08917,24,Female,99.0,158.0,59,23,93.7,37.3,74.1,2.06,No,Yes,No,None,Abnormal,6,Medium
P08918,63,Female,130.0,150.0,99,24,90.6,36.4,98.7,,No,No,Yes,Hypertension,Abnormal,12,High
P08919,40,Female,104.0,189.0,96,17,92.9,38.1,144.1,3.16,No,No,No,Multiple,Normal,8,High
P08920,63,Male,88.0,121.0,84,8,92.9,37.8,50.0,0.73,No,Yes,No,Respiratory,Normal,7,Medium
P08921,30,Male,62.0,113.0,84,19,95.8,35.4,158.1,2.66,No,Yes,No,Diabetes,Abnormal,6,Medium
P08922,38,Female,73.0,147.0,75,15,97.1,36.1,113.5,3.08,Yes,No,No,None,Normal,2,Low
P08923,18,Male,56.0,119.0,79,22,91.9,35.9,102.6,0.92,No,No,No,None,Normal,3,Low
P08924,36,Female,81.0,125.0,71,9,96.9,37.0,59.8,2.32,No,No,No,None,Abnormal,4,Medium
P08925,77,Female,104.0,100.0,78,22,,37.2,118.6,0.5,No,No,No,None,Normal,3,Low
P08926,50,Male,85.0,,80,19,99.0,37.6,116.0,1.78,No,No,No,Hypertension,Normal,1,Low
P08927,21,Male,105.0,88.0,106,20,97.7,36.8,136.9,0.97,No,No,No,Multiple,Normal,6,Medium
P08928,20,Male,92.0,123.0,86,21,97.2,36.8,96.2,2.35,No,No,No,None,Abnormal,2,Low
P08929,69,Male,77.0,125.0,75,18,,37.2,76.0,1.76,Yes,No,No,Diabetes,Normal,3,Low
P08930,45,Female,87.0,114.0,77,16,100.0,39.5,127.5,1.52,No,No,No,Multiple,Normal,3,Low
P08931,87,Female,94.0,81.0,67,24,97.3,35.8,91.9,2.29,No,No,No,None,Normal,7,Medium
P08932,87,Female,88.0,81.0,70,21,93.6,35.5,135.2,1.12,No,Yes,No,None,Abnormal,11,High
P08933,72,Female,88.0,106.0,92,21,95.5,36.6,73.8,1.82,No,No,No,Diabetes,Normal,2,Low
P08934,74,Female,70.0,138.0,71,18,94.0,36.4,146.8,2.36,No,No,No,None,Normal,1,Low
P08935,33,Female,76.0,132.0,69,19,95.6,36.4,174.6,1.53,Yes,No,No,Cardiac,Normal,2,Low
P08936,41,Male,130.0,125.0,69,18,99.6,37.0,108.3,1.9,Yes,No,No,Diabetes,Normal,4,Medium
P08937,86,Female,110.0,103.0,67,9,95.5,36.1,169.0,1.6,No,No,No,Diabetes,Normal,4,Medium
P08938,58,Male,56.0,134.0,95,11,93.6,36.5,145.1,2.94,No,No,No,Hypertension,Normal,4,Medium
P08939,64,Male,45.0,80.0,80,17,99.1,36.8,128.5,2.93,No,No,Yes,Cardiac,Abnormal,11,High
P08940,86,Female,87.0,70.0,74,9,99.8,36.8,114.5,1.73,Yes,No,No,Multiple,Abnormal,10,High
P08941,48,Female,103.0,,78,17,93.6,36.9,93.2,1.71,No,Yes,No,Diabetes,Normal,5,Medium
P08942,47,Male,75.0,111.0,81,14,100.0,36.9,162.9,0.99,Yes,No,No,Diabetes,Normal,2,Low
P08943,35,Male,105.0,150.0,67,18,98.9,36.4,154.8,3.61,Yes,No,No,None,Normal,3,Low
P08944,61,Female,86.0,129.0,57,19,94.3,36.8,73.2,2.43,Yes,No,No,Diabetes,Normal,3,Low
P08945,44,Female,82.0,166.0,98,9,99.7,37.0,119.6,2.52,Yes,No,Yes,None,Abnormal,7,Medium
P08946,43,Male,100.0,111.0,93,20,,37.8,82.4,2.94,Yes,No,No,Hypertension,Abnormal,7,Medium
P08947,77,Female,74.0,137.0,84,16,94.6,35.8,134.0,1.76,Yes,No,No,Hypertension,Normal,5,Medium
P08948,35,Female,79.0,119.0,92,8,92.7,37.0,145.0,1.59,No,Yes,No,Respiratory,Normal,4,Medium
P08949,73,Female,98.0,160.0,107,16,93.1,37.1,52.5,,No,No,No,None,Normal,6,Medium
P08950,48,Female,84.0,120.0,70,20,98.6,37.1,111.7,1.37,Yes,Yes,No,Diabetes,Normal,3,Low
P08951,76,Female,123.0,146.0,61,16,96.0,37.2,132.0,1.65,No,No,No,Diabetes,Normal,5,Medium
P08952,19,Male,99.0,98.0,88,16,92.7,35.9,118.7,2.05,No,No,No,Hypertension,Normal,6,Medium
P08953,56,Female,98.0,115.0,56,19,94.2,37.1,186.3,0.93,No,No,No,Multiple,Normal,2,Low
P08954,78,Female,84.0,123.0,79,16,94.0,37.1,52.1,2.44,Yes,No,Yes,None,Normal,8,High
P08955,80,Male,102.0,157.0,74,17,96.8,37.4,169.2,2.24,No,No,No,Respiratory,Normal,4,Medium
P08956,35,Male,79.0,70.0,88,11,100.0,36.9,79.7,1.37,No,No,Yes,None,Normal,6,Medium
P08957,34,Female,91.0,117.0,71,15,96.6,36.6,50.0,2.73,No,No,No,Diabetes,Normal,4,Medium
P08958,56,Female,67.0,116.0,96,27,96.8,37.8,127.8,0.86,Yes,No,No,None,Normal,2,Low
P08959,88,Male,106.0,73.0,67,19,100.0,36.0,110.0,1.5,No,No,No,Respiratory,Normal,7,Medium
P08960,71,Female,91.0,113.0,89,19,94.4,35.9,118.7,3.0,No,Yes,No,Cardiac,Abnormal,7,Medium
P08961,52,Female,125.0,86.0,68,15,100.0,36.0,135.9,1.69,No,No,Yes,Respiratory,Normal,9,High
P08962,28,Female,133.0,70.0,86,16,94.7,37.3,137.0,0.61,No,No,No,Respiratory,Normal,6,Medium
P08963,78,Male,100.0,118.0,63,17,94.9,36.4,93.8,1.99,Yes,No,No,Diabetes,Abnormal,6,Medium
P08964,61,Female,86.0,118.0,78,22,95.0,36.9,147.5,1.57,Yes,No,Yes,Hypertension,Normal,6,Medium
P08965,85,Female,66.0,119.0,98,24,95.7,38.1,50.0,2.22,No,No,No,None,Abnormal,7,Medium
P08966,42,Male,103.0,131.0,80,16,95.5,36.1,111.2,2.68,No,No,No,Diabetes,Abnormal,5,Medium
P08967,65,Female,89.0,103.0,96,18,97.1,35.6,160.2,1.75,No,Yes,No,Hypertension,Normal,4,Medium
P08968,49,Female,96.0,170.0,78,17,94.7,37.7,126.4,0.5,No,No,No,Multiple,Abnormal,4,Medium
P08969,21,Female,120.0,124.0,70,22,96.3,36.3,117.0,2.25,Yes,Yes,No,None,Normal,3,Low
P08970,55,Female,69.0,157.0,81,20,,36.1,101.2,0.99,Yes,No,No,Respiratory,Abnormal,6,Medium
P08971,80,Male,67.0,83.0,87,18,98.3,36.9,128.9,2.21,No,No,No,Respiratory,Normal,6,Medium
P08972,64,Male,80.0,104.0,49,23,99.4,36.8,103.8,2.49,No,No,No,Hypertension,Normal,3,Low
P08973,18,Female,101.0,142.0,86,21,96.7,36.3,140.1,2.65,No,No,Yes,None,Normal,5,Medium
P08974,20,Female,96.0,119.0,64,14,98.2,37.4,94.2,2.48,No,Yes,No,Multiple,Abnormal,5,Medium
P08975,79,Female,67.0,98.0,60,18,93.5,36.4,176.0,1.55,No,No,No,None,Normal,6,Medium
P08976,81,Female,100.0,79.0,86,17,100.0,36.3,136.9,1.71,Yes,No,No,Multiple,Normal,8,High
P08977,34,Male,61.0,,98,13,96.6,35.5,187.5,2.14,No,No,No,Hypertension,Normal,2,Low
P08978,79,Male,68.0,141.0,81,17,91.2,35.0,99.5,2.45,No,No,No,Cardiac,Normal,6,Medium
P08979,52,Male,83.0,131.0,58,24,99.6,37.2,164.0,1.01,No,Yes,No,Diabetes,Normal,3,Low
P08980,30,Female,74.0,113.0,68,23,98.2,35.9,64.4,2.54,Yes,Yes,No,None,Abnormal,7,Medium
P08981,52,Female,103.0,97.0,72,23,100.0,36.9,143.9,0.5,Yes,No,No,Diabetes,Abnormal,8,High
P08982,60,Female,91.0,124.0,81,22,100.0,38.5,110.4,0.5,Yes,Yes,No,Respiratory,Normal,4,Medium
P08983,19,Male,120.0,92.0,77,19,100.0,37.4,119.8,0.5,No,No,No,Hypertension,Abnormal,6,Medium
P08984,73,Male,80.0,106.0,85,15,97.4,37.0,,,Yes,No,No,None,Normal,2,Low
P08985,68,Male,83.0,157.0,93,21,98.1,37.3,144.7,2.3,No,No,No,Hypertension,Normal,2,Low
P08986,71,Male,109.0,79.0,83,10,92.8,38.7,148.5,1.96,Yes,No,No,None,Normal,9,High
P08987,33,Male,83.0,142.0,91,15,95.2,35.5,129.1,1.35,Yes,No,No,None,Abnormal,4,Medium
P08988,35,Female,115.0,162.0,74,24,100.0,36.9,136.7,2.18,No,Yes,No,Hypertension,Normal,4,Medium
P08989,24,Female,96.0,145.0,127,16,90.8,38.2,106.1,1.26,Yes,Yes,Yes,None,Abnormal,9,High
P08990,62,Female,45.0,135.0,86,21,96.9,37.2,89.2,1.54,Yes,Yes,No,Cardiac,Abnormal,6,Medium
P08991,53,Male,109.0,113.0,88,16,95.9,38.0,121.7,1.13,Yes,No,No,Cardiac,Normal,3,Low
P08992,58,Female,103.0,109.0,104,21,98.6,36.5,50.0,2.32,No,No,No,None,Normal,3,Low
P08993,59,Female,104.0,70.0,79,10,96.6,36.0,131.8,1.34,No,No,No,Hypertension,Normal,5,Medium
P08994,24,Male,47.0,126.0,68,24,99.6,38.5,149.8,2.11,No,Yes,No,Multiple,Normal,4,Medium
P08995,32,Male,72.0,115.0,98,12,96.0,37.1,139.8,1.87,No,No,No,None,Normal,0,Low
P08996,77,Male,73.0,108.0,98,11,98.3,37.7,90.6,3.08,No,Yes,No,None,Normal,4,Medium
P08997,57,Female,68.0,124.0,80,24,97.1,37.7,50.0,1.86,Yes,Yes,Yes,Diabetes,Normal,9,High
P08998,54,Male,120.0,127.0,104,18,95.1,38.0,141.2,2.8,No,Yes,No,Respiratory,Normal,4,Medium
P08999,83,Female,85.0,109.0,77,16,94.7,37.2,83.5,2.45,No,No,No,Hypertension,Normal,3,Low
P09000,72,Female,84.0,165.0,92,26,99.8,37.3,63.5,0.9,Yes,No,No,Diabetes,Normal,4,Medium
P09001,73,Male,96.0,143.0,101,22,97.9,37.4,152.9,1.35,No,No,No,Hypertension,Normal,2,Low
P09002,61,Female,96.0,147.0,79,16,99.0,36.5,60.8,1.58,No,No,Yes,Cardiac,Normal,5,Medium
P09003,74,Male,45.0,,85,17,99.8,37.8,108.1,2.24,No,No,No,None,Normal,1,Low
P09004,23,Male,72.0,138.0,93,23,94.4,36.5,186.1,2.42,Yes,No,No,Hypertension,Normal,3,Low
P09005,49,Female,57.0,103.0,73,13,95.2,37.9,88.3,2.32,No,No,No,None,Normal,0,Low
P09006,35,Female,93.0,,66,25,95.0,37.6,72.4,1.16,No,No,No,None,Normal,1,Low
P09007,85,Female,79.0,120.0,98,16,99.1,35.2,135.3,1.79,No,No,No,Respiratory,Normal,4,Medium
P09008,90,Male,85.0,99.0,83,14,96.3,37.6,128.1,1.47,No,Yes,No,Cardiac,Normal,6,Medium
P09009,24,Female,45.0,124.0,70,23,96.5,37.2,50.0,2.1,No,No,No,Diabetes,Normal,4,Medium
P09010,25,Male,79.0,118.0,79,22,92.8,38.1,117.1,0.5,No,No,No,Diabetes,Abnormal,5,Medium
P09011,81,Male,107.0,183.0,86,9,98.5,38.4,162.1,1.78,No,No,No,None,Abnormal,7,Medium
P09012,24,Female,113.0,136.0,54,17,98.6,37.1,171.0,0.5,No,Yes,No,Diabetes,Normal,3,Low
P09013,58,Female,99.0,164.0,89,12,97.7,37.3,104.6,0.93,No,No,No,None,Normal,0,Low
P09014,57,Female,58.0,153.0,84,22,96.5,36.0,134.8,3.11,No,Yes,No,Hypertension,Normal,3,Low
P09015,20,Female,110.0,126.0,103,27,99.1,36.9,136.7,3.16,Yes,No,No,Diabetes,Normal,5,Medium
P09016,34,Male,99.0,114.0,75,21,95.9,38.3,155.3,1.28,No,Yes,No,Respiratory,Normal,2,Low
P09017,83,Female,83.0,81.0,99,14,100.0,37.0,111.4,2.19,Yes,No,Yes,None,Normal,9,High
P09018,69,Male,45.0,103.0,77,22,98.1,37.7,166.8,2.19,No,No,No,Multiple,Abnormal,5,Medium
P09019,39,Female,104.0,142.0,80,18,92.2,37.0,85.8,2.89,No,No,Yes,Multiple,Normal,9,High
P09020,21,Female,73.0,117.0,82,18,95.6,36.9,146.2,2.0,No,No,No,Hypertension,Normal,1,Low
P09021,23,Female,92.0,134.0,109,16,97.0,37.5,74.9,0.96,No,No,No,Hypertension,Abnormal,3,Low
P09022,55,Male,86.0,74.0,59,19,93.9,34.7,50.0,1.14,No,No,No,Multiple,Abnormal,13,High
P09023,43,Female,116.0,136.0,85,18,99.2,37.3,139.5,2.12,No,No,Yes,None,Normal,4,Medium
P09024,28,Male,82.0,152.0,79,8,90.1,35.2,233.2,0.5,No,No,No,None,Normal,3,Low
P09025,34,Female,85.0,81.0,78,18,98.4,36.9,127.8,0.5,No,Yes,No,None,Abnormal,6,Medium
P09026,48,Female,117.0,134.0,87,17,98.1,36.3,106.6,2.48,Yes,Yes,Yes,None,Normal,6,Medium
P09027,52,Male,72.0,159.0,95,20,90.0,36.1,164.7,3.91,No,Yes,No,Respiratory,Normal,5,Medium
P09028,33,Male,101.0,167.0,86,8,96.3,38.2,97.2,1.3,No,No,No,None,Normal,1,Low
P09029,35,Female,81.0,112.0,97,21,94.7,37.9,50.0,1.67,No,Yes,No,None,Normal,3,Low
P09030,79,Female,65.0,144.0,74,18,100.0,36.7,152.7,1.74,No,No,Yes,Multiple,Normal,7,Medium
P09031,44,Male,85.0,161.0,77,20,93.5,38.9,177.2,2.0,No,No,No,None,Normal,3,Low
P09032,52,Female,99.0,135.0,63,10,98.4,37.8,120.2,1.12,No,No,No,Multiple,Normal,2,Low
P09033,62,Male,112.0,157.0,108,12,99.0,36.9,127.5,1.72,Yes,No,No,Hypertension,Normal,4,Medium
P09034,52,Female,114.0,124.0,75,9,94.8,35.5,,2.44,Yes,No,No,Hypertension,Abnormal,6,Medium
P09035,45,Male,79.0,135.0,74,19,99.9,36.9,108.5,1.34,Yes,No,Yes,Hypertension,Normal,5,Medium
P09036,26,Male,65.0,109.0,87,16,94.8,36.5,123.9,1.81,No,No,Yes,Multiple,Normal,5,Medium
P09037,32,Male,79.0,121.0,95,17,100.0,36.6,116.8,2.63,Yes,Yes,No,None,Normal,3,Low
P09038,38,Male,61.0,136.0,68,11,100.0,37.3,116.4,1.77,No,No,No,Hypertension,Normal,1,Low
P09039,69,Male,81.0,108.0,96,12,98.8,36.5,50.0,0.57,No,No,No,Diabetes,Normal,4,Medium
P09040,52,Female,78.0,119.0,73,8,97.8,38.1,121.6,0.5,No,No,No,Respiratory,Normal,1,Low
P09041,68,Female,100.0,144.0,99,11,94.6,36.6,61.9,0.89,No,No,No,Diabetes,Abnormal,4,Medium
P09042,72,Female,45.0,176.0,70,15,100.0,36.2,134.0,2.75,Yes,No,No,Diabetes,Normal,4,Medium
P09043,61,Female,70.0,74.0,89,15,98.7,37.5,157.3,1.59,No,Yes,Yes,Multiple,Normal,10,High
P09044,82,Female,70.0,174.0,79,18,94.6,37.0,137.4,2.08,No,Yes,No,Respiratory,Abnormal,6,Medium
P09045,42,Female,109.0,119.0,61,22,100.0,37.7,69.1,2.84,Yes,No,No,None,Normal,3,Low
P09046,64,Female,63.0,149.0,57,15,96.3,37.1,81.6,0.8,Yes,No,No,Diabetes,Normal,3,Low
P09047,73,Female,90.0,154.0,67,20,98.0,35.9,112.3,3.93,No,No,No,Cardiac,Normal,4,Medium
P09048,55,Female,82.0,164.0,93,22,94.8,37.2,149.1,,No,No,No,None,Normal,0,Low
P09049,28,Male,106.0,107.0,49,24,93.2,36.3,154.8,2.23,Yes,No,No,Cardiac,Normal,6,Medium
P09050,84,Male,97.0,119.0,83,20,93.3,37.1,129.4,1.24,No,No,No,Respiratory,Abnormal,7,Medium
P09051,32,Female,87.0,124.0,82,18,94.9,36.5,,1.03,Yes,Yes,No,Respiratory,Normal,3,Low
P09052,18,Male,74.0,116.0,53,13,97.5,36.8,162.0,1.82,No,No,No,None,Normal,0,Low
P09053,24,Female,48.0,158.0,66,19,95.1,37.0,114.0,1.31,No,No,No,None,Normal,0,Low
P09054,18,Male,90.0,123.0,66,16,93.6,37.6,99.1,1.87,No,No,No,Multiple,Abnormal,6,Medium
P09055,66,Male,96.0,85.0,79,25,93.1,36.6,95.5,0.5,No,No,No,Cardiac,Normal,8,High
P09056,90,Male,54.0,109.0,100,18,99.8,34.8,54.1,0.7,Yes,No,No,Respiratory,Normal,8,High
P09057,46,Female,60.0,86.0,94,17,95.6,36.2,159.0,1.39,No,Yes,Yes,Cardiac,Normal,8,High
P09058,43,Female,90.0,119.0,73,25,90.1,37.1,110.0,0.89,Yes,Yes,No,Respiratory,Normal,6,Medium
P09059,62,Female,92.0,142.0,66,16,96.0,37.9,87.3,4.23,No,No,No,Cardiac,Abnormal,7,Medium
P09060,88,Female,65.0,109.0,55,18,94.8,37.2,139.3,1.95,No,No,No,Hypertension,Normal,3,Low
P09061,29,Male,74.0,115.0,72,28,96.6,37.8,146.5,2.01,No,No,No,Hypertension,Normal,2,Low
P09062,49,Female,48.0,118.0,65,19,94.3,37.1,50.0,0.93,Yes,No,No,Diabetes,Abnormal,6,Medium
P09063,37,Male,113.0,129.0,77,24,99.9,37.2,177.0,1.24,No,No,No,None,Normal,2,Low
P09064,68,Female,59.0,138.0,78,26,95.5,36.8,203.9,1.4,No,No,No,None,Normal,2,Low
P09065,53,Male,96.0,145.0,71,15,95.4,37.8,119.1,2.72,No,No,No,None,Normal,1,Low
P09066,84,Male,84.0,181.0,71,23,95.1,38.3,,0.67,Yes,No,Yes,Respiratory,Normal,10,High
P09067,18,Male,111.0,128.0,68,16,97.4,36.2,210.7,1.53,No,No,No,Diabetes,Normal,2,Low
P09068,44,Male,69.0,143.0,70,28,97.2,37.2,71.3,2.15,No,Yes,No,Diabetes,Normal,3,Low
P09069,57,Female,86.0,85.0,100,25,94.8,36.0,94.1,0.5,Yes,Yes,No,None,Normal,6,Medium
P09070,31,Female,51.0,116.0,86,22,96.1,38.3,138.3,0.5,No,Yes,Yes,None,Normal,4,Medium
P09071,86,Male,46.0,118.0,86,23,95.2,37.1,160.9,0.68,No,No,No,Diabetes,Normal,4,Medium
P09072,23,Female,97.0,100.0,93,15,98.5,37.0,116.5,1.65,Yes,No,No,None,Normal,1,Low
P09073,50,Female,49.0,112.0,92,27,92.1,36.1,82.5,1.44,Yes,Yes,No,None,Abnormal,7,Medium
P09074,72,Male,80.0,122.0,99,13,95.0,36.8,166.5,2.54,Yes,No,No,None,Normal,3,Low
P09075,36,Female,105.0,112.0,87,20,95.4,36.9,114.7,0.5,No,No,Yes,Respiratory,Abnormal,7,Medium
P09076,46,Female,100.0,190.0,81,14,100.0,36.1,115.1,1.47,No,No,No,None,Normal,2,Low
P09077,78,Female,72.0,138.0,69,22,99.5,37.1,152.2,2.74,Yes,No,Yes,Respiratory,Normal,8,High
P09078,87,Male,53.0,175.0,66,27,97.2,36.3,175.2,0.54,No,No,No,Multiple,Abnormal,7,Medium
P09079,41,Female,95.0,162.0,91,20,93.0,37.3,124.6,1.71,No,No,No,Hypertension,Abnormal,5,Medium
P09080,40,Male,112.0,109.0,76,20,96.2,36.2,134.1,2.4,Yes,No,No,Multiple,Normal,4,Medium
P09081,27,Male,72.0,126.0,58,17,100.0,37.1,156.9,2.93,No,No,No,Multiple,Abnormal,5,Medium
P09082,71,Male,69.0,114.0,47,19,95.6,36.8,105.9,0.8,No,No,No,None,Normal,1,Low
P09083,58,Female,75.0,121.0,110,16,96.4,37.2,93.1,2.1,No,No,No,Respiratory,Normal,1,Low
P09084,66,Female,96.0,101.0,63,26,96.6,37.1,100.3,1.83,Yes,No,No,Multiple,Abnormal,7,Medium
P09085,34,Female,110.0,114.0,68,22,93.5,37.1,78.2,0.97,No,No,No,Hypertension,Normal,4,Medium
P09086,73,Male,60.0,134.0,96,16,93.6,36.4,71.5,0.81,Yes,No,No,Respiratory,Normal,5,Medium
P09087,62,Female,55.0,133.0,60,18,93.6,37.4,203.8,0.79,No,No,No,Hypertension,Normal,4,Medium
P09088,47,Male,132.0,131.0,86,33,95.1,37.2,79.2,4.77,No,Yes,Yes,Respiratory,Normal,13,High
P09089,61,Female,81.0,124.0,105,19,97.3,37.5,125.9,2.74,Yes,Yes,No,None,Normal,4,Medium
P09090,72,Male,90.0,147.0,110,25,96.5,37.0,111.6,1.85,No,Yes,No,None,Normal,3,Low
P09091,36,Female,71.0,119.0,71,15,97.5,36.9,156.9,1.12,No,No,No,Respiratory,Normal,1,Low
P09092,46,Female,95.0,160.0,78,20,100.0,36.2,119.6,2.25,No,No,Yes,Cardiac,Normal,4,Medium
P09093,19,Female,104.0,79.0,72,15,100.0,36.5,170.5,0.83,No,No,No,Multiple,Abnormal,8,High
P09094,53,Male,91.0,141.0,78,15,96.3,36.6,109.8,2.06,No,No,No,None,Abnormal,2,Low
P09095,36,Male,120.0,137.0,97,22,98.8,37.8,124.8,2.47,No,No,No,Hypertension,Normal,2,Low
P09096,24,Female,78.0,108.0,57,14,98.0,36.0,145.0,1.67,No,No,No,Diabetes,Normal,1,Low
P09097,43,Male,80.0,116.0,88,12,99.2,35.9,123.0,1.32,No,No,Yes,None,Normal,4,Medium
P09098,55,Male,90.0,137.0,75,21,99.1,36.9,136.1,1.39,No,No,No,Respiratory,Abnormal,3,Low
P09099,20,Male,94.0,148.0,99,16,94.4,36.4,126.3,2.58,Yes,No,No,None,Normal,2,Low
P09100,83,Female,90.0,81.0,98,17,100.0,36.7,58.5,,No,No,No,Diabetes,Normal,8,High
P09101,88,Female,59.0,141.0,72,9,100.0,36.6,145.6,3.12,No,No,No,None,Abnormal,5,Medium
P09102,60,Female,91.0,114.0,76,12,98.9,36.5,162.1,0.5,No,Yes,No,Multiple,Normal,4,Medium
P09103,79,Male,78.0,153.0,91,19,98.1,36.4,109.8,0.79,No,No,No,Hypertension,Abnormal,5,Medium
P09104,88,Female,73.0,79.0,93,17,97.2,36.3,106.8,1.87,No,No,No,Cardiac,Normal,6,Medium
P09105,41,Male,86.0,186.0,41,23,96.6,36.7,126.7,2.16,Yes,Yes,No,Multiple,Abnormal,9,High
P09106,56,Male,66.0,103.0,91,14,98.4,35.8,192.8,1.75,No,No,No,Hypertension,Abnormal,4,Medium
P09107,85,Female,62.0,161.0,103,17,96.8,37.5,103.6,2.92,Yes,No,No,Diabetes,Normal,5,Medium
P09108,61,Female,45.0,123.0,82,18,97.1,36.3,139.9,1.04,No,Yes,No,Diabetes,Abnormal,5,Medium
P09109,22,Female,120.0,105.0,92,17,96.1,37.4,108.0,1.81,No,No,No,Cardiac,Abnormal,4,Medium
P09110,72,Male,96.0,132.0,97,21,95.6,36.5,138.9,2.67,No,Yes,No,Multiple,Normal,5,Medium
P09111,47,Male,83.0,151.0,81,13,100.0,37.8,64.0,3.23,No,Yes,No,Cardiac,Normal,3,Low
P09112,46,Female,72.0,86.0,90,21,96.6,37.0,186.8,1.64,No,Yes,No,Hypertension,Normal,5,Medium
P09113,43,Male,45.0,143.0,78,24,95.1,36.1,129.7,3.95,Yes,Yes,No,None,Normal,4,Medium
P09114,43,Female,70.0,125.0,77,14,96.9,39.0,103.8,1.87,No,Yes,No,Respiratory,Normal,3,Low
P09115,54,Female,99.0,139.0,68,20,92.8,36.7,,3.16,Yes,No,No,Respiratory,Normal,5,Medium
P09116,70,Female,104.0,125.0,81,20,99.2,36.6,126.1,,No,Yes,No,None,Abnormal,5,Medium
P09117,47,Female,98.0,111.0,106,21,96.4,36.6,195.1,1.68,No,No,Yes,Cardiac,Normal,4,Medium
P09118,20,Female,88.0,97.0,64,18,95.4,37.3,176.9,2.74,No,No,No,Hypertension,Abnormal,6,Medium
P09119,60,Female,111.0,142.0,87,25,95.1,35.8,104.2,2.45,Yes,No,No,None,Normal,5,Medium
P09120,24,Male,78.0,142.0,83,29,91.6,37.1,118.8,1.79,No,No,No,None,Normal,3,Low
P09121,66,Male,107.0,142.0,100,21,100.0,35.7,120.8,0.97,No,No,No,Cardiac,Normal,4,Medium
P09122,90,Female,77.0,136.0,103,20,97.0,36.9,50.0,3.9,No,Yes,No,Multiple,Normal,8,High
P09123,58,Female,67.0,149.0,64,18,100.0,37.9,105.8,1.58,No,Yes,No,Hypertension,Normal,2,Low
P09124,71,Male,65.0,160.0,69,11,95.6,36.6,123.4,1.86,No,No,No,Multiple,Normal,3,Low
P09125,86,Male,64.0,78.0,70,11,97.8,37.7,78.7,0.5,No,No,No,Hypertension,Abnormal,8,High
P09126,44,Female,98.0,70.0,71,12,98.6,35.7,184.1,1.35,Yes,No,No,Respiratory,Normal,6,Medium
P09127,25,Female,70.0,168.0,72,19,97.9,36.5,70.0,2.51,No,No,No,Multiple,Normal,3,Low
P09128,49,Male,64.0,91.0,83,17,95.0,36.0,74.4,1.68,No,No,No,None,Normal,2,Low
P09129,81,Female,99.0,98.0,65,26,91.1,38.5,142.7,,No,No,No,None,Abnormal,10,High
P09130,27,Male,92.0,118.0,67,8,100.0,36.7,126.2,2.03,No,No,No,None,Normal,0,Low
P09131,30,Female,104.0,84.0,66,18,94.2,36.5,96.9,1.33,No,Yes,No,None,Normal,5,Medium
P09132,80,Male,95.0,115.0,85,20,100.0,36.8,155.3,3.17,No,Yes,No,Hypertension,Abnormal,7,Medium
P09133,52,Female,70.0,101.0,77,22,94.6,37.0,124.8,3.76,No,No,No,Hypertension,Normal,2,Low
P09134,78,Female,87.0,119.0,74,19,100.0,36.7,189.0,2.88,Yes,Yes,No,Respiratory,Normal,6,Medium
P09135,71,Female,88.0,132.0,65,20,98.2,36.0,50.0,1.91,No,No,No,Hypertension,Abnormal,6,Medium
P09136,25,Male,67.0,116.0,54,19,98.3,38.1,94.1,1.65,Yes,No,No,None,Normal,1,Low
P09137,46,Female,63.0,115.0,102,20,94.5,37.9,181.2,0.5,No,No,No,None,Normal,0,Low
P09138,58,Male,71.0,131.0,74,18,95.2,37.3,134.2,2.08,No,No,No,None,Normal,0,Low
P09139,47,Male,126.0,151.0,119,29,95.2,37.2,,2.12,No,No,No,None,Normal,3,Low
P09140,38,Male,77.0,165.0,90,21,96.8,37.2,98.9,0.89,No,No,No,Hypertension,Normal,1,Low
P09141,28,Male,110.0,120.0,105,19,95.7,36.6,129.0,1.86,No,Yes,No,None,Abnormal,4,Medium
P09142,19,Female,76.0,171.0,93,14,94.8,36.5,69.2,2.7,No,Yes,No,Respiratory,Abnormal,5,Medium
P09143,67,Female,103.0,147.0,80,16,93.6,38.3,57.6,1.57,No,No,No,Multiple,Normal,8,High
P09144,58,Female,103.0,94.0,69,26,93.8,37.5,137.5,2.06,Yes,No,No,Diabetes,Abnormal,10,High
P09145,83,Male,104.0,93.0,63,8,97.6,35.9,149.2,0.5,No,Yes,No,Multiple,Normal,9,High
P09146,20,Female,93.0,111.0,95,18,93.9,36.6,152.6,3.26,No,No,No,Respiratory,Abnormal,6,Medium
P09147,68,Male,113.0,161.0,82,18,92.7,37.4,97.8,,Yes,Yes,No,Hypertension,Normal,7,Medium
P09148,85,Male,93.0,112.0,87,21,96.4,37.3,96.2,1.56,No,No,No,None,Abnormal,4,Medium
P09149,42,Male,119.0,78.0,90,19,89.5,37.4,114.9,2.01,No,No,No,Hypertension,Normal,9,High
P09150,47,Female,53.0,119.0,83,26,96.0,35.8,75.3,1.64,No,Yes,No,Cardiac,Abnormal,6,Medium
P09151,28,Male,92.0,75.0,71,18,96.2,37.3,141.6,2.57,No,No,No,None,Normal,4,Medium
P09152,34,Female,91.0,99.0,93,18,97.7,37.9,103.2,1.5,Yes,No,No,Multiple,Normal,5,Medium
P09153,43,Female,66.0,110.0,75,23,97.0,35.8,112.3,1.34,No,No,No,Cardiac,Abnormal,5,Medium
P09154,40,Female,97.0,129.0,79,26,92.2,38.4,108.0,2.55,Yes,No,No,Respiratory,Normal,6,Medium
P09155,73,Male,55.0,,89,21,95.4,37.3,135.6,0.5,No,Yes,No,Hypertension,Abnormal,5,Medium
P09156,69,Female,72.0,142.0,77,23,98.0,37.1,126.4,0.78,Yes,Yes,No,None,Normal,4,Medium
P09157,65,Male,45.0,96.0,51,17,97.3,36.2,191.3,1.99,Yes,No,No,None,Normal,4,Medium
P09158,37,Male,116.0,116.0,94,19,93.7,36.5,99.6,2.47,No,Yes,No,Diabetes,Abnormal,7,Medium
P09159,19,Male,80.0,127.0,97,25,97.2,36.7,186.7,2.48,Yes,No,No,None,Normal,2,Low
P09160,48,Male,128.0,118.0,51,21,98.7,35.9,50.0,0.5,Yes,No,No,None,Abnormal,8,High
P09161,44,Female,101.0,118.0,62,17,93.1,36.7,134.6,1.41,No,Yes,No,Diabetes,Normal,5,Medium
P09162,19,Female,94.0,82.0,108,18,90.1,36.3,51.6,2.49,Yes,No,No,Hypertension,Normal,9,High
P09163,21,Female,73.0,96.0,81,23,100.0,37.5,74.0,0.98,No,No,No,Hypertension,Normal,4,Medium
P09164,30,Female,64.0,115.0,78,24,96.9,34.6,76.0,1.61,Yes,No,No,Hypertension,Normal,5,Medium
P09165,52,Male,95.0,70.0,72,14,94.6,36.8,72.9,2.16,No,Yes,No,None,Normal,4,Medium
P09166,89,Male,84.0,141.0,63,20,94.5,36.2,90.7,1.85,Yes,No,No,Hypertension,Normal,4,Medium
P09167,83,Male,58.0,91.0,75,18,96.4,37.0,203.0,2.19,Yes,No,No,Diabetes,Normal,6,Medium
P09168,23,Male,55.0,142.0,93,18,99.1,38.9,79.9,1.66,Yes,Yes,No,Diabetes,Abnormal,6,Medium
P09169,48,Female,66.0,140.0,78,25,91.5,38.3,50.4,2.26,No,Yes,No,None,Normal,6,Medium
P09170,27,Female,121.0,111.0,87,17,94.8,36.6,134.7,2.27,Yes,No,No,None,Abnormal,5,Medium
P09171,38,Male,129.0,150.0,104,15,100.0,36.9,,2.48,No,No,No,None,Normal,2,Low
P09172,40,Male,89.0,144.0,69,14,98.5,36.3,203.7,2.44,No,No,No,Respiratory,Normal,1,Low
P09173,20,Male,88.0,117.0,83,17,98.2,36.9,113.4,2.59,No,No,No,Hypertension,Normal,2,Low
P09174,49,Male,78.0,114.0,93,14,97.2,37.6,50.0,1.41,No,No,No,None,Abnormal,4,Medium
P09175,37,Female,66.0,152.0,64,14,96.9,35.9,97.9,1.46,No,No,No,Respiratory,Normal,2,Low
P09176,46,Male,113.0,131.0,81,14,94.6,38.3,97.1,1.96,Yes,No,No,None,Normal,2,Low
P09177,69,Female,122.0,151.0,106,14,94.3,37.7,65.7,3.37,No,No,No,None,Normal,4,Medium
P09178,63,Female,67.0,70.0,73,14,98.4,37.7,92.5,1.98,No,No,No,None,Normal,4,Medium
P09179,51,Male,83.0,127.0,94,20,94.4,37.3,109.0,3.14,Yes,No,No,Diabetes,Normal,3,Low
P09180,78,Male,76.0,86.0,76,8,96.9,36.3,112.6,2.98,No,Yes,No,None,Normal,7,Medium
P09181,89,Female,77.0,124.0,105,14,96.5,37.8,59.8,2.99,Yes,Yes,No,None,Normal,7,Medium
P09182,88,Female,109.0,143.0,53,17,100.0,36.7,139.4,2.93,No,Yes,No,None,Normal,5,Medium
P09183,87,Male,59.0,168.0,79,24,95.5,35.6,180.4,1.04,No,No,No,Respiratory,Normal,5,Medium
P09184,28,Female,94.0,102.0,56,17,99.5,37.1,126.2,0.94,Yes,No,No,None,Abnormal,3,Low
P09185,80,Male,100.0,112.0,67,17,98.1,36.1,159.3,1.11,Yes,No,No,None,Normal,3,Low
P09186,38,Male,82.0,123.0,67,18,95.6,36.5,122.3,2.69,No,Yes,No,None,Normal,2,Low
P09187,20,Female,103.0,101.0,74,9,92.3,37.6,73.1,1.58,No,No,No,None,Normal,3,Low
P09188,27,Female,88.0,149.0,60,21,95.8,36.9,125.8,1.32,No,No,No,Diabetes,Normal,1,Low
P09189,44,Male,109.0,123.0,77,21,98.7,37.0,94.9,1.47,No,No,Yes,None,Normal,4,Medium
P09190,29,Male,55.0,128.0,85,22,92.3,37.9,70.6,2.18,No,Yes,No,Diabetes,Normal,4,Medium
P09191,24,Female,78.0,141.0,55,31,98.5,35.2,111.9,1.24,No,No,No,None,Normal,4,Medium
P09192,34,Female,84.0,123.0,68,12,100.0,37.9,147.8,1.4,No,No,No,Hypertension,Abnormal,3,Low
P09193,82,Female,45.0,105.0,116,11,96.3,37.1,101.4,1.56,No,No,No,None,Normal,2,Low
P09194,81,Female,63.0,123.0,83,22,98.7,36.9,192.6,2.53,No,No,No,Cardiac,Normal,4,Medium
P09195,43,Male,69.0,104.0,51,16,96.4,37.0,153.0,0.5,No,No,No,Cardiac,Normal,1,Low
P09196,32,Male,104.0,128.0,57,13,97.7,37.5,93.1,1.81,No,No,No,None,Normal,1,Low
P09197,50,Male,71.0,150.0,81,17,100.0,37.8,91.9,1.51,Yes,No,No,None,Normal,1,Low
P09198,79,Female,69.0,96.0,80,15,91.3,36.8,200.8,2.29,Yes,No,No,Diabetes,Normal,8,High
P09199,64,Female,101.0,87.0,69,27,93.7,36.9,101.5,1.71,No,Yes,No,None,Abnormal,11,High
P09200,52,Male,53.0,126.0,111,29,99.8,37.5,129.6,1.07,No,No,Yes,Diabetes,Normal,5,Medium
P09201,82,Female,45.0,106.0,117,10,100.0,35.3,131.9,3.52,No,Yes,No,Cardiac,Abnormal,8,High
P09202,89,Female,78.0,126.0,74,11,91.8,36.9,50.0,3.04,Yes,No,No,None,Normal,8,High
P09203,42,Female,,133.0,91,14,100.0,37.4,50.0,2.0,No,Yes,No,None,Normal,3,Low
P09204,74,Female,57.0,71.0,92,15,88.3,36.6,149.3,2.27,No,Yes,No,Respiratory,Normal,10,High
P09205,49,Female,96.0,142.0,94,14,97.9,36.4,73.1,1.2,No,No,No,Hypertension,Normal,1,Low
P09206,80,Female,103.0,96.0,68,17,96.7,36.9,115.5,1.97,No,Yes,No,None,Normal,6,Medium
P09207,29,Male,101.0,124.0,107,16,93.8,36.5,54.6,3.92,No,No,No,Multiple,Normal,8,High
P09208,80,Male,107.0,109.0,77,11,94.0,36.8,101.9,2.79,Yes,No,No,Hypertension,Normal,6,Medium
P09209,18,Male,110.0,111.0,84,13,94.1,36.6,123.5,0.96,No,No,No,Cardiac,Normal,2,Low
P09210,68,Male,45.0,167.0,78,26,95.4,38.2,50.0,2.12,Yes,No,No,Multiple,Normal,7,Medium
P09211,87,Female,94.0,133.0,76,16,100.0,36.1,117.2,1.87,No,No,No,Diabetes,Normal,3,Low
P09212,25,Male,74.0,148.0,82,16,98.5,37.7,119.4,2.22,Yes,No,No,None,Normal,1,Low
P09213,85,Male,70.0,129.0,60,10,100.0,36.5,96.3,3.23,No,No,No,Multiple,Normal,5,Medium
P09214,22,Male,96.0,141.0,48,16,95.0,37.3,71.0,1.07,No,No,No,None,Abnormal,2,Low
P09215,56,Male,50.0,135.0,75,23,96.7,37.5,99.9,1.64,No,No,No,Hypertension,Normal,2,Low
P09216,40,Female,50.0,131.0,65,21,92.8,38.2,100.0,0.9,No,No,No,None,Normal,2,Low
P09217,85,Female,98.0,153.0,86,22,95.2,37.3,192.0,1.97,No,No,No,Diabetes,Normal,3,Low
P09218,69,Male,95.0,129.0,85,12,94.3,36.7,110.2,1.89,No,No,Yes,None,Normal,4,Medium
P09219,21,Male,88.0,182.0,78,12,97.5,37.1,96.4,3.47,Yes,No,No,Multiple,Abnormal,8,High
P09220,64,Female,67.0,149.0,100,24,93.9,38.5,110.1,1.12,No,No,No,None,Abnormal,6,Medium
P09221,38,Female,100.0,97.0,78,22,93.5,37.1,131.9,2.52,No,No,No,None,Normal,5,Medium
P09222,73,Male,99.0,121.0,56,17,97.2,36.0,130.5,0.5,No,No,Yes,Hypertension,Normal,5,Medium
P09223,83,Female,87.0,135.0,75,22,95.8,36.7,133.0,3.35,Yes,Yes,No,Diabetes,Abnormal,8,High
P09224,76,Female,61.0,126.0,96,12,93.9,36.7,139.1,1.82,No,Yes,No,Diabetes,Abnormal,8,High
P09225,24,Male,76.0,142.0,50,12,93.5,37.6,56.6,1.91,No,No,No,Diabetes,Normal,5,Medium
P09226,66,Female,102.0,145.0,77,10,93.9,36.0,135.7,1.62,No,No,No,None,Normal,4,Medium
P09227,33,Male,112.0,91.0,87,20,98.4,36.6,122.4,2.18,No,Yes,No,None,Abnormal,6,Medium
P09228,34,Male,78.0,157.0,118,19,97.3,37.2,90.1,1.32,No,No,No,Respiratory,Normal,1,Low
P09229,51,Female,80.0,113.0,96,15,93.7,36.8,119.3,1.92,Yes,Yes,No,Cardiac,Normal,5,Medium
P09230,50,Female,82.0,110.0,80,14,93.9,37.1,110.6,2.88,No,Yes,No,Cardiac,Normal,5,Medium
P09231,43,Female,90.0,110.0,86,30,92.6,37.1,114.2,1.49,No,No,No,Multiple,Normal,5,Medium
P09232,83,Female,73.0,145.0,50,17,94.8,37.2,,1.56,No,No,No,Diabetes,Abnormal,5,Medium
P09233,80,Female,45.0,118.0,62,25,96.4,36.3,50.0,1.58,Yes,No,No,None,Abnormal,8,High
P09234,58,Female,109.0,108.0,88,17,93.4,37.6,125.5,2.57,No,No,No,Respiratory,Normal,5,Medium
P09235,75,Male,121.0,114.0,80,15,100.0,36.6,141.0,1.68,No,No,No,Multiple,Abnormal,8,High
P09236,27,Female,73.0,80.0,82,25,97.9,37.0,124.8,1.44,Yes,No,No,Respiratory,Normal,6,Medium
P09237,32,Male,64.0,104.0,79,22,95.9,36.0,86.0,1.94,No,No,No,Hypertension,Abnormal,3,Low
P09238,59,Female,82.0,94.0,78,18,96.3,37.0,80.5,2.65,No,No,No,None,Normal,3,Low
P09239,74,Female,81.0,118.0,80,24,91.8,37.2,122.3,0.76,No,Yes,No,None,Normal,5,Medium
P09240,34,Female,105.0,142.0,62,31,92.4,37.0,147.1,2.4,Yes,No,No,Multiple,Normal,9,High
P09241,77,Female,86.0,139.0,75,14,100.0,36.4,167.3,2.08,Yes,Yes,Yes,Cardiac,Abnormal,10,High
P09242,26,Female,69.0,156.0,59,20,100.0,37.9,145.6,2.12,No,No,No,Diabetes,Normal,1,Low
P09243,53,Male,59.0,151.0,69,16,89.4,37.5,135.5,1.82,No,Yes,Yes,Hypertension,Abnormal,11,High
P09244,90,Male,102.0,112.0,96,13,97.4,36.9,50.0,1.83,Yes,No,No,Multiple,Abnormal,10,High
P09245,53,Male,97.0,125.0,75,13,100.0,36.9,90.5,2.36,No,No,No,Cardiac,Abnormal,3,Low
P09246,65,Female,106.0,124.0,87,26,95.0,36.4,127.5,0.56,No,No,Yes,Diabetes,Normal,7,Medium
P09247,68,Female,66.0,71.0,80,9,100.0,36.5,87.8,1.15,No,No,No,Multiple,Abnormal,8,High
P09248,87,Female,122.0,95.0,72,21,98.3,38.2,77.8,0.5,Yes,No,No,Cardiac,Abnormal,10,High
P09249,85,Male,50.0,121.0,63,14,97.4,36.7,72.5,3.25,No,Yes,No,Respiratory,Abnormal,7,Medium
P09250,39,Male,99.0,121.0,72,27,95.3,39.2,185.6,2.81,Yes,No,No,None,Normal,4,Medium
P09251,23,Female,47.0,138.0,81,17,96.3,36.1,63.0,0.5,Yes,Yes,No,Hypertension,Normal,3,Low
P09252,43,Male,69.0,137.0,87,16,94.7,37.3,106.5,2.09,No,Yes,No,Respiratory,Abnormal,4,Medium
P09253,20,Female,116.0,81.0,80,26,96.9,37.2,85.9,1.62,Yes,Yes,No,Hypertension,Normal,8,High
P09254,69,Female,102.0,138.0,88,22,96.8,37.0,80.4,,No,Yes,No,None,Normal,3,Low
P09255,77,Male,,129.0,55,21,94.7,35.7,131.5,2.07,Yes,No,No,None,Normal,4,Medium
P09256,80,Male,75.0,141.0,91,22,90.2,35.9,,1.69,No,No,No,None,Abnormal,7,Medium
P09257,82,Male,87.0,152.0,61,13,95.4,37.2,67.9,1.75,No,Yes,No,Hypertension,Normal,4,Medium
P09258,69,Male,95.0,121.0,93,22,92.9,36.2,117.1,2.61,No,Yes,No,Respiratory,Normal,6,Medium
P09259,31,Female,110.0,156.0,86,17,92.6,38.0,110.5,1.32,No,No,No,Cardiac,Normal,4,Medium
P09260,89,Female,76.0,103.0,50,20,93.9,36.8,96.9,1.49,Yes,No,No,None,Normal,5,Medium
P09261,85,Male,53.0,101.0,89,20,98.5,37.2,77.7,2.32,Yes,No,No,None,Normal,3,Low
P09262,45,Male,88.0,136.0,93,12,92.7,37.0,159.3,2.48,No,Yes,No,Respiratory,Normal,4,Medium
P09263,88,Male,76.0,116.0,97,21,93.3,36.9,73.6,2.03,Yes,No,Yes,Diabetes,Normal,9,High
P09264,27,Male,59.0,132.0,66,17,98.1,38.2,62.9,1.42,Yes,No,No,None,Normal,1,Low
P09265,74,Female,91.0,,81,12,93.7,37.9,159.0,0.5,Yes,No,No,Cardiac,Normal,5,Medium
P09266,83,Female,81.0,135.0,88,17,,37.1,123.0,0.5,No,No,No,Hypertension,Normal,5,Medium
P09267,67,Female,91.0,130.0,89,18,98.4,37.5,67.8,1.64,Yes,No,No,None,Normal,2,Low
P09268,31,Female,67.0,103.0,84,21,95.6,37.9,111.9,1.93,No,No,No,Diabetes,Abnormal,3,Low
P09269,33,Female,95.0,83.0,72,8,96.2,36.5,90.0,1.52,No,No,No,None,Normal,3,Low
P09270,71,Female,59.0,123.0,93,20,95.3,35.8,174.6,0.96,No,Yes,No,Multiple,Normal,5,Medium
P09271,60,Female,68.0,152.0,93,15,97.3,37.4,105.3,0.84,No,Yes,No,None,Abnormal,4,Medium
P09272,59,Male,80.0,117.0,76,22,98.1,38.0,136.3,1.93,No,No,No,Respiratory,Abnormal,3,Low
P09273,39,Female,120.0,135.0,66,18,95.6,35.6,114.1,2.89,No,No,No,Cardiac,Abnormal,6,Medium
P09274,85,Male,101.0,161.0,67,16,91.5,36.5,172.5,,No,No,No,Diabetes,Normal,6,Medium
P09275,36,Male,107.0,160.0,98,17,96.9,36.8,123.1,1.78,No,No,No,None,Normal,1,Low
P09276,83,Male,113.0,136.0,92,20,95.0,36.2,161.3,1.23,No,No,No,Multiple,Normal,5,Medium
P09277,56,Female,157.0,129.0,78,23,98.6,36.9,136.7,2.28,No,No,No,None,Normal,3,Low
P09278,90,Female,86.0,87.0,75,14,93.3,36.1,92.9,1.7,No,No,No,None,Abnormal,9,High
P09279,36,Female,113.0,109.0,51,16,95.1,36.7,115.1,2.59,No,No,No,None,Abnormal,4,Medium
P09280,33,Female,105.0,118.0,77,25,91.6,37.6,106.5,1.89,No,Yes,No,None,Normal,5,Medium
P09281,71,Male,105.0,104.0,60,16,98.3,35.3,92.1,1.9,No,No,No,Diabetes,Abnormal,6,Medium
P09282,42,Female,120.0,131.0,80,20,99.7,36.2,71.9,1.12,No,No,No,Multiple,Abnormal,5,Medium
P09283,35,Male,77.0,173.0,96,12,94.5,38.1,169.4,1.13,No,Yes,No,Hypertension,Abnormal,4,Medium
P09284,40,Female,75.0,163.0,63,9,95.4,36.3,50.0,2.17,No,No,No,None,Abnormal,4,Medium
P09285,28,Female,91.0,131.0,82,13,93.6,34.9,168.3,1.98,No,No,No,None,Normal,4,Medium
P09286,56,Male,81.0,144.0,93,15,93.9,37.1,61.5,3.41,No,No,No,None,Normal,3,Low
P09287,85,Male,91.0,107.0,81,23,98.1,36.9,136.7,0.92,Yes,No,No,Diabetes,Normal,5,Medium
P09288,42,Male,116.0,162.0,70,24,94.5,37.1,91.6,2.59,Yes,No,No,Diabetes,Abnormal,7,Medium
P09289,80,Female,75.0,86.0,78,8,97.4,37.0,50.0,1.9,No,No,No,Respiratory,Abnormal,10,High
P09290,47,Female,79.0,148.0,92,15,96.0,38.0,160.8,1.02,No,Yes,No,Diabetes,Abnormal,4,Medium
P09291,62,Male,88.0,137.0,82,21,98.3,36.4,50.0,0.5,No,No,No,Diabetes,Normal,4,Medium
P09292,78,Female,80.0,106.0,78,17,94.8,36.9,146.8,1.29,No,Yes,No,Hypertension,Normal,4,Medium
P09293,68,Male,47.0,120.0,95,26,99.3,36.7,120.2,1.39,No,No,No,Respiratory,Normal,3,Low
P09294,26,Female,73.0,97.0,86,21,100.0,37.5,157.0,1.39,Yes,No,No,Respiratory,Normal,4,Medium
P09295,19,Male,99.0,98.0,60,17,90.9,37.6,140.1,2.52,No,No,No,Cardiac,Abnormal,8,High
P09296,22,Male,114.0,,87,17,,37.3,139.5,1.43,Yes,No,No,Diabetes,Abnormal,8,High
P09297,79,Female,62.0,144.0,92,18,95.7,38.7,150.9,2.02,No,No,No,Multiple,Abnormal,7,Medium
P09298,86,Male,62.0,155.0,59,14,93.9,37.4,148.5,0.68,No,No,No,Diabetes,Normal,5,Medium
P09299,69,Female,86.0,71.0,44,23,97.2,38.0,133.0,2.11,Yes,No,No,Diabetes,Abnormal,9,High
P09300,22,Female,45.0,171.0,62,22,99.4,36.3,101.6,0.76,Yes,No,No,Respiratory,Normal,2,Low
P09301,76,Male,76.0,125.0,76,20,90.1,36.4,105.8,2.34,No,Yes,No,None,Normal,5,Medium
P09302,85,Male,50.0,132.0,93,19,89.9,38.6,119.3,2.57,No,Yes,No,Diabetes,Normal,10,High
P09303,26,Female,112.0,88.0,65,13,100.0,35.9,104.4,0.6,No,Yes,No,None,Abnormal,8,High
P09304,39,Female,70.0,158.0,86,21,95.3,37.6,202.4,3.34,Yes,No,Yes,None,Abnormal,7,Medium
P09305,44,Male,118.0,130.0,40,19,96.3,38.0,111.5,1.44,Yes,No,No,Cardiac,Normal,3,Low
P09306,27,Male,107.0,153.0,81,28,92.8,37.9,,2.09,No,No,Yes,None,Normal,7,Medium
P09307,78,Male,72.0,156.0,72,12,96.1,35.7,110.2,2.41,No,Yes,No,Hypertension,Normal,5,Medium
P09308,68,Female,64.0,158.0,109,14,100.0,36.7,81.5,1.26,No,Yes,No,Multiple,Normal,4,Medium
P09309,27,Female,81.0,109.0,50,10,97.5,37.5,193.3,1.24,No,No,No,Hypertension,Abnormal,3,Low
P09310,23,Female,83.0,120.0,78,17,96.6,37.6,118.9,1.46,Yes,No,No,None,Normal,1,Low
P09311,79,Male,92.0,110.0,50,9,90.7,37.0,140.4,2.17,Yes,No,No,Cardiac,Abnormal,8,High
P09312,22,Male,69.0,147.0,70,24,,36.4,135.6,2.27,Yes,No,No,Cardiac,Normal,3,Low
P09313,87,Female,,133.0,52,23,96.0,36.8,152.8,2.92,No,No,No,None,Abnormal,6,Medium
P09314,80,Female,90.0,152.0,113,17,94.2,36.5,124.5,2.79,No,Yes,No,None,Normal,4,Medium
P09315,73,Male,78.0,,73,13,97.9,36.0,99.0,2.78,Yes,Yes,No,None,Normal,4,Medium
P09316,76,Female,71.0,82.0,75,10,93.5,36.8,116.9,2.5,No,No,No,None,Abnormal,9,High
P09317,80,Male,81.0,159.0,77,14,97.7,38.5,65.9,2.44,No,Yes,No,None,Normal,3,Low
P09318,76,Male,69.0,149.0,61,21,99.7,36.8,109.0,1.48,Yes,No,No,Respiratory,Normal,4,Medium
P09319,68,Male,86.0,116.0,94,14,96.5,35.8,186.8,1.36,No,No,No,Multiple,Normal,4,Medium
P09320,67,Female,87.0,134.0,88,28,94.7,36.7,144.4,0.57,No,Yes,No,Diabetes,Abnormal,6,Medium
P09321,21,Female,90.0,122.0,92,25,94.3,38.4,110.7,2.92,No,No,No,Multiple,Normal,4,Medium
P09322,65,Male,120.0,140.0,60,18,97.1,35.7,195.5,1.84,No,Yes,No,Respiratory,Normal,5,Medium
P09323,49,Male,82.0,116.0,95,16,94.7,37.0,90.6,2.07,No,No,No,Diabetes,Normal,1,Low
P09324,68,Female,105.0,137.0,93,15,100.0,37.6,128.7,0.5,Yes,No,No,Multiple,Normal,5,Medium
P09325,69,Male,90.0,127.0,75,26,91.8,36.1,102.9,1.27,No,No,No,Hypertension,Abnormal,7,Medium
P09326,51,Female,80.0,114.0,91,15,95.6,37.2,106.8,2.58,No,No,No,Cardiac,Normal,2,Low
P09327,53,Female,,130.0,82,23,96.8,36.3,130.8,2.06,Yes,No,No,None,Normal,2,Low
P09328,87,Female,84.0,193.0,54,18,96.5,36.0,138.0,1.27,Yes,Yes,No,Hypertension,Normal,7,Medium
P09329,60,Male,91.0,108.0,75,22,94.3,37.5,106.9,1.71,No,No,No,Hypertension,Normal,2,Low
P09330,33,Male,66.0,119.0,71,14,99.7,38.5,81.6,3.38,No,Yes,No,None,Normal,2,Low
P09331,76,Male,56.0,108.0,79,16,98.0,36.7,188.3,1.61,No,No,No,Respiratory,Normal,3,Low
P09332,70,Male,98.0,111.0,93,18,98.2,37.5,119.1,1.9,No,No,No,None,Normal,1,Low
P09333,36,Female,103.0,145.0,53,15,94.0,37.4,73.5,1.79,No,No,No,Hypertension,Abnormal,4,Medium
P09334,58,Male,100.0,143.0,71,24,94.8,37.1,74.1,1.97,Yes,Yes,No,Hypertension,Normal,4,Medium
P09335,64,Female,88.0,125.0,66,14,97.5,36.4,194.6,2.76,Yes,No,No,Diabetes,Normal,4,Medium
P09336,71,Male,100.0,151.0,66,15,92.7,36.2,213.6,3.79,No,No,No,None,Abnormal,6,Medium
P09337,72,Male,99.0,145.0,66,25,98.0,36.4,128.5,2.98,No,Yes,No,Multiple,Abnormal,8,High
P09338,36,Male,101.0,121.0,79,24,95.7,36.9,90.4,1.99,Yes,No,No,Cardiac,Normal,4,Medium
P09339,79,Male,68.0,87.0,86,26,99.2,36.7,128.3,2.75,Yes,No,No,None,Normal,8,High
P09340,76,Male,63.0,146.0,83,8,94.7,36.1,102.8,0.6,No,No,No,Diabetes,Normal,3,Low
P09341,82,Female,77.0,129.0,81,19,100.0,36.8,137.9,1.79,No,Yes,No,None,Normal,3,Low
P09342,85,Male,85.0,126.0,87,18,97.2,36.5,129.0,1.24,No,No,Yes,None,Normal,5,Medium
P09343,45,Male,80.0,113.0,114,15,97.6,37.4,113.7,1.34,No,Yes,No,Hypertension,Normal,2,Low
P09344,35,Male,47.0,144.0,80,20,93.9,36.7,111.6,2.57,Yes,No,Yes,None,Normal,7,Medium
P09345,43,Male,119.0,134.0,93,16,96.8,37.7,106.2,2.89,Yes,Yes,No,None,Normal,4,Medium
P09346,36,Male,80.0,119.0,92,19,94.4,37.2,152.9,0.74,No,No,No,None,Normal,0,Low
P09347,72,Female,88.0,,105,35,91.4,36.6,,1.66,No,No,No,None,Normal,8,High
P09348,74,Male,110.0,152.0,86,20,95.4,36.9,197.2,1.28,No,No,No,Respiratory,Normal,3,Low
P09349,23,Female,45.0,140.0,65,20,99.5,36.9,201.0,2.33,Yes,No,No,None,Abnormal,3,Low
P09350,18,Male,75.0,131.0,83,22,95.8,37.1,99.9,2.69,Yes,No,No,None,Normal,2,Low
P09351,25,Female,77.0,70.0,82,19,95.1,37.3,100.6,3.61,Yes,No,Yes,Multiple,Normal,10,High
P09352,68,Male,78.0,124.0,90,13,95.1,36.6,113.0,2.76,No,No,No,Respiratory,Abnormal,5,Medium
P09353,42,Male,82.0,119.0,65,10,100.0,36.8,89.3,2.72,No,Yes,No,Hypertension,Normal,3,Low
P09354,64,Female,114.0,110.0,97,18,97.8,37.1,149.1,1.0,No,No,No,None,Abnormal,4,Medium
P09355,72,Male,98.0,144.0,78,17,91.2,34.6,162.4,1.26,No,No,No,Hypertension,Normal,6,Medium
P09356,81,Female,104.0,143.0,91,8,94.4,37.4,166.3,1.84,No,No,No,Respiratory,Normal,4,Medium
P09357,27,Male,86.0,136.0,83,26,94.8,36.2,106.7,3.85,Yes,Yes,No,None,Normal,4,Medium
P09358,73,Female,57.0,151.0,80,19,93.8,36.8,106.2,1.86,No,Yes,No,None,Normal,4,Medium
P09359,29,Female,45.0,99.0,82,25,96.2,36.5,50.0,2.95,No,No,No,Multiple,Normal,8,High
P09360,50,Female,54.0,114.0,88,8,94.3,37.6,88.7,1.46,No,Yes,No,Diabetes,Abnormal,4,Medium
P09361,88,Male,92.0,127.0,107,25,94.5,37.8,77.7,1.78,No,No,No,Respiratory,Abnormal,6,Medium
P09362,34,Female,86.0,109.0,48,16,96.5,36.9,70.7,1.78,Yes,No,No,None,Normal,1,Low
P09363,78,Male,81.0,143.0,86,24,91.4,36.9,95.5,1.41,No,No,No,Respiratory,Normal,6,Medium
P09364,27,Female,78.0,112.0,79,19,89.5,37.0,102.7,2.35,No,No,No,Multiple,Normal,6,Medium
P09365,48,Female,125.0,157.0,75,20,99.7,37.0,114.0,0.76,No,Yes,Yes,Hypertension,Normal,7,Medium
P09366,77,Female,69.0,102.0,43,20,98.5,37.8,169.4,0.5,No,No,No,Respiratory,Normal,3,Low
P09367,87,Male,104.0,178.0,87,16,97.1,39.4,161.6,1.59,No,No,Yes,Multiple,Normal,9,High
P09368,34,Male,85.0,176.0,76,15,96.9,36.9,70.0,2.24,No,No,No,Respiratory,Normal,1,Low
P09369,67,Male,84.0,123.0,65,16,95.4,37.5,132.1,1.19,No,No,No,Multiple,Normal,3,Low
P09370,54,Female,109.0,154.0,79,11,100.0,36.3,83.0,3.66,No,No,No,None,Normal,2,Low
P09371,79,Male,114.0,115.0,74,16,96.6,36.4,120.9,1.8,No,Yes,No,None,Abnormal,6,Medium
P09372,89,Male,80.0,150.0,52,15,100.0,36.2,167.4,1.86,No,No,No,Respiratory,Normal,3,Low
P09373,46,Female,101.0,121.0,79,11,100.0,38.1,95.5,1.0,No,Yes,No,Multiple,Normal,4,Medium
P09374,49,Female,92.0,93.0,87,20,97.4,37.6,75.5,2.3,Yes,No,No,None,Normal,3,Low
P09375,28,Male,85.0,70.0,70,18,95.4,36.7,117.1,2.62,Yes,No,No,Cardiac,Normal,6,Medium
P09376,23,Male,89.0,118.0,82,19,96.0,37.2,,1.96,No,No,No,Hypertension,Normal,1,Low
P09377,52,Male,71.0,132.0,80,21,94.8,37.6,195.2,2.05,No,No,No,None,Abnormal,2,Low
P09378,50,Female,79.0,158.0,94,17,97.4,38.0,90.4,1.99,Yes,No,No,Cardiac,Normal,2,Low
P09379,35,Female,73.0,126.0,76,13,98.0,37.3,120.3,1.08,Yes,Yes,No,Hypertension,Normal,3,Low
P09380,54,Female,103.0,150.0,90,20,92.3,37.1,126.0,2.95,No,No,Yes,Diabetes,Normal,8,High
P09381,30,Female,83.0,114.0,73,8,100.0,38.1,58.1,1.55,Yes,No,No,None,Abnormal,5,Medium
P09382,81,Female,59.0,117.0,108,17,93.7,36.1,56.0,3.18,No,No,No,Respiratory,Abnormal,10,High
P09383,18,Male,71.0,151.0,71,22,87.9,35.5,128.0,0.83,No,No,No,None,Normal,5,Medium
P09384,80,Male,,70.0,68,23,95.8,38.0,100.0,2.53,No,Yes,Yes,Cardiac,Abnormal,14,High
P09385,51,Male,75.0,125.0,76,15,92.6,36.6,58.9,1.95,No,No,No,Multiple,Normal,6,Medium
P09386,27,Female,86.0,115.0,67,8,95.8,38.1,142.5,1.87,Yes,No,No,Multiple,Normal,3,Low
P09387,24,Female,82.0,159.0,59,8,96.2,38.5,,1.33,No,No,No,Diabetes,Abnormal,3,Low
P09388,73,Male,125.0,112.0,89,21,97.3,38.5,115.5,2.34,No,No,No,None,Abnormal,5,Medium
P09389,54,Male,96.0,138.0,40,16,99.0,34.6,71.2,2.23,No,Yes,No,Multiple,Normal,5,Medium
P09390,46,Male,96.0,148.0,67,28,93.0,37.6,50.0,3.23,No,No,No,None,Normal,6,Medium
P09391,29,Female,52.0,88.0,58,11,94.9,36.6,91.1,2.34,No,No,No,None,Normal,3,Low
P09392,34,Female,78.0,122.0,80,20,98.0,36.5,116.9,1.47,No,No,No,Cardiac,Normal,1,Low
P09393,65,Female,75.0,114.0,45,26,94.0,37.3,86.6,1.46,Yes,No,No,Respiratory,Abnormal,6,Medium
P09394,43,Female,69.0,149.0,86,19,90.4,36.5,71.1,2.06,No,No,No,Hypertension,Normal,3,Low
P09395,29,Female,69.0,142.0,88,10,97.9,37.6,100.1,2.99,Yes,No,No,None,Normal,2,Low
P09396,38,Male,49.0,119.0,54,32,94.3,38.1,116.4,2.11,Yes,No,No,None,Abnormal,6,Medium
P09397,59,Male,59.0,99.0,81,26,94.1,36.8,171.6,2.62,No,No,No,Diabetes,Abnormal,7,Medium
P09398,78,Female,102.0,151.0,86,17,96.4,37.3,121.0,2.04,No,No,No,Hypertension,Normal,4,Medium
P09399,75,Female,82.0,123.0,92,22,96.0,36.6,56.3,0.5,Yes,No,No,Multiple,Normal,7,Medium
P09400,71,Male,75.0,85.0,56,22,99.0,37.4,50.0,2.16,No,No,No,Multiple,Normal,8,High
P09401,51,Female,85.0,87.0,54,21,92.3,38.1,50.0,1.65,No,No,No,Respiratory,Normal,8,High
P09402,24,Female,108.0,136.0,101,11,100.0,37.3,128.6,2.78,No,No,Yes,None,Normal,5,Medium
P09403,52,Male,85.0,93.0,66,20,91.8,36.9,72.9,3.12,Yes,No,Yes,Multiple,Abnormal,13,High
P09404,32,Female,96.0,171.0,70,25,94.8,38.0,134.9,3.24,No,Yes,No,Diabetes,Normal,4,Medium
P09405,82,Female,68.0,102.0,87,21,93.4,36.7,162.2,1.66,Yes,No,No,None,Normal,5,Medium
P09406,42,Male,73.0,125.0,60,20,,36.7,138.6,1.42,No,No,No,Cardiac,Normal,1,Low
P09407,76,Female,92.0,129.0,74,15,96.1,36.5,105.9,1.54,No,No,No,Cardiac,Normal,3,Low
P09408,23,Female,123.0,107.0,91,13,96.5,35.7,188.9,1.71,No,Yes,No,None,Normal,4,Medium
P09409,69,Male,114.0,70.0,57,10,96.8,36.3,96.6,1.93,No,No,No,None,Normal,5,Medium
P09410,38,Male,97.0,130.0,70,22,99.9,37.0,78.9,1.06,No,No,No,Multiple,Normal,2,Low
P09411,88,Female,88.0,106.0,61,17,96.5,37.2,128.3,1.82,No,No,No,Hypertension,Normal,3,Low
P09412,49,Male,113.0,128.0,66,11,100.0,36.2,145.9,0.5,No,No,No,None,Normal,1,Low
P09413,70,Male,101.0,122.0,96,23,90.7,36.6,50.0,3.52,Yes,Yes,No,Hypertension,Normal,11,High
P09414,76,Female,45.0,132.0,99,15,89.4,35.5,,1.62,No,No,No,Hypertension,Normal,8,High
P09415,86,Male,64.0,164.0,82,14,96.4,38.7,50.0,1.46,No,No,No,Diabetes,Normal,6,Medium
P09416,79,Female,92.0,111.0,86,16,97.0,38.2,50.0,2.24,No,No,No,None,Abnormal,6,Medium
P09417,21,Male,49.0,113.0,86,17,94.4,36.4,101.2,2.47,No,No,No,None,Normal,0,Low
P09418,35,Male,67.0,83.0,68,20,96.0,37.1,72.5,0.5,No,No,No,Respiratory,Normal,4,Medium
P09419,73,Female,71.0,120.0,82,14,99.2,36.3,131.6,1.25,No,Yes,No,Hypertension,Abnormal,5,Medium
P09420,41,Female,80.0,135.0,59,23,98.0,37.8,129.3,2.94,Yes,No,No,None,Normal,3,Low
P09421,83,Female,79.0,113.0,64,20,95.0,37.5,127.3,2.5,No,No,No,Respiratory,Normal,3,Low
P09422,30,Male,79.0,135.0,77,15,96.6,35.9,164.0,0.86,Yes,No,Yes,Diabetes,Normal,6,Medium
P09423,79,Female,102.0,121.0,62,17,98.3,36.2,102.4,2.75,No,No,No,Diabetes,Normal,5,Medium
P09424,71,Female,80.0,92.0,59,16,92.3,36.9,129.7,2.41,Yes,No,No,None,Normal,6,Medium
P09425,32,Male,77.0,133.0,67,18,93.6,38.1,50.0,1.15,Yes,No,No,Multiple,Normal,7,Medium
P09426,86,Male,58.0,120.0,95,26,98.8,36.7,153.4,1.8,Yes,No,No,None,Abnormal,6,Medium
P09427,20,Male,105.0,128.0,101,16,90.8,38.0,,0.5,No,No,Yes,Hypertension,Abnormal,9,High
P09428,54,Female,72.0,111.0,78,19,92.7,37.2,103.6,2.45,No,No,No,None,Abnormal,4,Medium
P09429,54,Male,63.0,109.0,87,15,92.4,36.3,101.3,3.03,No,No,No,Cardiac,Normal,4,Medium
P09430,20,Male,89.0,129.0,70,21,98.8,36.7,111.0,1.53,No,No,Yes,Hypertension,Abnormal,6,Medium
P09431,80,Female,70.0,119.0,47,19,92.7,37.5,100.2,1.8,No,No,Yes,None,Abnormal,9,High
P09432,52,Male,,168.0,65,25,98.4,37.7,50.0,2.14,No,No,No,None,Normal,3,Low
P09433,69,Male,90.0,145.0,73,14,94.9,37.7,164.6,1.62,No,Yes,No,Cardiac,Normal,3,Low
P09434,45,Female,78.0,139.0,80,21,100.0,37.2,89.0,0.5,No,No,No,Multiple,Abnormal,4,Medium
P09435,35,Male,131.0,121.0,76,24,96.4,37.4,100.0,2.66,No,No,No,Diabetes,Abnormal,7,Medium
P09436,53,Female,84.0,74.0,74,16,99.2,38.8,107.3,2.76,No,No,Yes,Diabetes,Abnormal,11,High
P09437,50,Female,97.0,105.0,69,17,97.4,38.9,136.0,2.35,No,Yes,No,None,Normal,2,Low
P09438,81,Female,46.0,109.0,83,19,94.6,37.0,95.3,2.92,Yes,No,No,Multiple,Abnormal,8,High
P09439,43,Female,68.0,118.0,58,17,96.0,35.6,157.6,1.69,Yes,No,No,None,Abnormal,4,Medium
P09440,65,Female,63.0,124.0,90,19,96.0,37.1,190.0,2.15,No,No,No,None,Normal,1,Low
P09441,57,Male,66.0,141.0,69,21,94.6,37.1,180.4,1.24,Yes,Yes,Yes,None,Normal,5,Medium
P09442,34,Female,93.0,132.0,109,17,98.7,36.0,,1.1,Yes,No,No,Diabetes,Abnormal,4,Medium
P09443,57,Female,106.0,154.0,73,17,100.0,37.1,91.9,0.76,No,No,No,None,Abnormal,3,Low
P09444,24,Female,92.0,117.0,71,19,96.3,36.2,90.9,2.08,No,No,No,Diabetes,Normal,1,Low
P09445,74,Female,80.0,131.0,70,16,98.1,37.3,100.2,1.87,No,Yes,Yes,Hypertension,Normal,6,Medium
P09446,25,Male,72.0,,71,16,97.6,37.5,81.0,2.68,No,No,No,None,Normal,1,Low
P09447,73,Male,107.0,131.0,87,14,88.2,37.4,131.6,0.5,No,No,No,Diabetes,Normal,7,Medium
P09448,48,Male,126.0,157.0,77,18,97.5,37.8,105.9,2.01,Yes,No,No,Respiratory,Normal,4,Medium
P09449,76,Female,88.0,145.0,93,20,97.3,37.4,114.3,3.18,No,No,No,Multiple,Normal,5,Medium
P09450,75,Male,104.0,92.0,85,17,92.3,37.6,102.7,1.89,No,No,No,Cardiac,Normal,8,High
P09451,29,Male,92.0,122.0,78,14,90.6,38.0,133.0,2.52,Yes,Yes,No,None,Abnormal,7,Medium
P09452,65,Female,100.0,125.0,84,18,97.3,36.6,125.2,3.67,No,No,No,Hypertension,Abnormal,5,Medium
P09453,48,Female,62.0,179.0,96,20,100.0,36.9,100.9,2.89,No,No,No,Multiple,Normal,3,Low
P09454,80,Male,75.0,117.0,88,19,94.9,36.7,109.1,0.66,No,Yes,No,Cardiac,Normal,4,Medium
P09455,56,Male,93.0,100.0,82,29,95.0,36.4,109.0,1.55,No,No,No,None,Normal,1,Low
P09456,37,Male,109.0,136.0,84,15,100.0,36.8,141.8,2.09,Yes,No,No,Hypertension,Normal,3,Low
P09457,65,Male,69.0,137.0,61,17,98.7,37.7,83.9,1.75,No,Yes,No,None,Normal,2,Low
P09458,88,Female,45.0,123.0,117,22,92.4,37.6,96.4,2.85,No,No,No,Multiple,Normal,7,Medium
P09459,71,Female,75.0,119.0,86,15,93.9,35.6,50.0,1.78,No,Yes,No,Diabetes,Normal,8,High
P09460,88,Female,105.0,149.0,87,28,100.0,38.4,72.0,1.74,No,No,No,None,Normal,4,Medium
P09461,46,Female,53.0,104.0,78,18,94.0,37.7,105.6,2.67,No,No,Yes,Diabetes,Normal,5,Medium
P09462,90,Female,61.0,116.0,44,21,94.4,37.2,97.5,0.67,No,No,No,None,Normal,2,Low
P09463,65,Male,88.0,112.0,74,18,98.0,35.9,50.0,2.19,No,No,No,Respiratory,Normal,5,Medium
P09464,73,Female,83.0,152.0,79,23,95.2,36.1,136.0,1.29,Yes,No,No,Hypertension,Normal,4,Medium
P09465,34,Female,97.0,132.0,66,13,97.3,38.2,79.8,2.42,Yes,No,No,None,Abnormal,3,Low
P09466,26,Male,60.0,98.0,66,26,96.9,37.8,,1.51,No,No,No,Respiratory,Normal,6,Medium
P09467,51,Female,79.0,101.0,73,19,95.6,37.9,129.6,2.21,Yes,No,No,None,Normal,1,Low
P09468,62,Male,109.0,172.0,90,21,99.6,36.9,148.4,1.36,No,No,No,None,Normal,2,Low
P09469,26,Female,61.0,152.0,97,14,92.2,38.0,50.0,0.5,No,No,No,None,Normal,4,Medium
P09470,24,Female,115.0,146.0,81,20,96.4,35.9,142.3,2.09,Yes,No,No,Hypertension,Abnormal,6,Medium
P09471,33,Female,64.0,125.0,69,13,94.3,36.0,106.4,0.76,Yes,No,No,None,Normal,1,Low
P09472,36,Male,102.0,163.0,73,24,100.0,37.8,104.8,3.0,Yes,Yes,No,Cardiac,Abnormal,8,High
P09473,23,Female,,97.0,79,12,95.5,36.3,70.2,2.25,No,No,No,None,Abnormal,4,Medium
P09474,28,Male,62.0,144.0,81,19,100.0,37.0,108.8,2.38,No,No,No,Hypertension,Normal,1,Low
P09475,78,Female,75.0,114.0,85,16,94.7,35.6,111.4,1.57,Yes,Yes,No,Hypertension,Normal,6,Medium
P09476,59,Female,96.0,119.0,71,10,96.3,34.7,205.1,1.78,Yes,No,No,None,Abnormal,5,Medium
P09477,30,Male,85.0,143.0,86,13,99.3,36.2,135.9,0.5,No,No,No,None,Normal,0,Low
P09478,29,Male,107.0,121.0,85,20,93.1,36.7,114.9,2.11,No,Yes,No,None,Normal,4,Medium
P09479,37,Female,114.0,114.0,72,14,100.0,36.3,162.3,0.89,No,Yes,No,None,Normal,2,Low
P09480,67,Male,61.0,113.0,52,15,96.1,37.5,150.4,2.05,No,No,No,Hypertension,Normal,2,Low
P09481,53,Female,60.0,75.0,65,20,97.2,37.8,56.8,0.92,No,No,No,Hypertension,Abnormal,8,High
P09482,86,Female,59.0,144.0,102,23,97.6,37.5,141.5,2.29,No,No,No,None,Normal,3,Low
P09483,54,Male,67.0,100.0,53,21,95.8,36.1,118.9,1.95,No,No,Yes,None,Normal,3,Low
P09484,29,Male,107.0,171.0,98,18,93.6,37.4,87.0,0.75,Yes,Yes,No,Cardiac,Abnormal,8,High
P09485,57,Male,96.0,118.0,52,19,96.3,36.0,73.6,2.88,No,No,No,None,Normal,1,Low
P09486,71,Female,74.0,158.0,66,19,90.0,38.5,109.1,1.64,No,No,No,Cardiac,Abnormal,6,Medium
P09487,19,Male,85.0,80.0,72,13,92.1,37.0,114.6,1.09,No,No,No,None,Normal,5,Medium
P09488,67,Female,113.0,143.0,105,19,95.6,36.3,160.9,2.63,No,Yes,No,None,Abnormal,6,Medium
P09489,58,Male,123.0,150.0,78,13,100.0,37.0,50.0,1.36,No,No,No,Respiratory,Normal,5,Medium
P09490,62,Male,90.0,158.0,75,21,100.0,37.1,64.6,1.66,No,Yes,No,Hypertension,Abnormal,5,Medium
P09491,26,Male,45.0,87.0,64,19,98.9,37.6,122.8,3.02,Yes,Yes,No,None,Normal,6,Medium
P09492,79,Male,91.0,,86,8,91.4,35.5,109.5,2.12,Yes,Yes,No,None,Abnormal,9,High
P09493,64,Male,104.0,139.0,70,23,96.9,36.4,119.4,2.29,No,No,No,None,Abnormal,5,Medium
P09494,22,Female,89.0,129.0,75,15,93.4,37.4,96.7,1.71,Yes,No,No,Hypertension,Normal,4,Medium
P09495,18,Male,100.0,132.0,73,15,95.8,37.6,125.0,1.27,No,No,No,Multiple,Normal,2,Low
P09496,61,Male,92.0,116.0,89,23,98.9,39.6,51.4,1.54,No,No,No,Multiple,Normal,8,High
P09497,39,Female,60.0,164.0,89,17,98.0,38.1,198.9,0.5,No,No,No,None,Abnormal,2,Low
P09498,55,Female,67.0,190.0,65,21,99.8,36.4,131.7,2.34,No,Yes,Yes,Cardiac,Abnormal,9,High
P09499,36,Female,79.0,128.0,69,15,91.8,38.4,133.3,2.27,No,No,No,Respiratory,Normal,3,Low
P09500,48,Female,106.0,136.0,67,22,92.9,37.5,72.4,0.61,No,No,No,None,Abnormal,5,Medium
P09501,84,Male,70.0,126.0,81,19,100.0,38.1,91.5,2.1,No,Yes,No,Diabetes,Normal,4,Medium
P09502,59,Male,94.0,157.0,92,20,100.0,37.4,135.4,0.5,No,No,Yes,Multiple,Normal,5,Medium
P09503,43,Female,91.0,146.0,81,17,96.0,38.1,101.0,3.51,No,No,No,Diabetes,Normal,2,Low
P09504,30,Male,117.0,98.0,45,26,95.9,37.9,125.7,1.34,No,No,No,Hypertension,Normal,5,Medium
P09505,75,Female,84.0,110.0,89,27,99.5,37.4,83.8,1.39,Yes,Yes,No,Diabetes,Abnormal,8,High
P09506,35,Female,50.0,100.0,58,8,97.6,36.6,61.5,2.4,No,No,No,Hypertension,Normal,1,Low
P09507,84,Male,98.0,192.0,67,23,97.8,36.6,159.4,2.17,Yes,Yes,Yes,Multiple,Abnormal,14,High
P09508,20,Male,128.0,141.0,81,13,93.2,36.2,79.1,0.58,No,No,Yes,None,Normal,7,Medium
P09509,72,Female,,110.0,77,21,99.4,36.9,151.4,1.84,No,Yes,No,None,Normal,2,Low
P09510,75,Male,69.0,108.0,91,9,95.4,37.9,81.5,2.14,No,Yes,No,Diabetes,Abnormal,6,Medium
P09511,80,Female,63.0,145.0,69,20,91.8,37.5,108.7,1.13,Yes,No,Yes,None,Normal,8,High
P09512,69,Female,66.0,148.0,64,14,93.7,36.4,99.5,2.43,Yes,No,No,Hypertension,Normal,5,Medium
P09513,41,Female,125.0,145.0,73,16,94.2,37.8,106.6,0.78,No,Yes,No,None,Abnormal,5,Medium
P09514,89,Female,78.0,114.0,93,16,100.0,36.1,145.3,,No,Yes,No,Cardiac,Abnormal,6,Medium
P09515,26,Male,72.0,133.0,87,14,93.9,37.3,180.3,0.6,Yes,No,No,Hypertension,Abnormal,6,Medium
P09516,54,Female,82.0,128.0,79,14,97.2,38.1,107.3,1.46,No,Yes,No,Diabetes,Normal,2,Low
P09517,70,Female,79.0,102.0,98,16,89.7,36.1,119.8,0.5,Yes,Yes,No,Cardiac,Normal,8,High
P09518,41,Female,116.0,102.0,95,17,98.8,37.1,104.2,2.44,No,No,No,Respiratory,Normal,2,Low
P09519,38,Male,65.0,135.0,90,20,93.6,36.4,118.5,2.8,No,No,No,Multiple,Abnormal,7,Medium
P09520,57,Female,109.0,130.0,60,27,97.2,38.3,86.3,3.16,No,No,No,Multiple,Abnormal,7,Medium
P09521,79,Female,87.0,139.0,90,13,97.2,38.8,73.6,1.47,No,No,No,Multiple,Normal,5,Medium
P09522,87,Male,109.0,145.0,75,19,97.9,37.4,128.0,1.18,Yes,No,Yes,Cardiac,Normal,8,High
P09523,86,Female,117.0,162.0,72,22,97.0,37.7,123.9,2.61,No,No,No,None,Abnormal,6,Medium
P09524,31,Female,87.0,106.0,68,14,100.0,38.1,160.4,1.85,No,Yes,Yes,None,Normal,4,Medium
P09525,59,Female,79.0,141.0,75,8,96.6,37.6,117.0,1.29,No,No,No,Diabetes,Normal,1,Low
P09526,67,Female,86.0,144.0,69,8,100.0,36.3,113.1,1.28,No,No,No,Cardiac,Abnormal,4,Medium
P09527,78,Male,83.0,117.0,81,8,97.9,36.6,135.7,1.82,Yes,No,Yes,None,Normal,6,Medium
P09528,21,Male,52.0,,75,26,96.8,36.6,154.4,2.78,No,No,No,Cardiac,Normal,3,Low
P09529,89,Male,116.0,118.0,81,21,98.7,35.6,108.7,0.96,Yes,Yes,No,None,Abnormal,8,High
P09530,34,Female,90.0,178.0,86,22,96.6,37.8,50.0,2.85,Yes,No,No,Hypertension,Abnormal,7,Medium
P09531,74,Male,62.0,128.0,74,23,97.3,36.0,73.0,,Yes,No,No,Diabetes,Normal,4,Medium
P09532,65,Male,45.0,136.0,67,15,97.0,37.7,157.8,2.77,No,Yes,No,Cardiac,Normal,4,Medium
P09533,61,Female,45.0,,48,30,96.7,36.4,183.2,1.63,No,Yes,No,Hypertension,Normal,4,Medium
P09534,62,Male,100.0,113.0,90,20,100.0,36.8,,2.47,No,No,No,Diabetes,Normal,2,Low
P09535,50,Male,73.0,92.0,79,18,100.0,37.4,97.4,1.14,No,Yes,No,None,Abnormal,5,Medium
P09536,48,Male,76.0,152.0,75,24,97.0,38.2,101.9,,No,No,No,Cardiac,Normal,2,Low
P09537,64,Female,95.0,144.0,96,21,99.8,37.7,144.6,2.32,No,Yes,No,Hypertension,Normal,3,Low
P09538,23,Female,75.0,117.0,59,25,99.6,36.9,139.0,0.5,No,No,No,None,Normal,1,Low
P09539,89,Male,96.0,102.0,79,25,99.3,37.0,50.0,3.11,No,Yes,No,Diabetes,Abnormal,10,High
P09540,88,Male,87.0,129.0,64,16,97.6,36.1,116.7,0.64,No,No,No,Hypertension,Abnormal,5,Medium
P09541,51,Female,83.0,113.0,88,19,98.0,37.5,112.8,2.67,Yes,No,No,Multiple,Normal,4,Medium
P09542,70,Female,54.0,119.0,45,13,97.7,36.9,68.9,1.4,Yes,No,No,Respiratory,Abnormal,5,Medium
P09543,31,Female,69.0,93.0,90,10,93.8,36.3,91.1,2.41,No,No,No,None,Normal,4,Medium
P09544,33,Female,97.0,130.0,89,22,95.8,37.6,125.6,2.14,Yes,Yes,No,Respiratory,Abnormal,5,Medium
P09545,60,Male,71.0,131.0,64,23,92.4,38.1,106.3,1.52,No,Yes,No,None,Normal,5,Medium
P09546,90,Female,109.0,152.0,79,8,97.7,36.9,152.3,1.09,No,No,No,Multiple,Abnormal,7,Medium
P09547,29,Male,132.0,121.0,64,14,97.3,36.6,185.4,1.6,Yes,No,No,Diabetes,Normal,4,Medium
P09548,87,Female,98.0,117.0,84,18,98.1,36.5,152.8,1.42,Yes,No,No,Respiratory,Normal,4,Medium
P09549,36,Female,115.0,86.0,90,19,93.7,37.3,,2.09,No,No,No,None,Normal,6,Medium
P09550,58,Female,99.0,153.0,63,28,98.9,36.0,109.1,1.87,No,No,No,Diabetes,Normal,2,Low
P09551,70,Female,74.0,,59,15,97.4,37.1,146.9,1.16,Yes,No,No,Hypertension,Normal,3,Low
P09552,46,Male,89.0,126.0,94,17,100.0,36.7,90.1,0.82,Yes,Yes,No,Diabetes,Normal,3,Low
P09553,87,Male,,92.0,107,21,98.4,37.4,93.1,1.47,No,No,No,Diabetes,Abnormal,9,High
P09554,76,Male,75.0,95.0,85,16,94.2,37.5,65.7,1.74,No,Yes,No,None,Normal,5,Medium
P09555,81,Female,64.0,111.0,87,15,91.9,36.1,,1.2,No,No,No,Multiple,Normal,8,High
P09556,41,Male,62.0,149.0,73,15,96.7,37.5,166.2,2.1,No,Yes,No,Hypertension,Normal,2,Low
P09557,33,Female,81.0,132.0,81,19,,37.4,125.8,1.62,No,No,No,Respiratory,Normal,3,Low
P09558,69,Female,,88.0,83,17,93.8,36.8,136.3,2.59,No,No,No,Hypertension,Abnormal,10,High
P09559,23,Male,118.0,135.0,75,21,93.1,36.7,109.9,2.1,No,No,No,Diabetes,Abnormal,6,Medium
P09560,54,Female,89.0,104.0,98,20,94.3,36.7,190.6,2.28,No,No,No,None,Abnormal,2,Low
P09561,21,Female,104.0,112.0,81,8,100.0,36.9,185.3,1.34,No,No,No,None,Normal,1,Low
P09562,55,Male,79.0,149.0,83,9,93.1,36.3,114.3,2.83,No,No,Yes,Diabetes,Normal,7,Medium
P09563,58,Female,62.0,144.0,76,15,94.7,36.5,113.9,2.01,No,Yes,No,None,Abnormal,3,Low
P09564,31,Female,59.0,152.0,77,23,91.7,37.2,106.2,2.85,No,Yes,No,Hypertension,Abnormal,8,High
P09565,88,Male,67.0,124.0,96,15,90.9,36.5,70.4,2.5,No,No,No,None,Abnormal,6,Medium
P09566,68,Male,92.0,147.0,80,20,95.2,37.7,98.6,1.64,No,No,No,Hypertension,Normal,2,Low
P09567,82,Female,,110.0,81,21,96.6,36.9,102.4,1.32,Yes,Yes,No,Diabetes,Normal,5,Medium
P09568,69,Male,97.0,119.0,81,21,92.5,36.6,50.0,1.88,Yes,Yes,No,None,Abnormal,9,High
P09569,47,Female,55.0,117.0,73,15,91.4,37.3,50.0,1.57,No,No,No,Multiple,Normal,6,Medium
P09570,74,Male,85.0,126.0,57,12,90.4,36.7,112.4,1.24,Yes,No,Yes,Hypertension,Normal,8,High
P09571,47,Female,64.0,93.0,102,11,96.4,36.4,148.3,0.95,No,No,No,None,Normal,2,Low
P09572,59,Male,93.0,119.0,94,33,98.8,36.7,84.2,,No,Yes,No,Respiratory,Abnormal,8,High
P09573,28,Male,95.0,,97,20,,35.4,185.0,0.72,No,No,No,Respiratory,Normal,4,Medium
P09574,44,Female,62.0,98.0,62,27,94.1,35.4,103.8,0.5,No,No,No,Multiple,Abnormal,8,High
P09575,41,Male,104.0,92.0,100,14,99.2,36.3,81.1,2.11,Yes,No,No,None,Normal,4,Medium
P09576,56,Male,132.0,94.0,108,24,95.4,36.0,58.0,1.22,Yes,Yes,No,Cardiac,Normal,10,High
P09577,89,Female,102.0,192.0,94,16,95.7,37.5,118.9,1.56,No,Yes,No,Cardiac,Abnormal,9,High
P09578,35,Male,82.0,137.0,103,18,97.1,38.0,50.0,0.7,Yes,Yes,No,None,Normal,4,Medium
P09579,62,Male,79.0,118.0,90,17,94.7,37.3,85.0,2.13,No,Yes,No,Diabetes,Normal,3,Low
P09580,29,Male,81.0,127.0,65,14,93.7,35.5,116.8,2.03,No,No,No,Diabetes,Normal,4,Medium
P09581,66,Female,70.0,131.0,86,14,96.9,35.9,59.1,2.56,No,Yes,No,None,Normal,6,Medium
P09582,48,Male,90.0,109.0,63,18,91.9,37.3,94.1,2.24,No,No,No,Multiple,Normal,4,Medium
P09583,39,Female,62.0,112.0,69,15,91.2,36.9,116.0,1.57,No,No,No,Cardiac,Normal,3,Low
P09584,61,Female,47.0,121.0,83,19,93.9,35.5,66.3,0.51,No,No,No,None,Normal,4,Medium
P09585,81,Male,89.0,107.0,81,14,98.1,36.3,141.0,1.16,Yes,No,No,Hypertension,Abnormal,6,Medium
P09586,42,Female,85.0,115.0,85,22,99.5,36.1,152.7,1.12,No,No,No,Hypertension,Normal,1,Low
P09587,68,Female,74.0,134.0,51,16,94.6,38.2,74.6,0.92,No,No,No,Diabetes,Abnormal,4,Medium
P09588,24,Female,59.0,100.0,76,26,98.5,37.6,107.0,2.84,Yes,Yes,No,Diabetes,Abnormal,7,Medium
P09589,23,Female,91.0,,86,18,100.0,36.8,110.0,2.91,Yes,No,Yes,None,Normal,7,Medium
P09590,41,Male,65.0,144.0,89,17,96.1,37.2,128.9,1.39,No,No,Yes,Hypertension,Normal,4,Medium
P09591,36,Male,82.0,93.0,90,26,97.9,37.1,103.1,2.45,Yes,Yes,No,Respiratory,Normal,6,Medium
P09592,26,Male,120.0,70.0,82,16,100.0,37.1,86.1,2.01,No,No,No,Respiratory,Normal,5,Medium
P09593,53,Female,98.0,108.0,72,16,93.9,38.5,72.7,1.33,No,No,No,None,Abnormal,4,Medium
P09594,57,Female,58.0,142.0,86,14,95.3,38.1,148.5,1.88,No,Yes,No,Diabetes,Normal,2,Low
P09595,41,Male,60.0,137.0,74,19,100.0,38.2,91.8,0.5,No,Yes,No,Respiratory,Normal,2,Low
P09596,65,Female,88.0,122.0,92,14,93.2,37.3,83.9,0.54,No,No,No,Hypertension,Abnormal,6,Medium
P09597,80,Male,57.0,110.0,84,22,96.5,36.7,156.9,2.14,No,Yes,No,Cardiac,Normal,4,Medium
P09598,86,Female,45.0,102.0,77,18,94.1,36.0,120.8,2.55,No,No,No,Respiratory,Normal,4,Medium
P09599,70,Male,96.0,115.0,66,22,100.0,36.2,74.1,2.52,No,No,No,Multiple,Abnormal,6,Medium
P09600,71,Male,91.0,100.0,95,22,92.4,37.8,107.2,0.96,No,No,No,None,Normal,3,Low
P09601,59,Male,94.0,115.0,86,15,95.8,36.0,76.2,2.51,Yes,No,Yes,None,Abnormal,7,Medium
P09602,62,Female,90.0,,110,14,92.9,36.9,67.8,2.33,No,Yes,No,Multiple,Normal,6,Medium
P09603,31,Male,84.0,106.0,86,16,91.6,35.9,93.2,2.17,No,Yes,No,Multiple,Normal,6,Medium
P09604,46,Female,72.0,140.0,87,18,90.3,36.9,106.8,1.69,No,Yes,No,Hypertension,Abnormal,6,Medium
P09605,23,Female,95.0,144.0,56,20,95.5,36.2,90.3,,No,No,No,Hypertension,Abnormal,3,Low
P09606,24,Male,116.0,98.0,83,20,97.5,37.5,136.7,2.39,No,No,No,None,Normal,3,Low
P09607,54,Male,75.0,104.0,73,18,96.1,36.8,141.1,2.44,Yes,No,No,None,Normal,1,Low
P09608,70,Female,65.0,152.0,90,15,96.7,36.4,86.7,1.63,No,Yes,No,Diabetes,Abnormal,5,Medium
P09609,35,Female,62.0,102.0,83,15,94.7,36.2,108.0,2.14,No,No,No,None,Abnormal,2,Low
P09610,55,Male,68.0,124.0,93,21,99.0,37.1,96.2,2.17,No,Yes,No,Cardiac,Abnormal,4,Medium
P09611,76,Male,89.0,176.0,110,15,,37.0,75.4,1.72,No,Yes,No,Multiple,Abnormal,7,Medium
P09612,18,Female,45.0,149.0,66,21,96.4,36.6,121.3,1.25,Yes,No,No,Cardiac,Abnormal,4,Medium
P09613,85,Male,94.0,127.0,92,21,96.6,36.7,50.0,1.86,No,No,No,Respiratory,Abnormal,7,Medium
P09614,61,Male,98.0,146.0,88,26,94.6,36.6,76.6,2.49,No,No,No,Cardiac,Normal,3,Low
P09615,64,Male,,124.0,108,16,100.0,35.3,68.5,1.11,Yes,No,No,None,Abnormal,5,Medium
P09616,52,Male,65.0,150.0,89,16,98.4,37.0,78.9,2.73,No,No,No,Hypertension,Normal,2,Low
P09617,77,Female,87.0,74.0,87,8,95.7,35.8,71.6,1.21,No,No,No,Diabetes,Normal,7,Medium
P09618,69,Female,82.0,122.0,91,13,95.5,36.3,50.4,3.25,Yes,Yes,No,Hypertension,Normal,7,Medium
P09619,25,Male,95.0,73.0,92,13,94.8,37.3,103.3,2.44,No,No,No,Cardiac,Normal,4,Medium
P09620,58,Male,82.0,129.0,100,21,95.1,36.8,100.2,1.45,No,No,No,Multiple,Normal,2,Low
P09621,20,Female,110.0,119.0,66,27,96.7,38.2,114.6,0.72,No,No,No,None,Normal,2,Low
P09622,86,Female,79.0,159.0,72,21,90.9,36.4,124.4,,No,Yes,No,Multiple,Normal,7,Medium
P09623,31,Female,65.0,143.0,104,23,95.3,36.7,131.2,1.56,No,No,No,Cardiac,Normal,2,Low
P09624,43,Female,64.0,112.0,49,14,95.6,37.1,82.8,1.54,Yes,No,No,Hypertension,Normal,2,Low
P09625,87,Female,100.0,115.0,77,12,96.0,37.0,117.5,1.26,Yes,No,No,Diabetes,Normal,4,Medium
P09626,75,Male,86.0,135.0,80,17,96.5,37.8,104.5,1.83,No,Yes,Yes,Cardiac,Normal,7,Medium
P09627,57,Male,98.0,111.0,75,15,96.1,37.5,110.7,1.73,No,No,No,None,Normal,0,Low
P09628,68,Female,97.0,124.0,102,14,97.2,38.1,96.7,1.17,Yes,No,No,Cardiac,Normal,3,Low
P09629,22,Female,45.0,158.0,85,19,95.6,35.7,82.9,2.65,No,No,No,Cardiac,Normal,3,Low
P09630,49,Male,62.0,104.0,72,12,99.0,37.6,105.2,,No,No,No,None,Normal,1,Low
P09631,18,Female,65.0,114.0,68,22,98.0,36.2,96.0,1.81,No,No,No,None,Normal,0,Low
P09632,71,Female,69.0,117.0,82,16,100.0,37.4,127.0,2.56,Yes,No,No,None,Abnormal,5,Medium
P09633,28,Male,77.0,204.0,95,18,98.1,36.8,152.8,2.31,Yes,Yes,No,Respiratory,Abnormal,7,Medium
P09634,70,Male,105.0,140.0,80,18,93.8,36.4,77.4,1.32,No,No,No,None,Normal,4,Medium
P09635,25,Male,109.0,153.0,76,16,95.5,37.9,93.5,2.15,No,No,No,None,Abnormal,3,Low
P09636,42,Male,79.0,144.0,68,24,94.5,35.7,207.7,1.1,No,No,No,None,Abnormal,4,Medium
P09637,57,Female,80.0,146.0,84,10,96.0,38.5,50.0,1.05,Yes,No,No,Diabetes,Normal,4,Medium
P09638,49,Male,71.0,137.0,83,24,99.3,37.5,50.6,2.29,Yes,No,No,Diabetes,Abnormal,7,Medium
P09639,45,Female,87.0,134.0,67,16,95.0,37.1,157.1,2.21,Yes,No,No,Cardiac,Normal,2,Low
P09640,20,Female,89.0,89.0,93,23,94.3,36.9,191.5,2.16,No,No,No,None,Abnormal,6,Medium
P09641,79,Female,101.0,134.0,104,19,97.5,36.7,173.1,1.91,Yes,No,Yes,Respiratory,Abnormal,10,High
P09642,44,Female,101.0,122.0,79,22,93.6,37.4,127.6,0.5,No,No,No,Respiratory,Normal,4,Medium
P09643,62,Male,45.0,139.0,83,17,93.4,35.9,97.8,0.6,Yes,No,No,Diabetes,Normal,6,Medium
P09644,42,Female,82.0,123.0,61,19,97.1,34.5,104.0,2.1,No,No,No,Respiratory,Normal,3,Low
P09645,78,Female,113.0,144.0,89,23,90.6,37.1,131.0,2.39,Yes,Yes,No,Cardiac,Normal,9,High
P09646,61,Female,76.0,148.0,85,18,94.6,36.4,152.4,1.23,No,No,No,Cardiac,Normal,2,Low
P09647,63,Male,108.0,70.0,73,25,98.6,36.3,,3.16,No,No,No,Cardiac,Normal,8,High
P09648,31,Male,79.0,114.0,67,20,90.5,35.7,50.0,1.29,Yes,No,No,None,Normal,6,Medium
P09649,25,Male,88.0,79.0,106,14,,38.0,67.9,2.75,No,No,No,None,Normal,6,Medium
P09650,65,Male,62.0,131.0,84,16,91.7,38.5,126.1,0.5,Yes,No,No,Hypertension,Abnormal,7,Medium
P09651,31,Male,63.0,117.0,64,22,87.8,37.0,59.6,1.13,Yes,No,No,Hypertension,Abnormal,10,High
P09652,82,Female,100.0,159.0,91,12,100.0,36.9,50.0,2.08,No,No,Yes,Hypertension,Normal,8,High
P09653,24,Male,103.0,130.0,81,22,96.4,37.3,150.0,1.55,No,No,No,Diabetes,Normal,2,Low
P09654,66,Female,86.0,113.0,79,16,94.0,37.3,125.3,2.46,No,Yes,No,None,Normal,2,Low
P09655,72,Male,60.0,148.0,93,12,92.1,36.6,176.9,2.01,Yes,No,Yes,Respiratory,Normal,8,High
P09656,30,Female,86.0,117.0,40,19,100.0,38.0,153.9,2.95,No,No,No,Multiple,Normal,3,Low
P09657,90,Male,110.0,113.0,51,14,98.0,37.9,90.1,1.4,No,No,Yes,Cardiac,Normal,7,Medium
P09658,73,Female,120.0,135.0,99,15,95.6,37.6,124.9,0.93,No,No,Yes,Diabetes,Normal,6,Medium
P09659,73,Male,79.0,165.0,76,15,99.7,38.4,,1.62,No,No,No,Cardiac,Normal,2,Low
P09660,32,Female,52.0,146.0,72,19,97.2,37.6,50.5,1.47,No,No,No,None,Abnormal,4,Medium
P09661,74,Female,102.0,139.0,58,16,94.5,36.5,162.8,1.26,No,No,Yes,Multiple,Normal,7,Medium
P09662,75,Female,79.0,194.0,81,20,94.2,37.1,107.2,1.11,Yes,Yes,No,Cardiac,Normal,7,Medium
P09663,52,Female,104.0,107.0,83,23,94.2,37.8,168.9,0.65,No,No,No,Hypertension,Normal,3,Low
P09664,33,Female,91.0,106.0,100,21,93.0,36.2,119.3,2.83,No,Yes,No,Diabetes,Normal,5,Medium
P09665,25,Female,67.0,,84,27,99.3,36.8,126.1,0.61,No,Yes,Yes,Respiratory,Normal,6,Medium
P09666,62,Male,86.0,163.0,73,28,94.4,35.7,138.1,1.73,Yes,Yes,No,Respiratory,Abnormal,8,High
P09667,57,Male,111.0,101.0,84,17,100.0,38.6,107.7,1.9,Yes,Yes,No,Hypertension,Abnormal,7,Medium
P09668,71,Female,82.0,169.0,95,12,93.5,37.3,105.5,,No,No,No,Multiple,Normal,5,Medium
P09669,31,Female,64.0,89.0,91,17,94.2,37.5,124.7,1.76,Yes,No,No,Hypertension,Abnormal,7,Medium
P09670,76,Female,53.0,122.0,87,19,94.6,35.8,164.8,0.65,Yes,No,No,Diabetes,Normal,5,Medium
P09671,70,Female,70.0,129.0,82,29,93.3,37.9,135.2,1.17,No,Yes,No,None,Abnormal,7,Medium
P09672,44,Female,77.0,103.0,69,16,94.2,37.2,115.7,1.76,No,No,No,Hypertension,Normal,1,Low
P09673,64,Female,101.0,109.0,63,19,97.7,35.6,98.6,1.79,Yes,No,No,None,Abnormal,6,Medium
P09674,23,Female,63.0,145.0,60,15,99.6,37.4,110.3,0.84,No,No,No,Hypertension,Normal,1,Low
P09675,72,Male,116.0,161.0,84,16,96.9,36.2,80.5,2.3,No,No,Yes,Hypertension,Normal,6,Medium
P09676,61,Female,58.0,72.0,85,12,92.4,37.0,75.7,1.08,No,No,No,Cardiac,Normal,7,Medium
P09677,35,Female,132.0,130.0,94,11,94.2,37.6,105.5,3.14,Yes,No,No,Multiple,Abnormal,8,High
P09678,33,Male,120.0,122.0,86,25,94.3,37.2,115.2,0.5,No,No,No,Hypertension,Normal,3,Low
P09679,29,Male,88.0,128.0,94,23,100.0,35.5,144.1,2.23,Yes,No,No,None,Normal,3,Low
P09680,37,Female,52.0,117.0,76,16,99.0,37.2,69.8,1.91,No,Yes,No,None,Normal,1,Low
P09681,62,Male,84.0,93.0,90,23,99.6,37.7,,1.66,Yes,No,No,None,Normal,5,Medium
P09682,81,Male,77.0,164.0,63,11,93.9,36.8,132.1,2.29,Yes,No,No,None,Normal,5,Medium
P09683,76,Male,60.0,154.0,77,17,92.2,37.4,75.7,1.22,No,No,Yes,Diabetes,Abnormal,10,High
P09684,39,Female,91.0,122.0,51,19,97.7,37.4,96.6,1.54,No,No,No,None,Abnormal,2,Low
P09685,64,Female,69.0,113.0,78,24,94.6,35.4,145.4,0.93,No,No,No,Respiratory,Abnormal,6,Medium
P09686,46,Male,71.0,110.0,96,19,96.9,38.0,112.6,2.87,No,No,No,None,Normal,1,Low
P09687,62,Female,81.0,70.0,79,21,97.2,36.6,50.0,,No,Yes,No,None,Normal,7,Medium
P09688,26,Female,74.0,134.0,89,16,94.8,36.4,146.0,1.34,Yes,Yes,No,None,Normal,2,Low
P09689,41,Female,127.0,145.0,82,19,99.0,36.4,118.6,2.85,No,Yes,No,Multiple,Normal,6,Medium
P09690,32,Male,74.0,128.0,69,24,91.6,38.0,50.8,0.5,Yes,No,No,Hypertension,Abnormal,9,High
P09691,53,Male,94.0,,75,10,96.3,38.2,79.9,3.12,No,No,No,None,Abnormal,3,Low
P09692,30,Male,88.0,128.0,96,24,98.0,37.4,109.9,1.72,No,No,No,None,Abnormal,3,Low
P09693,61,Male,92.0,,89,17,100.0,36.6,127.5,2.61,Yes,No,No,Multiple,Normal,5,Medium
P09694,88,Female,94.0,,69,11,96.4,39.3,156.1,2.21,No,No,No,Diabetes,Normal,4,Medium
P09695,89,Female,103.0,121.0,57,17,99.8,37.0,78.9,0.5,No,No,No,Hypertension,Abnormal,6,Medium
P09696,53,Female,90.0,142.0,81,24,99.6,36.5,96.9,2.34,Yes,No,No,Cardiac,Abnormal,5,Medium
P09697,78,Male,89.0,159.0,69,16,100.0,37.8,150.3,0.94,No,Yes,No,Hypertension,Normal,4,Medium
P09698,57,Male,86.0,119.0,75,19,97.0,36.9,156.8,1.6,No,Yes,No,None,Abnormal,3,Low
P09699,44,Female,82.0,99.0,56,10,100.0,38.7,102.1,3.16,No,No,No,None,Normal,4,Medium
P09700,18,Male,67.0,126.0,94,9,98.4,36.3,93.7,1.35,Yes,No,No,Hypertension,Normal,2,Low
P09701,51,Male,84.0,175.0,77,13,91.4,36.9,135.0,2.7,No,Yes,No,Hypertension,Abnormal,7,Medium
P09702,85,Female,90.0,101.0,79,23,96.1,38.2,50.0,1.03,No,No,No,Diabetes,Abnormal,8,High
P09703,38,Male,93.0,147.0,66,18,93.3,37.4,114.5,2.98,No,Yes,No,Cardiac,Abnormal,7,Medium
P09704,50,Male,89.0,158.0,74,23,100.0,36.8,113.9,1.71,No,No,No,None,Normal,1,Low
P09705,24,Female,80.0,116.0,80,24,96.5,36.3,96.3,2.15,No,No,No,Diabetes,Normal,2,Low
P09706,82,Male,84.0,107.0,69,14,92.0,36.1,133.9,1.72,No,No,No,Multiple,Normal,6,Medium
P09707,20,Female,74.0,139.0,75,26,98.6,36.0,158.7,1.82,Yes,Yes,No,None,Normal,3,Low
P09708,68,Female,91.0,134.0,99,15,100.0,37.8,76.0,0.72,No,No,No,Diabetes,Normal,2,Low
P09709,71,Male,81.0,142.0,52,23,94.8,37.6,85.9,1.39,Yes,No,No,Diabetes,Normal,4,Medium
P09710,76,Female,89.0,177.0,81,23,94.7,37.4,141.6,1.22,Yes,No,No,None,Normal,4,Medium
P09711,23,Male,105.0,129.0,66,18,96.6,36.1,56.9,0.75,Yes,No,Yes,Hypertension,Normal,8,High
P09712,46,Male,71.0,95.0,98,18,90.6,36.8,93.7,1.86,Yes,No,No,None,Abnormal,7,Medium
P09713,34,Male,97.0,127.0,75,20,98.1,37.3,201.7,2.92,No,No,No,None,Normal,1,Low
P09714,77,Male,86.0,131.0,62,19,100.0,38.0,122.6,1.09,No,Yes,No,None,Normal,3,Low
P09715,39,Male,125.0,157.0,75,16,94.0,37.3,103.6,3.14,Yes,No,No,None,Normal,4,Medium
P09716,41,Male,81.0,120.0,83,16,100.0,37.1,50.0,1.69,No,No,No,Multiple,Abnormal,6,Medium
P09717,68,Male,99.0,115.0,120,16,99.0,36.3,50.0,1.44,Yes,No,Yes,Respiratory,Abnormal,10,High
P09718,67,Male,85.0,91.0,46,24,95.8,37.7,157.5,1.58,Yes,No,No,Hypertension,Normal,6,Medium
P09719,28,Male,57.0,139.0,60,10,97.9,36.8,68.5,3.6,Yes,Yes,No,Diabetes,Abnormal,6,Medium
P09720,73,Female,75.0,209.0,98,16,100.0,35.9,116.8,2.1,Yes,No,No,Diabetes,Normal,6,Medium
P09721,88,Female,103.0,119.0,55,16,96.4,36.3,166.0,2.1,No,No,No,Hypertension,Normal,4,Medium
P09722,59,Male,76.0,136.0,78,17,97.2,37.5,95.1,2.29,No,Yes,No,None,Abnormal,3,Low
P09723,56,Male,45.0,111.0,71,19,94.4,37.6,96.6,0.75,Yes,No,No,Respiratory,Normal,2,Low
P09724,86,Male,84.0,93.0,68,11,95.6,34.9,142.8,2.68,No,No,No,None,Normal,7,Medium
P09725,65,Female,63.0,136.0,75,23,98.1,36.9,169.2,1.14,No,No,No,Diabetes,Abnormal,5,Medium
P09726,74,Female,88.0,126.0,73,22,95.5,36.0,148.9,1.04,No,Yes,Yes,Multiple,Normal,7,Medium
P09727,38,Male,116.0,70.0,94,21,,37.3,173.8,1.43,Yes,Yes,No,None,Abnormal,8,High
P09728,37,Male,100.0,165.0,98,17,99.5,37.5,50.0,1.61,No,No,No,Diabetes,Abnormal,5,Medium
P09729,32,Male,116.0,135.0,84,14,97.4,36.1,131.9,1.8,Yes,No,No,None,Normal,2,Low
P09730,86,Female,74.0,127.0,74,16,94.6,37.0,166.4,1.55,No,No,No,Multiple,Abnormal,6,Medium
P09731,68,Male,82.0,114.0,82,18,100.0,37.7,133.0,1.36,No,No,No,Hypertension,Abnormal,4,Medium
P09732,79,Female,64.0,135.0,90,21,100.0,37.8,109.2,1.27,Yes,No,Yes,Respiratory,Abnormal,9,High
P09733,54,Female,71.0,136.0,93,18,99.0,36.3,66.0,1.83,No,No,No,Cardiac,Abnormal,3,Low
P09734,23,Male,66.0,135.0,84,20,92.4,37.9,85.7,0.5,Yes,No,Yes,None,Normal,6,Medium
P09735,88,Female,59.0,152.0,101,16,97.2,37.2,175.0,1.82,No,No,No,Respiratory,Abnormal,5,Medium
P09736,43,Male,112.0,157.0,69,19,97.8,36.6,113.6,2.82,No,Yes,No,None,Normal,3,Low
P09737,25,Female,45.0,175.0,95,17,91.2,36.9,89.8,2.05,No,No,Yes,Cardiac,Normal,6,Medium
P09738,90,Female,112.0,104.0,89,19,99.6,37.6,53.0,2.39,No,Yes,No,Cardiac,Normal,7,Medium
P09739,21,Male,110.0,111.0,69,9,96.6,37.6,133.6,2.9,No,No,No,Multiple,Normal,4,Medium
P09740,38,Male,95.0,134.0,81,20,99.4,37.7,82.8,2.3,No,No,No,None,Normal,0,Low
P09741,48,Female,63.0,106.0,83,21,95.1,36.5,113.7,1.34,No,No,No,Respiratory,Normal,1,Low
P09742,38,Female,53.0,110.0,76,21,97.5,37.2,184.0,1.4,Yes,No,No,Hypertension,Normal,2,Low
P09743,42,Female,74.0,137.0,76,13,97.6,36.8,146.9,1.89,Yes,No,No,Multiple,Normal,3,Low
P09744,32,Male,,148.0,55,14,96.6,37.2,167.4,0.81,No,No,No,Diabetes,Abnormal,3,Low
P09745,52,Male,,157.0,68,14,97.5,36.6,120.7,3.82,Yes,Yes,No,Cardiac,Normal,4,Medium
P09746,66,Male,64.0,120.0,74,20,95.6,38.3,143.5,1.8,No,No,No,None,Normal,1,Low
P09747,60,Male,108.0,137.0,69,21,92.5,37.0,168.2,3.0,No,No,No,Multiple,Normal,7,Medium
P09748,58,Female,119.0,131.0,65,15,89.9,36.9,81.8,1.67,No,No,No,Multiple,Normal,7,Medium
P09749,54,Female,80.0,125.0,94,25,94.1,37.4,113.5,1.86,Yes,No,No,None,Normal,2,Low
P09750,74,Female,87.0,105.0,76,25,98.4,37.9,87.4,1.76,Yes,No,No,Multiple,Normal,5,Medium
P09751,59,Female,55.0,101.0,111,19,92.9,37.0,90.7,2.82,No,No,No,None,Abnormal,5,Medium
P09752,64,Female,77.0,142.0,81,20,99.2,36.8,109.1,3.79,No,No,No,Respiratory,Normal,3,Low
P09753,78,Male,95.0,104.0,94,10,100.0,37.7,76.9,0.63,Yes,Yes,No,Diabetes,Normal,5,Medium
P09754,31,Male,92.0,81.0,75,15,97.4,38.4,100.2,1.61,No,No,No,Multiple,Normal,5,Medium
P09755,85,Female,75.0,124.0,68,12,95.5,38.1,142.4,2.14,No,Yes,No,None,Normal,3,Low
P09756,70,Female,80.0,161.0,82,13,99.1,36.2,111.1,0.5,No,No,No,None,Normal,1,Low
P09757,51,Female,76.0,70.0,97,21,99.5,37.6,84.0,1.3,Yes,Yes,No,Hypertension,Abnormal,8,High
P09758,41,Female,79.0,118.0,77,22,95.3,36.9,146.5,2.14,Yes,No,No,Cardiac,Abnormal,4,Medium
P09759,37,Female,93.0,142.0,85,22,96.3,38.0,78.3,1.41,Yes,No,No,Diabetes,Normal,2,Low
P09760,86,Female,46.0,79.0,82,19,93.6,38.5,70.8,1.82,Yes,Yes,No,Diabetes,Normal,10,High
P09761,47,Female,84.0,120.0,77,21,96.9,35.1,163.0,2.2,No,No,No,None,Normal,1,Low
P09762,24,Female,92.0,97.0,77,10,89.8,37.0,148.8,1.38,No,Yes,Yes,Diabetes,Abnormal,13,High
P09763,53,Male,74.0,100.0,63,12,95.1,36.6,101.4,1.03,No,No,No,Multiple,Abnormal,4,Medium
P09764,55,Female,75.0,115.0,78,17,93.4,36.4,,1.01,Yes,No,No,Diabetes,Abnormal,6,Medium
P09765,69,Female,76.0,97.0,88,21,95.7,36.3,92.4,0.5,No,No,No,Cardiac,Normal,4,Medium
P09766,32,Male,75.0,95.0,82,16,93.6,36.6,142.3,2.23,No,No,No,Cardiac,Abnormal,7,Medium
P09767,63,Male,85.0,124.0,81,11,90.3,36.8,51.8,1.67,No,No,No,Hypertension,Normal,6,Medium
P09768,40,Female,88.0,181.0,89,15,94.0,36.7,74.4,2.77,No,No,Yes,None,Normal,6,Medium
P09769,29,Male,45.0,144.0,81,13,94.6,35.4,156.2,2.32,No,No,No,Hypertension,Normal,2,Low
P09770,61,Male,98.0,150.0,78,9,99.2,37.1,171.8,1.86,Yes,No,No,Hypertension,Abnormal,5,Medium
P09771,32,Female,79.0,145.0,89,29,94.1,37.8,109.0,2.09,No,No,No,Respiratory,Abnormal,4,Medium
P09772,66,Male,124.0,108.0,80,24,93.5,36.6,206.2,0.5,Yes,No,No,None,Abnormal,9,High
P09773,38,Female,61.0,133.0,74,8,92.4,35.7,167.4,2.09,No,Yes,No,None,Normal,4,Medium
P09774,32,Female,68.0,152.0,85,8,99.4,37.1,87.1,,No,No,No,None,Abnormal,2,Low
P09775,31,Female,81.0,146.0,77,14,95.3,37.8,99.9,1.23,No,No,No,None,Normal,0,Low
P09776,59,Male,93.0,130.0,74,11,96.8,37.1,59.6,1.46,No,No,No,Hypertension,Abnormal,5,Medium
P09777,32,Male,46.0,138.0,80,30,91.4,36.4,97.3,2.33,No,No,Yes,Hypertension,Abnormal,9,High
P09778,80,Female,68.0,187.0,81,14,,36.2,124.6,1.34,Yes,Yes,No,None,Normal,8,High
P09779,85,Female,97.0,146.0,61,20,93.3,37.6,116.6,1.61,No,Yes,No,Multiple,Normal,7,Medium
P09780,44,Male,66.0,117.0,83,15,100.0,36.8,116.2,2.26,No,No,No,None,Abnormal,2,Low
P09781,70,Female,112.0,123.0,106,12,92.7,36.6,154.9,1.6,No,Yes,No,Cardiac,Normal,6,Medium
P09782,69,Male,,99.0,63,23,94.1,36.5,121.7,1.94,No,No,No,None,Normal,4,Medium
P09783,80,Male,67.0,184.0,70,21,96.0,37.2,142.4,1.72,No,No,No,None,Normal,4,Medium
P09784,90,Male,97.0,165.0,120,18,94.1,37.1,132.9,2.68,No,Yes,Yes,Cardiac,Normal,8,High
P09785,70,Male,117.0,127.0,66,30,97.4,37.0,126.5,1.94,No,No,No,Hypertension,Abnormal,6,Medium
P09786,74,Male,93.0,180.0,97,19,93.5,36.2,151.9,0.5,No,No,No,None,Normal,3,Low
P09787,69,Male,110.0,141.0,75,16,92.7,36.2,147.1,2.44,No,No,No,Cardiac,Normal,5,Medium
P09788,60,Female,119.0,114.0,79,28,100.0,36.5,69.9,1.28,No,Yes,No,Respiratory,Abnormal,7,Medium
P09789,24,Female,67.0,148.0,76,20,93.2,37.2,187.8,1.39,No,No,No,Diabetes,Abnormal,5,Medium
P09790,59,Male,104.0,135.0,84,26,98.4,37.4,119.8,1.63,No,No,Yes,None,Abnormal,7,Medium
P09791,21,Male,55.0,146.0,54,18,93.2,38.2,77.0,3.56,Yes,No,No,Cardiac,Normal,5,Medium
P09792,86,Female,93.0,91.0,81,8,91.4,36.3,112.4,2.22,No,Yes,No,Hypertension,Abnormal,10,High
P09793,22,Female,84.0,105.0,72,10,95.7,37.6,125.4,3.34,No,Yes,No,None,Normal,2,Low
P09794,58,Female,110.0,162.0,50,23,92.0,35.6,138.5,1.85,No,No,Yes,Diabetes,Normal,9,High
P09795,21,Female,108.0,167.0,95,15,94.8,37.3,153.4,2.39,Yes,No,No,None,Abnormal,4,Medium
P09796,19,Female,96.0,160.0,46,19,93.6,35.8,145.7,3.23,No,No,No,None,Normal,4,Medium
P09797,84,Female,91.0,180.0,110,24,99.8,36.0,188.5,2.46,Yes,Yes,No,None,Abnormal,7,Medium
P09798,38,Female,95.0,139.0,87,19,91.4,37.6,119.2,2.13,Yes,Yes,No,None,Normal,4,Medium
P09799,87,Female,86.0,138.0,58,14,98.0,37.1,108.6,0.7,No,No,No,None,Normal,2,Low
P09800,60,Male,84.0,102.0,98,18,96.9,36.7,56.3,0.99,No,No,No,Multiple,Normal,5,Medium
P09801,86,Female,114.0,110.0,67,19,95.3,35.9,153.8,2.04,No,Yes,No,Diabetes,Normal,6,Medium
P09802,26,Male,116.0,75.0,67,16,93.7,37.3,139.4,2.61,No,Yes,Yes,Multiple,Normal,13,High
P09803,45,Female,82.0,117.0,51,11,96.5,37.1,92.4,1.69,No,No,No,None,Normal,0,Low
P09804,43,Female,90.0,74.0,65,16,96.7,37.6,124.7,2.34,No,Yes,No,Diabetes,Abnormal,7,Medium
P09805,20,Female,87.0,152.0,67,18,97.2,35.6,114.6,1.12,No,No,No,Hypertension,Abnormal,4,Medium
P09806,90,Female,53.0,135.0,90,11,95.2,37.5,122.0,1.29,No,Yes,No,None,Abnormal,5,Medium
P09807,66,Female,78.0,74.0,96,13,92.6,36.6,104.0,2.18,Yes,No,No,Multiple,Normal,9,High
P09808,34,Male,117.0,120.0,59,14,98.6,37.2,119.5,1.85,No,No,No,None,Normal,1,Low
P09809,80,Female,70.0,174.0,82,9,96.0,36.9,54.2,1.5,No,No,No,None,Normal,4,Medium
P09810,72,Male,127.0,122.0,50,19,94.2,36.3,98.8,1.37,No,No,No,None,Normal,3,Low
P09811,40,Male,108.0,100.0,82,19,93.0,36.7,127.3,0.6,No,No,No,Hypertension,Abnormal,6,Medium
P09812,51,Female,93.0,80.0,110,15,98.8,36.3,86.8,1.78,No,No,No,None,Abnormal,5,Medium
P09813,86,Male,96.0,81.0,51,11,100.0,36.6,130.6,0.63,Yes,No,No,Hypertension,Normal,7,Medium
P09814,32,Female,67.0,138.0,63,20,,36.3,197.6,1.55,No,No,No,Diabetes,Normal,1,Low
P09815,64,Female,80.0,114.0,89,21,97.9,37.3,68.8,1.67,Yes,Yes,No,None,Normal,3,Low
P09816,20,Female,114.0,116.0,91,18,99.5,36.3,,2.94,No,Yes,No,Cardiac,Normal,6,Medium
P09817,45,Male,73.0,114.0,64,18,94.9,37.4,163.2,0.96,No,No,No,None,Abnormal,2,Low
P09818,20,Female,106.0,121.0,100,21,100.0,39.6,198.7,2.18,No,Yes,No,None,Abnormal,6,Medium
P09819,21,Male,57.0,94.0,66,18,92.8,36.8,129.8,1.94,No,No,No,Diabetes,Abnormal,7,Medium
P09820,48,Female,61.0,133.0,103,13,95.3,35.7,115.3,0.96,Yes,No,No,Multiple,Abnormal,6,Medium
P09821,62,Female,123.0,89.0,85,18,93.7,38.7,89.2,1.85,No,No,No,Diabetes,Normal,10,High
P09822,76,Male,85.0,106.0,97,16,96.2,37.3,136.6,0.74,No,No,No,Hypertension,Normal,3,Low
P09823,62,Male,74.0,150.0,84,18,,36.9,114.4,1.85,Yes,No,No,Cardiac,Abnormal,5,Medium
P09824,54,Male,112.0,134.0,88,22,95.3,36.7,149.0,1.63,Yes,No,No,Cardiac,Abnormal,5,Medium
P09825,82,Male,110.0,142.0,89,12,97.3,36.2,50.0,2.51,No,No,No,Hypertension,Abnormal,9,High
P09826,26,Male,103.0,179.0,95,19,87.3,36.7,128.1,1.23,No,No,No,None,Normal,5,Medium
P09827,34,Male,74.0,124.0,78,12,97.3,36.4,81.6,0.5,No,Yes,No,Multiple,Normal,3,Low
P09828,82,Female,79.0,126.0,65,13,99.0,36.4,152.9,1.34,No,Yes,No,Respiratory,Normal,4,Medium
P09829,20,Male,91.0,118.0,77,26,96.4,37.5,69.2,2.3,No,No,No,Multiple,Normal,3,Low
P09830,43,Female,99.0,114.0,68,20,92.8,37.8,140.2,1.92,Yes,No,No,Hypertension,Normal,4,Medium
P09831,70,Female,75.0,100.0,69,19,92.4,36.8,91.7,1.34,No,No,No,None,Normal,3,Low
P09832,48,Female,88.0,127.0,103,10,94.3,37.4,97.6,2.77,No,Yes,No,Multiple,Abnormal,6,Medium
P09833,43,Female,90.0,,87,17,92.4,38.7,149.0,1.58,Yes,No,No,None,Normal,4,Medium
P09834,40,Female,111.0,135.0,87,8,100.0,36.3,83.1,2.43,No,No,No,None,Normal,1,Low
P09835,47,Male,100.0,127.0,94,18,97.4,35.7,55.0,1.82,Yes,No,No,None,Normal,4,Medium
P09836,27,Female,55.0,148.0,87,12,100.0,37.7,117.9,2.34,No,No,No,None,Normal,0,Low
P09837,89,Female,81.0,126.0,106,21,95.1,36.4,88.6,2.42,Yes,No,No,None,Normal,3,Low
P09838,81,Female,66.0,115.0,47,19,93.7,36.6,60.2,2.87,No,No,No,None,Abnormal,7,Medium
P09839,39,Male,96.0,102.0,63,12,93.9,37.1,129.0,1.18,No,No,No,Multiple,Abnormal,6,Medium
P09840,32,Male,103.0,86.0,67,20,94.6,38.0,126.6,2.26,No,No,No,Diabetes,Abnormal,7,Medium
P09841,73,Male,87.0,162.0,57,28,94.5,37.1,119.7,0.82,No,No,No,None,Normal,2,Low
P09842,37,Male,80.0,108.0,80,17,99.7,35.3,135.3,2.25,Yes,No,No,Respiratory,Normal,3,Low
P09843,64,Female,86.0,102.0,80,22,98.7,37.3,50.0,0.5,No,No,No,Cardiac,Normal,4,Medium
P09844,70,Male,89.0,115.0,108,8,96.8,37.2,84.5,3.34,Yes,No,No,None,Normal,3,Low
P09845,70,Female,72.0,118.0,92,20,91.0,36.3,126.1,2.07,Yes,Yes,No,Diabetes,Normal,6,Medium
P09846,18,Male,61.0,166.0,70,15,,35.6,156.4,1.98,No,Yes,No,Diabetes,Abnormal,5,Medium
P09847,19,Male,45.0,117.0,85,17,95.1,36.7,124.6,0.5,No,No,No,Cardiac,Normal,1,Low
P09848,75,Male,110.0,191.0,51,21,100.0,35.2,161.7,2.61,No,No,No,Hypertension,Normal,8,High
P09849,36,Male,95.0,127.0,80,17,98.7,35.6,,2.8,No,No,No,None,Normal,2,Low
P09850,79,Female,92.0,176.0,79,10,96.4,35.9,90.4,1.62,No,No,Yes,Respiratory,Normal,7,Medium
P09851,89,Male,110.0,147.0,64,26,89.7,36.0,100.1,1.45,No,Yes,No,Hypertension,Abnormal,12,High
P09852,29,Female,60.0,134.0,75,11,95.6,37.7,111.7,1.5,No,No,No,Respiratory,Normal,1,Low
P09853,43,Female,50.0,164.0,68,14,94.0,36.9,50.0,3.18,No,Yes,Yes,Respiratory,Normal,8,High
P09854,44,Female,93.0,153.0,64,19,97.2,37.3,114.2,1.72,No,No,No,Respiratory,Abnormal,3,Low
P09855,46,Female,91.0,141.0,88,19,92.6,37.2,113.6,,Yes,No,No,None,Normal,3,Low
P09856,32,Female,50.0,,94,20,96.8,35.8,90.5,2.56,No,No,No,Multiple,Normal,6,Medium
P09857,63,Female,92.0,113.0,86,19,89.3,36.5,84.2,0.5,No,No,No,None,Normal,5,Medium
P09858,18,Female,77.0,100.0,71,24,91.8,36.8,125.9,1.73,No,No,No,None,Normal,3,Low
P09859,77,Male,69.0,108.0,68,20,93.4,36.9,138.6,1.57,Yes,No,No,Respiratory,Normal,6,Medium
P09860,74,Female,78.0,169.0,72,12,94.4,37.4,120.8,1.92,No,No,No,Respiratory,Normal,2,Low
P09861,20,Male,45.0,161.0,75,8,97.2,37.7,120.7,2.45,No,Yes,No,Diabetes,Normal,2,Low
P09862,35,Male,73.0,112.0,65,19,91.0,37.3,113.5,2.58,No,No,No,None,Normal,3,Low
P09863,69,Female,71.0,70.0,94,25,94.1,38.4,115.6,1.61,No,No,No,None,Normal,5,Medium
P09864,77,Female,96.0,120.0,75,12,94.2,37.4,142.2,1.68,No,Yes,No,Multiple,Normal,5,Medium
P09865,51,Male,82.0,100.0,89,13,98.1,36.6,179.9,1.82,No,No,No,None,Abnormal,2,Low
P09866,77,Male,98.0,113.0,57,20,95.4,38.0,174.7,2.41,No,No,No,Diabetes,Abnormal,5,Medium
P09867,43,Female,45.0,99.0,68,20,93.1,36.0,,2.72,No,Yes,No,Hypertension,Normal,7,Medium
P09868,89,Female,68.0,85.0,91,24,92.8,37.4,50.0,0.68,No,No,No,Cardiac,Abnormal,13,High
P09869,36,Male,96.0,172.0,91,26,94.3,36.9,136.2,2.1,No,No,No,Cardiac,Normal,2,Low
P09870,39,Male,79.0,108.0,60,19,91.1,36.3,115.9,1.64,No,No,No,Diabetes,Normal,3,Low
P09871,50,Female,102.0,160.0,83,13,100.0,37.2,112.6,3.44,No,No,Yes,None,Normal,5,Medium
P09872,55,Male,49.0,119.0,83,14,96.0,36.8,130.2,0.92,No,No,No,Cardiac,Normal,1,Low
P09873,52,Male,100.0,97.0,67,15,93.3,35.5,105.2,0.87,No,Yes,No,Diabetes,Normal,7,Medium
P09874,84,Female,72.0,138.0,83,23,92.8,37.1,,1.33,No,No,No,None,Normal,7,Medium
P09875,27,Male,70.0,115.0,54,15,92.4,36.2,69.3,2.27,No,Yes,No,Multiple,Abnormal,7,Medium
P09876,32,Female,105.0,120.0,64,23,97.1,37.1,71.8,2.28,Yes,No,No,Cardiac,Normal,4,Medium
P09877,28,Female,108.0,129.0,87,10,91.0,36.9,141.7,1.36,No,No,No,Hypertension,Abnormal,6,Medium
P09878,41,Female,106.0,105.0,78,19,95.5,37.3,190.4,2.61,No,No,No,None,Abnormal,4,Medium
P09879,21,Male,126.0,84.0,79,14,,35.2,96.2,1.45,No,No,No,Respiratory,Normal,7,Medium
P09880,30,Female,110.0,124.0,75,21,94.2,36.2,219.1,2.48,No,No,No,None,Normal,1,Low
P09881,90,Male,69.0,149.0,86,17,93.0,37.1,50.0,0.69,No,No,Yes,None,Normal,9,High
P09882,74,Female,88.0,102.0,87,22,98.5,39.3,94.7,1.03,No,No,No,Diabetes,Normal,3,Low
P09883,54,Female,78.0,129.0,90,16,,37.1,122.3,1.47,No,No,No,Cardiac,Normal,3,Low
P09884,65,Male,126.0,163.0,80,18,95.2,36.6,50.0,1.75,No,No,No,Multiple,Abnormal,9,High
P09885,88,Male,107.0,123.0,72,22,96.3,37.7,175.9,1.13,No,No,No,None,Abnormal,5,Medium
P09886,18,Male,81.0,127.0,70,17,94.2,36.5,87.3,1.12,Yes,No,No,None,Normal,1,Low
P09887,77,Female,103.0,126.0,62,18,92.4,37.3,116.3,2.16,No,No,No,None,Normal,5,Medium
P09888,29,Male,60.0,108.0,72,22,94.3,37.0,132.9,2.45,Yes,No,No,Cardiac,Normal,2,Low
P09889,38,Female,90.0,100.0,69,18,97.0,37.9,51.4,1.18,Yes,Yes,No,Hypertension,Abnormal,7,Medium
P09890,28,Male,66.0,100.0,102,10,93.8,37.5,212.3,0.73,No,No,No,Cardiac,Normal,3,Low
P09891,61,Female,51.0,134.0,62,15,97.4,36.6,120.3,1.88,No,No,No,Multiple,Abnormal,5,Medium
P09892,75,Female,101.0,144.0,94,8,95.2,35.8,101.4,2.17,No,No,Yes,Hypertension,Abnormal,10,High
P09893,61,Female,103.0,145.0,74,17,94.2,36.1,70.6,0.96,No,Yes,No,None,Abnormal,5,Medium
P09894,51,Female,94.0,116.0,75,20,93.8,37.2,123.2,3.14,No,Yes,No,Respiratory,Normal,5,Medium
P09895,42,Male,81.0,152.0,84,19,96.7,37.0,52.0,1.1,No,No,No,None,Normal,2,Low
P09896,21,Male,60.0,133.0,57,25,99.4,37.0,120.6,1.59,Yes,No,No,Diabetes,Normal,3,Low
P09897,81,Female,62.0,127.0,66,24,96.4,37.2,170.9,1.6,Yes,No,No,Multiple,Normal,6,Medium
P09898,33,Female,66.0,70.0,59,19,93.1,36.3,161.6,1.15,No,Yes,No,Diabetes,Normal,7,Medium
P09899,27,Male,80.0,105.0,72,8,99.3,36.9,92.8,3.25,No,No,No,Hypertension,Normal,2,Low
P09900,83,Male,107.0,87.0,64,21,93.3,37.0,103.9,1.05,No,No,No,Multiple,Normal,10,High
P09901,52,Male,106.0,141.0,98,14,100.0,35.8,136.7,3.19,No,No,No,Hypertension,Normal,4,Medium
P09902,23,Male,52.0,127.0,69,22,95.5,36.5,162.3,1.56,No,Yes,No,Multiple,Normal,3,Low
P09903,36,Male,71.0,98.0,42,20,93.4,37.3,,1.56,No,No,No,None,Normal,4,Medium
P09904,76,Male,71.0,133.0,73,21,97.7,37.6,180.2,1.28,No,No,Yes,None,Normal,5,Medium
P09905,70,Female,45.0,89.0,90,21,95.1,36.4,77.7,2.35,No,No,Yes,None,Normal,7,Medium
P09906,25,Male,96.0,99.0,102,30,97.3,37.4,145.1,3.39,No,No,No,Multiple,Normal,6,Medium
P09907,27,Male,80.0,107.0,75,21,96.3,36.5,59.7,1.35,No,No,No,None,Abnormal,4,Medium
P09908,84,Female,83.0,139.0,70,12,91.9,36.3,96.5,1.56,No,No,No,Respiratory,Normal,5,Medium
P09909,55,Male,112.0,160.0,78,23,95.8,38.5,68.0,2.97,No,No,No,None,Normal,3,Low
P09910,46,Male,87.0,110.0,84,16,97.5,36.7,,0.91,No,Yes,No,Multiple,Normal,3,Low
P09911,32,Male,76.0,158.0,61,25,96.3,35.8,124.7,1.17,No,No,No,None,Normal,2,Low
P09912,40,Female,96.0,126.0,74,26,99.8,36.6,87.3,2.9,No,No,No,None,Normal,2,Low
P09913,63,Male,106.0,131.0,77,21,96.9,36.8,126.5,2.14,No,Yes,Yes,Respiratory,Normal,7,Medium
P09914,45,Female,91.0,123.0,79,12,95.3,37.7,66.7,,No,No,Yes,Diabetes,Normal,4,Medium
P09915,43,Male,99.0,120.0,76,16,96.6,36.7,134.4,2.3,No,No,No,Respiratory,Normal,1,Low
P09916,27,Female,82.0,136.0,64,25,94.5,37.3,97.8,0.57,No,Yes,No,Hypertension,Abnormal,5,Medium
P09917,64,Male,83.0,144.0,83,28,97.1,37.9,103.3,2.67,No,No,No,Diabetes,Normal,4,Medium
P09918,21,Male,87.0,103.0,77,18,97.1,36.5,63.0,0.5,Yes,Yes,No,Hypertension,Normal,3,Low
P09919,72,Male,70.0,120.0,77,17,92.3,37.2,155.8,0.98,No,Yes,No,Hypertension,Normal,5,Medium
P09920,83,Female,74.0,167.0,62,12,98.3,36.9,120.6,2.1,No,Yes,No,Diabetes,Normal,4,Medium
P09921,84,Male,113.0,129.0,88,12,100.0,37.2,136.6,0.79,No,No,Yes,Cardiac,Abnormal,9,High
P09922,24,Male,125.0,132.0,64,19,97.6,37.1,63.9,1.81,No,Yes,No,None,Normal,3,Low
P09923,72,Female,117.0,154.0,102,22,89.9,37.1,142.0,2.25,No,No,No,Cardiac,Abnormal,9,High
P09924,48,Female,59.0,112.0,60,11,94.7,36.8,116.6,1.21,No,No,No,Hypertension,Normal,1,Low
P09925,36,Female,57.0,124.0,89,22,92.2,37.0,95.2,1.7,No,No,No,Respiratory,Normal,3,Low
P09926,45,Male,61.0,145.0,49,25,95.1,36.8,170.1,2.47,Yes,No,No,None,Normal,2,Low
P09927,45,Female,88.0,156.0,44,21,98.1,38.9,131.4,2.16,No,No,Yes,None,Normal,4,Medium
P09928,36,Male,45.0,70.0,70,26,93.8,37.5,133.1,3.01,No,No,No,Cardiac,Normal,8,High
P09929,37,Female,73.0,107.0,44,20,100.0,37.0,50.0,1.13,Yes,No,No,None,Abnormal,5,Medium
P09930,30,Female,113.0,100.0,89,20,87.4,36.7,158.2,1.0,No,No,No,Multiple,Abnormal,9,High
P09931,60,Male,105.0,122.0,78,20,95.3,37.8,132.9,,No,No,Yes,Cardiac,Abnormal,9,High
P09932,28,Male,75.0,102.0,99,25,97.1,36.3,164.5,2.1,Yes,No,No,Cardiac,Normal,3,Low
P09933,65,Male,76.0,142.0,75,21,92.3,36.0,91.3,1.6,Yes,No,No,Multiple,Normal,6,Medium
P09934,32,Male,96.0,129.0,82,15,92.7,35.9,86.5,1.33,Yes,Yes,No,Hypertension,Normal,6,Medium
P09935,34,Female,104.0,147.0,74,20,98.3,38.0,179.6,2.45,Yes,No,Yes,Multiple,Normal,7,Medium
P09936,71,Female,74.0,149.0,65,20,100.0,38.0,153.3,1.49,Yes,Yes,Yes,None,Normal,6,Medium
P09937,67,Female,80.0,142.0,72,17,100.0,37.1,57.9,2.42,No,No,Yes,Diabetes,Normal,7,Medium
P09938,45,Male,74.0,117.0,60,23,95.0,36.6,115.6,2.81,No,No,No,Respiratory,Normal,3,Low
P09939,21,Male,58.0,128.0,84,18,,36.6,155.9,1.88,No,No,No,Hypertension,Normal,1,Low
P09940,39,Female,81.0,113.0,73,22,95.8,38.6,122.1,0.71,Yes,No,No,Hypertension,Abnormal,5,Medium
P09941,56,Female,79.0,91.0,76,21,98.8,36.9,93.0,2.25,No,Yes,No,Diabetes,Abnormal,6,Medium
P09942,51,Male,60.0,149.0,120,14,95.4,37.3,88.2,2.69,No,No,No,Hypertension,Normal,2,Low
P09943,61,Female,98.0,123.0,72,13,92.6,36.6,117.6,2.76,No,No,No,Diabetes,Normal,5,Medium
P09944,59,Female,95.0,87.0,83,14,100.0,37.1,155.8,1.93,Yes,No,No,Respiratory,Normal,5,Medium
P09945,57,Female,99.0,138.0,77,18,100.0,37.3,,0.5,No,No,No,Diabetes,Normal,1,Low
P09946,29,Male,70.0,119.0,95,26,94.7,38.4,50.0,1.44,No,No,No,None,Normal,3,Low
P09947,19,Female,45.0,74.0,82,18,98.8,36.9,98.8,1.4,Yes,No,No,None,Normal,4,Medium
P09948,45,Male,94.0,91.0,74,20,95.6,37.4,133.0,2.48,Yes,No,No,Multiple,Normal,5,Medium
P09949,84,Female,72.0,107.0,112,22,100.0,36.7,141.9,2.13,No,No,No,Cardiac,Normal,3,Low
P09950,88,Male,67.0,130.0,65,16,91.5,37.1,74.4,2.52,No,No,No,None,Normal,5,Medium
P09951,89,Female,60.0,145.0,75,16,95.5,37.3,125.8,1.26,No,No,No,Diabetes,Normal,3,Low
P09952,27,Female,79.0,144.0,92,23,91.7,36.8,89.5,1.97,No,Yes,No,Hypertension,Normal,5,Medium
P09953,74,Female,117.0,140.0,66,21,91.2,37.2,144.4,0.5,No,No,No,Hypertension,Abnormal,7,Medium
P09954,54,Male,75.0,124.0,89,15,95.7,36.4,109.7,1.47,No,No,No,Multiple,Abnormal,4,Medium
P09955,81,Female,63.0,168.0,71,16,94.6,37.4,148.5,0.61,No,No,No,Hypertension,Normal,3,Low
P09956,57,Female,98.0,142.0,93,18,93.0,37.0,117.7,3.19,No,No,No,Multiple,Normal,5,Medium
P09957,77,Male,88.0,131.0,93,20,98.5,36.6,135.0,2.17,No,No,No,Respiratory,Abnormal,5,Medium
P09958,65,Male,45.0,139.0,77,24,99.9,36.9,97.3,2.14,No,No,No,Hypertension,Normal,3,Low
P09959,36,Female,98.0,115.0,63,21,97.5,38.0,86.6,0.82,No,No,No,Diabetes,Normal,1,Low
P09960,89,Female,128.0,124.0,72,13,90.4,36.9,103.6,1.7,No,No,No,Multiple,Abnormal,10,High
P09961,50,Female,45.0,73.0,78,14,97.0,37.3,139.7,2.33,No,No,No,None,Normal,3,Low
P09962,61,Female,60.0,115.0,91,20,97.0,37.3,216.0,1.1,No,Yes,No,Respiratory,Normal,3,Low
P09963,54,Female,45.0,169.0,83,19,93.5,37.5,165.4,1.43,No,No,No,Hypertension,Abnormal,5,Medium
P09964,53,Male,83.0,129.0,86,14,97.0,36.1,175.8,2.69,No,Yes,No,Hypertension,Abnormal,5,Medium
P09965,38,Female,105.0,128.0,83,23,94.5,36.2,110.8,0.94,No,No,No,Multiple,Normal,4,Medium
P09966,19,Male,87.0,150.0,91,8,93.5,36.4,93.5,1.45,No,Yes,No,None,Normal,3,Low
P09967,48,Male,113.0,134.0,75,20,92.5,37.5,50.0,1.15,Yes,No,No,None,Abnormal,8,High
P09968,47,Female,102.0,105.0,80,10,98.5,37.2,91.1,2.07,Yes,Yes,No,Cardiac,Normal,4,Medium
P09969,61,Male,119.0,126.0,78,22,99.9,37.2,59.8,2.42,Yes,No,No,None,Normal,5,Medium
P09970,29,Female,108.0,97.0,71,17,95.6,36.9,145.7,3.08,No,No,No,None,Normal,4,Medium
P09971,68,Male,77.0,130.0,93,22,99.0,35.9,107.1,2.12,No,Yes,No,Multiple,Normal,5,Medium
P09972,66,Male,86.0,104.0,93,16,100.0,36.5,62.2,2.8,No,No,No,Diabetes,Normal,3,Low
P09973,41,Female,,148.0,96,25,96.4,37.2,136.9,2.09,No,Yes,No,Diabetes,Normal,3,Low
P09974,41,Female,80.0,112.0,67,9,95.8,36.9,127.7,0.71,No,Yes,No,None,Normal,1,Low
P09975,77,Male,86.0,104.0,83,22,97.4,37.1,69.7,,No,No,Yes,Multiple,Abnormal,9,High
P09976,28,Female,83.0,122.0,94,15,93.5,35.8,175.5,1.84,No,Yes,No,None,Normal,4,Medium
P09977,30,Female,112.0,134.0,101,20,97.6,37.0,84.9,2.65,No,No,No,Hypertension,Normal,3,Low
P09978,89,Male,78.0,95.0,55,20,96.5,35.3,138.9,1.72,Yes,Yes,No,None,Normal,7,Medium
P09979,89,Male,66.0,112.0,78,11,92.1,36.0,110.0,1.5,Yes,No,No,None,Abnormal,7,Medium
P09980,81,Male,68.0,128.0,75,23,92.1,36.2,180.9,1.12,No,No,No,None,Normal,5,Medium
P09981,37,Female,98.0,158.0,102,20,93.0,35.5,151.8,1.59,Yes,No,No,Multiple,Normal,6,Medium
P09982,89,Female,57.0,70.0,45,19,97.5,36.4,71.1,1.73,No,No,No,None,Normal,5,Medium
P09983,90,Female,81.0,140.0,62,20,95.0,37.2,187.8,2.28,No,No,No,None,Abnormal,4,Medium
P09984,88,Male,112.0,115.0,99,19,95.9,37.9,64.3,1.15,Yes,No,No,Diabetes,Abnormal,7,Medium
P09985,45,Female,91.0,113.0,71,22,100.0,36.6,72.6,3.67,No,Yes,Yes,Diabetes,Abnormal,8,High
P09986,19,Male,84.0,108.0,58,16,97.3,36.5,179.9,1.08,No,No,No,None,Normal,0,Low
P09987,60,Male,84.0,116.0,101,22,94.1,36.9,113.9,0.78,No,No,No,Respiratory,Normal,2,Low
P09988,25,Male,64.0,141.0,57,21,93.0,36.8,127.5,2.21,Yes,No,No,Multiple,Normal,5,Medium
P09989,30,Male,68.0,112.0,93,17,96.9,36.2,131.9,0.78,No,Yes,No,Cardiac,Abnormal,4,Medium
P09990,52,Male,81.0,166.0,55,27,93.1,37.4,71.9,1.82,No,No,No,None,Normal,3,Low
P09991,40,Male,90.0,141.0,56,20,99.8,36.8,190.2,1.25,No,No,No,Hypertension,Abnormal,3,Low
P09992,63,Male,104.0,130.0,81,19,96.7,36.5,202.8,2.32,Yes,No,No,Diabetes,Normal,4,Medium
P09993,32,Female,87.0,121.0,65,21,96.4,36.5,50.0,1.92,Yes,Yes,No,Multiple,Normal,6,Medium
P09994,19,Male,112.0,155.0,82,17,93.1,38.9,97.0,2.71,Yes,No,No,Hypertension,Normal,7,Medium
P09995,78,Female,117.0,158.0,105,24,97.9,37.6,142.2,2.14,No,Yes,No,None,Abnormal,7,Medium
P09996,81,Female,101.0,96.0,76,18,99.4,36.7,110.5,1.84,No,No,No,None,Normal,5,Medium
P09997,69,Female,109.0,107.0,102,22,95.6,35.1,93.3,1.96,No,No,No,None,Normal,3,Low
P09998,53,Female,65.0,141.0,83,13,98.8,35.6,137.5,1.02,Yes,No,No,None,Normal,2,Low
P09999,84,Female,62.0,148.0,92,9,94.8,37.1,141.4,1.24,No,Yes,No,Respiratory,Normal,4,Medium
P10000,86,Male,95.0,117.0,43,20,95.8,36.8,182.7,1.98,No,No,No,Hypertension,Abnormal,5,Medium
